[{"pk": 12, "model": "pingpong.player", "fields": {"club": "Velenje", "gender": null, "category": 2, "surname": "Vodu\u0161ek", "name": "Tadej"}}, {"pk": 13, "model": "pingpong.player", "fields": {"club": "", "gender": null, "category": 2, "surname": "Ker\u0161i\u010d", "name": "Slavko"}}, {"pk": 14, "model": "pingpong.player", "fields": {"club": "Izlake", "gender": null, "category": 2, "surname": "Pal\u010di\u010d", "name": "Damjan"}}, {"pk": 15, "model": "pingpong.player", "fields": {"club": "Trojane", "gender": null, "category": 2, "surname": "Zore", "name": "Lojze"}}, {"pk": 16, "model": "pingpong.player", "fields": {"club": "Sti\u010dna", "gender": null, "category": 2, "surname": "Kuhelj", "name": "Bojan"}}, {"pk": 17, "model": "pingpong.player", "fields": {"club": "MB", "gender": null, "category": 2, "surname": "Konji\u010dek", "name": "Boris"}}, {"pk": 18, "model": "pingpong.player", "fields": {"club": "", "gender": null, "category": 2, "surname": "Sen\u010dar", "name": "Marjan"}}, {"pk": 19, "model": "pingpong.player", "fields": {"club": "", "gender": null, "category": 2, "surname": "Cerar", "name": "Uro\u0161"}}, {"pk": 20, "model": "pingpong.player", "fields": {"club": "", "gender": null, "category": 2, "surname": "\u0160majgl", "name": "Matja\u017e"}}, {"pk": 21, "model": "pingpong.player", "fields": {"club": "", "gender": null, "category": 2, "surname": "Vodlan", "name": "Bla\u017e"}}, {"pk": 22, "model": "pingpong.player", "fields": {"club": "", "gender": null, "category": 3, "surname": "Pisani", "name": "Paolo"}}, {"pk": 23, "model": "pingpong.player", "fields": {"club": "", "gender": null, "category": 3, "surname": "Parisini", "name": "Davide"}}, {"pk": 24, "model": "pingpong.player", "fields": {"club": "", "gender": null, "category": 3, "surname": "Mencingar", "name": "Marjan"}}, {"pk": 25, "model": "pingpong.player", "fields": {"club": "", "gender": null, "category": 3, "surname": "Vizjak", "name": "Darijan"}}, {"pk": 26, "model": "pingpong.player", "fields": {"club": "Ravne", "gender": null, "category": 3, "surname": "G\u00fcnther", "name": "Erih"}}, {"pk": 27, "model": "pingpong.player", "fields": {"club": "Tr\u017ei\u010d", "gender": null, "category": 3, "surname": "Ul\u010dnik", "name": "Matej"}}, {"pk": 28, "model": "pingpong.player", "fields": {"club": "Celje", "gender": null, "category": 3, "surname": "Zalaznik", "name": "Jo\u017ee"}}, {"pk": 29, "model": "pingpong.player", "fields": {"club": "", "gender": null, "category": 3, "surname": "\u0160aus", "name": "Marjan"}}, {"pk": 30, "model": "pingpong.player", "fields": {"club": "", "gender": null, "category": 3, "surname": "Vidmar", "name": "Klemen"}}, {"pk": 31, "model": "pingpong.player", "fields": {"club": "", "gender": null, "category": 3, "surname": "Maselj", "name": "Bojan"}}, {"pk": 32, "model": "pingpong.player", "fields": {"club": "", "gender": null, "category": 3, "surname": "Zore", "name": "Janez"}}, {"pk": 33, "model": "pingpong.player", "fields": {"club": "", "gender": null, "category": 3, "surname": "Kova\u010di\u010d", "name": "Jernej"}}, {"pk": 34, "model": "pingpong.player", "fields": {"club": "vl", "gender": null, "category": 3, "surname": "Sever", "name": "Igor"}}, {"pk": 35, "model": "pingpong.player", "fields": {"club": "", "gender": null, "category": 3, "surname": "Serdin\u0161ek", "name": "Igor"}}, {"pk": 36, "model": "pingpong.player", "fields": {"club": "", "gender": null, "category": 3, "surname": "Sla\u010dek", "name": "Silvo"}}, {"pk": 37, "model": "pingpong.player", "fields": {"club": "", "gender": null, "category": 3, "surname": "\u0160tor", "name": "Gorazd"}}, {"pk": 38, "model": "pingpong.player", "fields": {"club": "", "gender": null, "category": 3, "surname": "Merc", "name": "Miran"}}, {"pk": 39, "model": "pingpong.player", "fields": {"club": "Kamnik", "gender": null, "category": 3, "surname": "Horvat", "name": "Edo"}}, {"pk": 40, "model": "pingpong.player", "fields": {"club": "\u017diri", "gender": null, "category": 3, "surname": "Makovec", "name": "Darko"}}, {"pk": 41, "model": "pingpong.player", "fields": {"club": "", "gender": null, "category": 3, "surname": "Senega\u010dnik", "name": "Boris"}}, {"pk": 42, "model": "pingpong.player", "fields": {"club": "Ljutomer", "gender": null, "category": 3, "surname": "Fijav\u017e", "name": "Darko"}}, {"pk": 44, "model": "pingpong.player", "fields": {"club": "", "gender": null, "category": 10, "surname": "Mo\u017eek", "name": "Toma\u017e"}}, {"pk": 45, "model": "pingpong.player", "fields": {"club": "Izlake", "gender": null, "category": 10, "surname": "Zupan\u010di\u010d", "name": "Simon"}}, {"pk": 46, "model": "pingpong.player", "fields": {"club": "", "gender": null, "category": 10, "surname": "Kova\u010di\u010d", "name": "Nejc"}}, {"pk": 47, "model": "pingpong.player", "fields": {"club": "", "gender": null, "category": 10, "surname": "Mlakar", "name": "Luka"}}, {"pk": 48, "model": "pingpong.player", "fields": {"club": "\u0160marje", "gender": null, "category": 10, "surname": "Jane\u017ei\u010d", "name": "Martin"}}, {"pk": 49, "model": "pingpong.player", "fields": {"club": "Trbovlje", "gender": null, "category": 10, "surname": "Re\u017eun", "name": "Miha"}}, {"pk": 50, "model": "pingpong.player", "fields": {"club": "Ajdov\u0161\u010dina", "gender": null, "category": 10, "surname": "Premrl", "name": "Dejan"}}, {"pk": 51, "model": "pingpong.player", "fields": {"club": "", "gender": null, "category": 10, "surname": "Zupan\u010di\u010d", "name": "Iztok"}}, {"pk": 52, "model": "pingpong.player", "fields": {"club": "", "gender": null, "category": 10, "surname": "Oblak", "name": "\u017diga"}}, {"pk": 53, "model": "pingpong.player", "fields": {"club": "", "gender": null, "category": 10, "surname": "Ivanovski", "name": "Sa\u0161o"}}, {"pk": 54, "model": "pingpong.player", "fields": {"club": "", "gender": null, "category": 10, "surname": "Cvetko", "name": "Matej"}}, {"pk": 55, "model": "pingpong.player", "fields": {"club": "", "gender": null, "category": 10, "surname": "Lesar", "name": "Marko"}}, {"pk": 56, "model": "pingpong.player", "fields": {"club": "Trbovlje", "gender": null, "category": 2, "surname": "Potrbin", "name": "Andrej"}}, {"pk": 57, "model": "pingpong.player", "fields": {"club": "Gorenje", "gender": null, "category": 4, "surname": "Te\u0161anovi\u010d", "name": "Spasoje"}}, {"pk": 58, "model": "pingpong.player", "fields": {"club": "Velenje", "gender": null, "category": 4, "surname": "Vodu\u0161ek", "name": "Fredi"}}, {"pk": 59, "model": "pingpong.player", "fields": {"club": "Celje", "gender": null, "category": 4, "surname": "Hacin", "name": "Slavko"}}, {"pk": 60, "model": "pingpong.player", "fields": {"club": "Celje", "gender": null, "category": 4, "surname": "\u010cikojevi\u010d", "name": "Nedeljko"}}, {"pk": 61, "model": "pingpong.player", "fields": {"club": "Puconci", "gender": null, "category": 4, "surname": "Fartek", "name": "Jo\u017ee"}}, {"pk": 62, "model": "pingpong.player", "fields": {"club": "", "gender": null, "category": 4, "surname": "Rauh", "name": "Bojan"}}, {"pk": 63, "model": "pingpong.player", "fields": {"club": "\u0160empas", "gender": null, "category": 4, "surname": "\u017di\u017emond", "name": "Milan"}}, {"pk": 64, "model": "pingpong.player", "fields": {"club": "", "gender": null, "category": 4, "surname": "Supani\u010d", "name": "Bojan"}}, {"pk": 65, "model": "pingpong.player", "fields": {"club": "\u0160en\u010dur", "gender": null, "category": 5, "surname": "Kozjek", "name": "Ciril"}}, {"pk": 66, "model": "pingpong.player", "fields": {"club": "Duplje", "gender": null, "category": 5, "surname": "Rakovec", "name": "Brane"}}, {"pk": 67, "model": "pingpong.player", "fields": {"club": "Zalog", "gender": null, "category": 5, "surname": "\u0160emrov", "name": "Miro"}}, {"pk": 68, "model": "pingpong.player", "fields": {"club": "Koper", "gender": null, "category": 5, "surname": "Trbovc", "name": "Drago"}}, {"pk": 69, "model": "pingpong.player", "fields": {"club": "", "gender": null, "category": 5, "surname": "\u017dek\u0161", "name": "Jo\u017ee"}}, {"pk": 70, "model": "pingpong.player", "fields": {"club": "Gorica", "gender": null, "category": 5, "surname": "\u010cargo", "name": "Zdenko"}}, {"pk": 71, "model": "pingpong.player", "fields": {"club": "Gorica", "gender": null, "category": 5, "surname": "Varl", "name": "Igor"}}, {"pk": 72, "model": "pingpong.player", "fields": {"club": "", "gender": null, "category": 5, "surname": "Lesnik", "name": "Andrej"}}, {"pk": 73, "model": "pingpong.player", "fields": {"club": "", "gender": null, "category": 5, "surname": "\u0160koberne", "name": "Boris"}}, {"pk": 74, "model": "pingpong.player", "fields": {"club": "Kri\u017ee", "gender": null, "category": 6, "surname": "Muzik", "name": "Janez"}}, {"pk": 75, "model": "pingpong.player", "fields": {"club": "", "gender": null, "category": 6, "surname": "Keni\u010d", "name": "Ivan"}}, {"pk": 76, "model": "pingpong.player", "fields": {"club": "", "gender": null, "category": 6, "surname": "Gla\u017ear", "name": "Stane"}}, {"pk": 77, "model": "pingpong.player", "fields": {"club": "Postojna", "gender": null, "category": 6, "surname": "Bergo\u010d", "name": "Dario"}}, {"pk": 78, "model": "pingpong.player", "fields": {"club": "LJ", "gender": null, "category": 6, "surname": "Burger", "name": "Maks"}}, {"pk": 79, "model": "pingpong.player", "fields": {"club": "Bled", "gender": null, "category": 6, "surname": "Torkar", "name": "Miha"}}, {"pk": 80, "model": "pingpong.player", "fields": {"club": "Gorenje", "gender": null, "category": 7, "surname": "Leber", "name": "Tone"}}, {"pk": 81, "model": "pingpong.player", "fields": {"club": "", "gender": null, "category": 7, "surname": "Klosternik", "name": "Janez"}}, {"pk": 82, "model": "pingpong.player", "fields": {"club": "Kranj", "gender": null, "category": 7, "surname": "Pretnar", "name": "Vinko"}}, {"pk": 83, "model": "pingpong.player", "fields": {"club": "", "gender": null, "category": 7, "surname": "Ob\u0161tetar", "name": "Janez"}}, {"pk": 84, "model": "pingpong.player", "fields": {"club": "M. Sobota", "gender": null, "category": 3, "surname": "Vin\u010dec", "name": "Igor"}}, {"pk": 85, "model": "pingpong.player", "fields": {"club": "", "gender": null, "category": 8, "surname": "Grad", "name": "Lucija"}}, {"pk": 86, "model": "pingpong.player", "fields": {"club": "Radlje", "gender": null, "category": 8, "surname": "Lesnik", "name": "Doris"}}, {"pk": 87, "model": "pingpong.player", "fields": {"club": "vl", "gender": null, "category": 8, "surname": "Zidar Zupan", "name": "Alenka"}}, {"pk": 88, "model": "pingpong.player", "fields": {"club": "Ravne", "gender": null, "category": 8, "surname": "Lebari\u010d", "name": "Janja"}}, {"pk": 91, "model": "pingpong.player", "fields": {"club": "", "gender": null, "category": 9, "surname": "Lapanja", "name": "Dragica"}}, {"pk": 92, "model": "pingpong.player", "fields": {"club": "", "gender": null, "category": 9, "surname": "Krmelj", "name": "Milana"}}, {"pk": 93, "model": "pingpong.player", "fields": {"club": "", "gender": null, "category": 9, "surname": "\u0160ebjani\u010d Pupis", "name": "Jasna"}}, {"pk": 94, "model": "pingpong.player", "fields": {"club": "\u017diri", "gender": null, "category": 9, "surname": "Mlinar", "name": "Vida"}}, {"pk": 95, "model": "pingpong.player", "fields": {"club": "", "gender": null, "category": 11, "surname": "Grad", "name": "Lucija"}}, {"pk": 96, "model": "pingpong.player", "fields": {"club": "Radlje", "gender": null, "category": 11, "surname": "Lesnik", "name": "Doris"}}, {"pk": 97, "model": "pingpong.player", "fields": {"club": "vl", "gender": null, "category": 11, "surname": "Zidar Zupan", "name": "Alenka"}}, {"pk": 98, "model": "pingpong.player", "fields": {"club": "Ravne", "gender": null, "category": 11, "surname": "Lebari\u010d", "name": "Janja"}}, {"pk": 99, "model": "pingpong.player", "fields": {"club": "", "gender": null, "category": 11, "surname": "Lapanja", "name": "Dragica"}}, {"pk": 100, "model": "pingpong.player", "fields": {"club": "", "gender": null, "category": 11, "surname": "Krmelj", "name": "Milana"}}, {"pk": 101, "model": "pingpong.player", "fields": {"club": "", "gender": null, "category": 11, "surname": "\u0160ebjani\u010d Pupis", "name": "Jasna"}}, {"pk": 102, "model": "pingpong.player", "fields": {"club": "", "gender": null, "category": 11, "surname": "Mlinar", "name": "Vida"}}, {"pk": 103, "model": "pingpong.player", "fields": {"club": "", "gender": null, "category": 13, "surname": "K. Vidmar", "name": "M. \u0160aus"}}, {"pk": 104, "model": "pingpong.player", "fields": {"club": "", "gender": null, "category": 13, "surname": "D. Pal\u010di\u010d", "name": "I. Serdin\u0161ek"}}, {"pk": 105, "model": "pingpong.player", "fields": {"club": "", "gender": null, "category": 13, "surname": "B. Konji\u010dek", "name": "D. Fijav\u017e"}}, {"pk": 106, "model": "pingpong.player", "fields": {"club": "", "gender": null, "category": 13, "surname": "B. Senega\u010dnik", "name": "A. Lesnik"}}, {"pk": 107, "model": "pingpong.player", "fields": {"club": "", "gender": null, "category": 13, "surname": "B. Supani\u010d", "name": "E. Horvat"}}, {"pk": 108, "model": "pingpong.player", "fields": {"club": "", "gender": null, "category": 13, "surname": "B. Maselj", "name": "L. Zore"}}, {"pk": 109, "model": "pingpong.player", "fields": {"club": "", "gender": null, "category": 13, "surname": "M. \u017di\u017emond", "name": "M. \u0160majgl"}}, {"pk": 110, "model": "pingpong.player", "fields": {"club": "", "gender": null, "category": 13, "surname": "S. Ker\u0161i\u010d", "name": "M. Ul\u010dnik"}}, {"pk": 111, "model": "pingpong.player", "fields": {"club": "", "gender": null, "category": 13, "surname": "G. \u0160tor", "name": "D. Vizjak"}}, {"pk": 112, "model": "pingpong.player", "fields": {"club": "", "gender": null, "category": 13, "surname": "A. Potrbin", "name": "J. Zore"}}, {"pk": 113, "model": "pingpong.player", "fields": {"club": "", "gender": null, "category": 13, "surname": "T. Vodu\u0161ek", "name": "B. Vodlan"}}, {"pk": 114, "model": "pingpong.player", "fields": {"club": "", "gender": null, "category": 12, "surname": "M. Mencingar", "name": "L. Grad"}}, {"pk": 115, "model": "pingpong.player", "fields": {"club": "", "gender": null, "category": 12, "surname": "N. Kova\u010di\u010d", "name": "S. Zupan\u010di\u010d"}}, {"pk": 116, "model": "pingpong.player", "fields": {"club": "", "gender": null, "category": 12, "surname": "M. Cvetko", "name": "S. Ivanovski"}}, {"pk": 117, "model": "pingpong.player", "fields": {"club": "", "gender": null, "category": 12, "surname": "S. Sla\u010dek", "name": "M. Sen\u010dar"}}, {"pk": 118, "model": "pingpong.player", "fields": {"club": "", "gender": null, "category": 12, "surname": "T. Mo\u017eek", "name": "I. Zupan\u010di\u010d"}}, {"pk": 119, "model": "pingpong.player", "fields": {"club": "", "gender": null, "category": 12, "surname": "D. Premrl", "name": "M. Re\u017eun"}}, {"pk": 120, "model": "pingpong.player", "fields": {"club": "", "gender": null, "category": 12, "surname": "B. Kuhelj", "name": "L. Mlakar"}}, {"pk": 2, "model": "pingpong.category", "fields": {"max_age": null, "name": "M40-49", "gender": null, "min_age": null, "type": 0, "description": "Mo\u0161ki 40 do 49 let"}}, {"pk": 3, "model": "pingpong.category", "fields": {"max_age": null, "name": "M50-59", "gender": null, "min_age": null, "type": 0, "description": "Mo\u0161ki 50 do 59 let"}}, {"pk": 4, "model": "pingpong.category", "fields": {"max_age": null, "name": "M60-64", "gender": null, "min_age": null, "type": 0, "description": "Mo\u0161ki 60 do 64 let"}}, {"pk": 5, "model": "pingpong.category", "fields": {"max_age": null, "name": "M65-69", "gender": null, "min_age": null, "type": 0, "description": "Mo\u0161ki 65 do 69 let"}}, {"pk": 6, "model": "pingpong.category", "fields": {"max_age": null, "name": "M70-74", "gender": null, "min_age": null, "type": 0, "description": "Mo\u0161ki 70 do 74 let"}}, {"pk": 7, "model": "pingpong.category", "fields": {"max_age": null, "name": "M>75", "gender": null, "min_age": null, "type": 0, "description": "Mo\u0161ki nad 75"}}, {"pk": 8, "model": "pingpong.category", "fields": {"max_age": null, "name": "\u017d<49", "gender": null, "min_age": null, "type": 0, "description": "\u017denske do 49 let"}}, {"pk": 9, "model": "pingpong.category", "fields": {"max_age": null, "name": "\u017d>50", "gender": null, "min_age": null, "type": 0, "description": "\u017denske nad 50 let"}}, {"pk": 10, "model": "pingpong.category", "fields": {"max_age": null, "name": "M<39", "gender": null, "min_age": null, "type": 0, "description": "Mo\u0161ki do 39 let"}}, {"pk": 11, "model": "pingpong.category", "fields": {"max_age": null, "name": "\u017d", "gender": null, "min_age": null, "type": 0, "description": "\u017denske"}}, {"pk": 12, "model": "pingpong.category", "fields": {"max_age": null, "name": "DM<39", "gender": null, "min_age": null, "type": 1, "description": "Mo\u0161ke dvojice do 39 let"}}, {"pk": 13, "model": "pingpong.category", "fields": {"max_age": null, "name": "DM40-59", "gender": null, "min_age": null, "type": 1, "description": "Mo\u0161ke dvojice 40 do 59 let"}}, {"pk": 16, "model": "pingpong.category", "fields": {"max_age": null, "name": "DM>60", "gender": null, "min_age": null, "type": 1, "description": "Mo\u0161ke dvojice nad 60 let"}}, {"pk": 17, "model": "pingpong.category", "fields": {"max_age": null, "name": "D\u017d", "gender": null, "min_age": null, "type": 1, "description": "\u017denske dvojice"}}, {"pk": 1, "model": "pingpong.table", "fields": {"display_order": 9, "name": "Miza 1", "short_name": "1"}}, {"pk": 2, "model": "pingpong.table", "fields": {"display_order": 10, "name": "Miza 2", "short_name": "2"}}, {"pk": 3, "model": "pingpong.table", "fields": {"display_order": 11, "name": "Miza 3", "short_name": "3"}}, {"pk": 4, "model": "pingpong.table", "fields": {"display_order": 12, "name": "Miza 4", "short_name": "4"}}, {"pk": 5, "model": "pingpong.table", "fields": {"display_order": 5, "name": "Miza 5", "short_name": "5"}}, {"pk": 6, "model": "pingpong.table", "fields": {"display_order": 6, "name": "Miza 6", "short_name": "6"}}, {"pk": 7, "model": "pingpong.table", "fields": {"display_order": 7, "name": "Miza 7", "short_name": "7"}}, {"pk": 8, "model": "pingpong.table", "fields": {"display_order": 8, "name": "Miza 8", "short_name": "8"}}, {"pk": 9, "model": "pingpong.table", "fields": {"display_order": 1, "name": "Miza 9", "short_name": "9"}}, {"pk": 10, "model": "pingpong.table", "fields": {"display_order": 2, "name": "Miza 10", "short_name": "10"}}, {"pk": 11, "model": "pingpong.table", "fields": {"display_order": 3, "name": "Miza 11", "short_name": "11"}}, {"pk": 12, "model": "pingpong.table", "fields": {"display_order": 4, "name": "Miza 12", "short_name": "12"}}, {"pk": 36, "model": "pingpong.match", "fields": {"status": 3, "player1_bracket_slot": null, "group": 4, "player2_bracket_slot": null, "player2_score": null, "start_time": null, "player2": 46, "ready_time": null, "player1": 44, "end_time": "2017-11-18T09:45:30.884Z", "player1_score": null, "table": null}}, {"pk": 37, "model": "pingpong.match", "fields": {"status": 3, "player1_bracket_slot": null, "group": 4, "player2_bracket_slot": null, "player2_score": null, "start_time": null, "player2": 52, "ready_time": null, "player1": 48, "end_time": "2017-11-18T09:45:30.884Z", "player1_score": null, "table": null}}, {"pk": 38, "model": "pingpong.match", "fields": {"status": 3, "player1_bracket_slot": null, "group": 4, "player2_bracket_slot": null, "player2_score": null, "start_time": null, "player2": 52, "ready_time": null, "player1": 46, "end_time": "2017-11-18T09:45:30.884Z", "player1_score": null, "table": null}}, {"pk": 39, "model": "pingpong.match", "fields": {"status": 3, "player1_bracket_slot": null, "group": 4, "player2_bracket_slot": null, "player2_score": null, "start_time": null, "player2": 48, "ready_time": null, "player1": 44, "end_time": "2017-11-18T09:45:30.884Z", "player1_score": null, "table": null}}, {"pk": 40, "model": "pingpong.match", "fields": {"status": 3, "player1_bracket_slot": null, "group": 4, "player2_bracket_slot": null, "player2_score": null, "start_time": null, "player2": 46, "ready_time": null, "player1": 48, "end_time": "2017-11-18T09:45:30.884Z", "player1_score": null, "table": null}}, {"pk": 41, "model": "pingpong.match", "fields": {"status": 3, "player1_bracket_slot": null, "group": 4, "player2_bracket_slot": null, "player2_score": null, "start_time": null, "player2": 44, "ready_time": null, "player1": 52, "end_time": "2017-11-18T09:45:30.884Z", "player1_score": null, "table": null}}, {"pk": 42, "model": "pingpong.match", "fields": {"status": 3, "player1_bracket_slot": null, "group": 4, "player2_bracket_slot": null, "player2_score": null, "start_time": "2017-11-18T08:16:42.883Z", "player2": null, "ready_time": null, "player1": null, "end_time": "2017-11-18T09:45:30.884Z", "player1_score": null, "table": 1}}, {"pk": 43, "model": "pingpong.match", "fields": {"status": 3, "player1_bracket_slot": null, "group": 5, "player2_bracket_slot": null, "player2_score": null, "start_time": null, "player2": 50, "ready_time": null, "player1": 51, "end_time": "2017-11-18T10:05:58.287Z", "player1_score": null, "table": null}}, {"pk": 44, "model": "pingpong.match", "fields": {"status": 3, "player1_bracket_slot": null, "group": 5, "player2_bracket_slot": null, "player2_score": null, "start_time": null, "player2": 49, "ready_time": null, "player1": 47, "end_time": "2017-11-18T10:05:58.287Z", "player1_score": null, "table": null}}, {"pk": 45, "model": "pingpong.match", "fields": {"status": 3, "player1_bracket_slot": null, "group": 5, "player2_bracket_slot": null, "player2_score": null, "start_time": null, "player2": 49, "ready_time": null, "player1": 50, "end_time": "2017-11-18T10:05:58.287Z", "player1_score": null, "table": null}}, {"pk": 46, "model": "pingpong.match", "fields": {"status": 3, "player1_bracket_slot": null, "group": 5, "player2_bracket_slot": null, "player2_score": null, "start_time": null, "player2": 47, "ready_time": null, "player1": 51, "end_time": "2017-11-18T10:05:58.287Z", "player1_score": null, "table": null}}, {"pk": 47, "model": "pingpong.match", "fields": {"status": 3, "player1_bracket_slot": null, "group": 5, "player2_bracket_slot": null, "player2_score": null, "start_time": null, "player2": 50, "ready_time": null, "player1": 47, "end_time": "2017-11-18T10:05:58.287Z", "player1_score": null, "table": null}}, {"pk": 48, "model": "pingpong.match", "fields": {"status": 3, "player1_bracket_slot": null, "group": 5, "player2_bracket_slot": null, "player2_score": null, "start_time": null, "player2": 51, "ready_time": null, "player1": 49, "end_time": "2017-11-18T10:05:58.287Z", "player1_score": null, "table": null}}, {"pk": 49, "model": "pingpong.match", "fields": {"status": 3, "player1_bracket_slot": null, "group": 5, "player2_bracket_slot": null, "player2_score": null, "start_time": "2017-11-18T08:17:11.549Z", "player2": null, "ready_time": null, "player1": null, "end_time": "2017-11-18T10:05:58.287Z", "player1_score": null, "table": 2}}, {"pk": 50, "model": "pingpong.match", "fields": {"status": 3, "player1_bracket_slot": null, "group": 6, "player2_bracket_slot": null, "player2_score": null, "start_time": null, "player2": 55, "ready_time": null, "player1": 54, "end_time": "2017-11-18T09:50:35.516Z", "player1_score": null, "table": null}}, {"pk": 51, "model": "pingpong.match", "fields": {"status": 3, "player1_bracket_slot": null, "group": 6, "player2_bracket_slot": null, "player2_score": null, "start_time": null, "player2": 45, "ready_time": null, "player1": 53, "end_time": "2017-11-18T09:50:35.516Z", "player1_score": null, "table": null}}, {"pk": 52, "model": "pingpong.match", "fields": {"status": 3, "player1_bracket_slot": null, "group": 6, "player2_bracket_slot": null, "player2_score": null, "start_time": null, "player2": 45, "ready_time": null, "player1": 55, "end_time": "2017-11-18T09:50:35.516Z", "player1_score": null, "table": null}}, {"pk": 53, "model": "pingpong.match", "fields": {"status": 3, "player1_bracket_slot": null, "group": 6, "player2_bracket_slot": null, "player2_score": null, "start_time": null, "player2": 53, "ready_time": null, "player1": 54, "end_time": "2017-11-18T09:50:35.516Z", "player1_score": null, "table": null}}, {"pk": 54, "model": "pingpong.match", "fields": {"status": 3, "player1_bracket_slot": null, "group": 6, "player2_bracket_slot": null, "player2_score": null, "start_time": null, "player2": 55, "ready_time": null, "player1": 53, "end_time": "2017-11-18T09:50:35.516Z", "player1_score": null, "table": null}}, {"pk": 55, "model": "pingpong.match", "fields": {"status": 3, "player1_bracket_slot": null, "group": 6, "player2_bracket_slot": null, "player2_score": null, "start_time": null, "player2": 54, "ready_time": null, "player1": 45, "end_time": "2017-11-18T09:50:35.516Z", "player1_score": null, "table": null}}, {"pk": 56, "model": "pingpong.match", "fields": {"status": 3, "player1_bracket_slot": null, "group": 6, "player2_bracket_slot": null, "player2_score": null, "start_time": "2017-11-18T08:17:29.683Z", "player2": null, "ready_time": null, "player1": null, "end_time": "2017-11-18T09:50:35.516Z", "player1_score": null, "table": 3}}, {"pk": 57, "model": "pingpong.match", "fields": {"status": 3, "player1_bracket_slot": 34, "group": null, "player2_bracket_slot": 35, "player2_score": null, "start_time": null, "player2": null, "ready_time": null, "player1": 48, "end_time": null, "player1_score": null, "table": null}}, {"pk": 58, "model": "pingpong.match", "fields": {"status": 3, "player1_bracket_slot": 37, "group": null, "player2_bracket_slot": 38, "player2_score": 3, "start_time": "2017-11-18T10:44:18.910Z", "player2": 50, "ready_time": null, "player1": 54, "end_time": "2017-11-18T11:13:45.377Z", "player1_score": 2, "table": 4}}, {"pk": 59, "model": "pingpong.match", "fields": {"status": 2, "player1_bracket_slot": 33, "group": null, "player2_bracket_slot": 36, "player2_score": null, "start_time": "2017-11-18T11:59:01.528Z", "player2": 50, "ready_time": null, "player1": 48, "end_time": null, "player1_score": null, "table": 1}}, {"pk": 60, "model": "pingpong.match", "fields": {"status": 2, "player1_bracket_slot": 41, "group": null, "player2_bracket_slot": 42, "player2_score": null, "start_time": "2017-11-18T11:46:22.384Z", "player2": 44, "ready_time": null, "player1": 53, "end_time": null, "player1_score": null, "table": 2}}, {"pk": 61, "model": "pingpong.match", "fields": {"status": 3, "player1_bracket_slot": 44, "group": null, "player2_bracket_slot": 45, "player2_score": null, "start_time": null, "player2": 47, "ready_time": null, "player1": null, "end_time": null, "player1_score": null, "table": null}}, {"pk": 62, "model": "pingpong.match", "fields": {"status": 0, "player1_bracket_slot": 40, "group": null, "player2_bracket_slot": 43, "player2_score": null, "start_time": null, "player2": 47, "ready_time": null, "player1": null, "end_time": null, "player1_score": null, "table": null}}, {"pk": 63, "model": "pingpong.match", "fields": {"status": 0, "player1_bracket_slot": 32, "group": null, "player2_bracket_slot": 39, "player2_score": null, "start_time": null, "player2": null, "ready_time": null, "player1": null, "end_time": null, "player1_score": null, "table": null}}, {"pk": 64, "model": "pingpong.match", "fields": {"status": 3, "player1_bracket_slot": 49, "group": null, "player2_bracket_slot": 50, "player2_score": null, "start_time": null, "player2": null, "ready_time": null, "player1": 46, "end_time": null, "player1_score": null, "table": null}}, {"pk": 65, "model": "pingpong.match", "fields": {"status": 3, "player1_bracket_slot": 52, "group": null, "player2_bracket_slot": 53, "player2_score": 3, "start_time": "2017-11-18T10:16:37.001Z", "player2": 49, "ready_time": null, "player1": 45, "end_time": "2017-11-18T10:32:36.237Z", "player1_score": 0, "table": 12}}, {"pk": 66, "model": "pingpong.match", "fields": {"status": 3, "player1_bracket_slot": 48, "group": null, "player2_bracket_slot": 51, "player2_score": 3, "start_time": "2017-11-18T11:03:30.500Z", "player2": 49, "ready_time": null, "player1": 46, "end_time": "2017-11-18T11:17:39.111Z", "player1_score": 0, "table": 12}}, {"pk": 67, "model": "pingpong.match", "fields": {"status": 3, "player1_bracket_slot": 56, "group": null, "player2_bracket_slot": 57, "player2_score": 0, "start_time": "2017-11-18T10:06:40.900Z", "player2": 52, "ready_time": null, "player1": 55, "end_time": "2017-11-18T10:22:12.083Z", "player1_score": 3, "table": 5}}, {"pk": 68, "model": "pingpong.match", "fields": {"status": 3, "player1_bracket_slot": 59, "group": null, "player2_bracket_slot": 60, "player2_score": null, "start_time": null, "player2": 51, "ready_time": null, "player1": null, "end_time": null, "player1_score": null, "table": null}}, {"pk": 69, "model": "pingpong.match", "fields": {"status": 3, "player1_bracket_slot": 55, "group": null, "player2_bracket_slot": 58, "player2_score": 3, "start_time": "2017-11-18T10:25:00.307Z", "player2": 51, "ready_time": null, "player1": 55, "end_time": "2017-11-18T10:47:59.585Z", "player1_score": 1, "table": 9}}, {"pk": 70, "model": "pingpong.match", "fields": {"status": 1, "player1_bracket_slot": 47, "group": null, "player2_bracket_slot": 54, "player2_score": null, "start_time": null, "player2": 51, "ready_time": null, "player1": 49, "end_time": null, "player1_score": null, "table": null}}, {"pk": 71, "model": "pingpong.match", "fields": {"status": 3, "player1_bracket_slot": null, "group": 7, "player2_bracket_slot": null, "player2_score": null, "start_time": null, "player2": 19, "ready_time": null, "player1": 16, "end_time": "2017-11-18T09:12:42.000Z", "player1_score": null, "table": null}}, {"pk": 72, "model": "pingpong.match", "fields": {"status": 3, "player1_bracket_slot": null, "group": 7, "player2_bracket_slot": null, "player2_score": null, "start_time": null, "player2": 16, "ready_time": null, "player1": 21, "end_time": "2017-11-18T09:12:42.000Z", "player1_score": null, "table": null}}, {"pk": 73, "model": "pingpong.match", "fields": {"status": 3, "player1_bracket_slot": null, "group": 7, "player2_bracket_slot": null, "player2_score": null, "start_time": null, "player2": 21, "ready_time": null, "player1": 19, "end_time": "2017-11-18T09:12:42.000Z", "player1_score": null, "table": null}}, {"pk": 74, "model": "pingpong.match", "fields": {"status": 3, "player1_bracket_slot": null, "group": 7, "player2_bracket_slot": null, "player2_score": null, "start_time": "2017-11-18T08:17:39.923Z", "player2": null, "ready_time": null, "player1": null, "end_time": "2017-11-18T09:12:42.000Z", "player1_score": null, "table": 4}}, {"pk": 75, "model": "pingpong.match", "fields": {"status": 3, "player1_bracket_slot": null, "group": 8, "player2_bracket_slot": null, "player2_score": null, "start_time": null, "player2": 13, "ready_time": null, "player1": 17, "end_time": "2017-11-18T10:05:19.901Z", "player1_score": null, "table": null}}, {"pk": 76, "model": "pingpong.match", "fields": {"status": 3, "player1_bracket_slot": null, "group": 8, "player2_bracket_slot": null, "player2_score": null, "start_time": null, "player2": 12, "ready_time": null, "player1": 18, "end_time": "2017-11-18T10:05:19.901Z", "player1_score": null, "table": null}}, {"pk": 77, "model": "pingpong.match", "fields": {"status": 3, "player1_bracket_slot": null, "group": 8, "player2_bracket_slot": null, "player2_score": null, "start_time": null, "player2": 12, "ready_time": null, "player1": 13, "end_time": "2017-11-18T10:05:19.901Z", "player1_score": null, "table": null}}, {"pk": 78, "model": "pingpong.match", "fields": {"status": 3, "player1_bracket_slot": null, "group": 8, "player2_bracket_slot": null, "player2_score": null, "start_time": null, "player2": 18, "ready_time": null, "player1": 17, "end_time": "2017-11-18T10:05:19.901Z", "player1_score": null, "table": null}}, {"pk": 79, "model": "pingpong.match", "fields": {"status": 3, "player1_bracket_slot": null, "group": 8, "player2_bracket_slot": null, "player2_score": null, "start_time": null, "player2": 13, "ready_time": null, "player1": 18, "end_time": "2017-11-18T10:05:19.901Z", "player1_score": null, "table": null}}, {"pk": 80, "model": "pingpong.match", "fields": {"status": 3, "player1_bracket_slot": null, "group": 8, "player2_bracket_slot": null, "player2_score": null, "start_time": null, "player2": 17, "ready_time": null, "player1": 12, "end_time": "2017-11-18T10:05:19.901Z", "player1_score": null, "table": null}}, {"pk": 81, "model": "pingpong.match", "fields": {"status": 3, "player1_bracket_slot": null, "group": 8, "player2_bracket_slot": null, "player2_score": null, "start_time": "2017-11-18T08:17:52.025Z", "player2": null, "ready_time": null, "player1": null, "end_time": "2017-11-18T10:05:19.901Z", "player1_score": null, "table": 5}}, {"pk": 82, "model": "pingpong.match", "fields": {"status": 3, "player1_bracket_slot": null, "group": 9, "player2_bracket_slot": null, "player2_score": null, "start_time": null, "player2": 14, "ready_time": null, "player1": 15, "end_time": "2017-11-18T11:31:43.614Z", "player1_score": null, "table": null}}, {"pk": 83, "model": "pingpong.match", "fields": {"status": 3, "player1_bracket_slot": null, "group": 9, "player2_bracket_slot": null, "player2_score": null, "start_time": null, "player2": 20, "ready_time": null, "player1": 56, "end_time": "2017-11-18T11:31:43.614Z", "player1_score": null, "table": null}}, {"pk": 84, "model": "pingpong.match", "fields": {"status": 3, "player1_bracket_slot": null, "group": 9, "player2_bracket_slot": null, "player2_score": null, "start_time": null, "player2": 20, "ready_time": null, "player1": 14, "end_time": "2017-11-18T11:31:43.614Z", "player1_score": null, "table": null}}, {"pk": 85, "model": "pingpong.match", "fields": {"status": 3, "player1_bracket_slot": null, "group": 9, "player2_bracket_slot": null, "player2_score": null, "start_time": null, "player2": 56, "ready_time": null, "player1": 15, "end_time": "2017-11-18T11:31:43.614Z", "player1_score": null, "table": null}}, {"pk": 86, "model": "pingpong.match", "fields": {"status": 3, "player1_bracket_slot": null, "group": 9, "player2_bracket_slot": null, "player2_score": null, "start_time": null, "player2": 14, "ready_time": null, "player1": 56, "end_time": "2017-11-18T11:31:43.614Z", "player1_score": null, "table": null}}, {"pk": 87, "model": "pingpong.match", "fields": {"status": 3, "player1_bracket_slot": null, "group": 9, "player2_bracket_slot": null, "player2_score": null, "start_time": null, "player2": 15, "ready_time": null, "player1": 20, "end_time": "2017-11-18T11:31:43.614Z", "player1_score": null, "table": null}}, {"pk": 88, "model": "pingpong.match", "fields": {"status": 3, "player1_bracket_slot": null, "group": 9, "player2_bracket_slot": null, "player2_score": null, "start_time": "2017-11-18T08:18:07.035Z", "player2": null, "ready_time": null, "player1": null, "end_time": "2017-11-18T11:31:43.614Z", "player1_score": null, "table": 6}}, {"pk": 89, "model": "pingpong.match", "fields": {"status": 3, "player1_bracket_slot": 64, "group": null, "player2_bracket_slot": 65, "player2_score": null, "start_time": null, "player2": null, "ready_time": null, "player1": 21, "end_time": null, "player1_score": null, "table": null}}, {"pk": 90, "model": "pingpong.match", "fields": {"status": 1, "player1_bracket_slot": 67, "group": null, "player2_bracket_slot": 68, "player2_score": null, "start_time": null, "player2": 17, "ready_time": null, "player1": 56, "end_time": null, "player1_score": null, "table": null}}, {"pk": 91, "model": "pingpong.match", "fields": {"status": 0, "player1_bracket_slot": 63, "group": null, "player2_bracket_slot": 66, "player2_score": null, "start_time": null, "player2": null, "ready_time": null, "player1": 21, "end_time": null, "player1_score": null, "table": null}}, {"pk": 92, "model": "pingpong.match", "fields": {"status": 1, "player1_bracket_slot": 71, "group": null, "player2_bracket_slot": 72, "player2_score": null, "start_time": null, "player2": 16, "ready_time": null, "player1": 15, "end_time": null, "player1_score": null, "table": null}}, {"pk": 93, "model": "pingpong.match", "fields": {"status": 3, "player1_bracket_slot": 74, "group": null, "player2_bracket_slot": 75, "player2_score": null, "start_time": null, "player2": 12, "ready_time": null, "player1": null, "end_time": null, "player1_score": null, "table": null}}, {"pk": 94, "model": "pingpong.match", "fields": {"status": 0, "player1_bracket_slot": 70, "group": null, "player2_bracket_slot": 73, "player2_score": null, "start_time": null, "player2": 12, "ready_time": null, "player1": null, "end_time": null, "player1_score": null, "table": null}}, {"pk": 95, "model": "pingpong.match", "fields": {"status": 0, "player1_bracket_slot": 62, "group": null, "player2_bracket_slot": 69, "player2_score": null, "start_time": null, "player2": null, "ready_time": null, "player1": null, "end_time": null, "player1_score": null, "table": null}}, {"pk": 96, "model": "pingpong.match", "fields": {"status": 3, "player1_bracket_slot": 79, "group": null, "player2_bracket_slot": 80, "player2_score": null, "start_time": null, "player2": null, "ready_time": null, "player1": 19, "end_time": null, "player1_score": null, "table": null}}, {"pk": 97, "model": "pingpong.match", "fields": {"status": 3, "player1_bracket_slot": 82, "group": null, "player2_bracket_slot": 83, "player2_score": null, "start_time": null, "player2": 14, "ready_time": null, "player1": null, "end_time": null, "player1_score": null, "table": null}}, {"pk": 98, "model": "pingpong.match", "fields": {"status": 1, "player1_bracket_slot": 78, "group": null, "player2_bracket_slot": 81, "player2_score": null, "start_time": null, "player2": 14, "ready_time": null, "player1": 19, "end_time": null, "player1_score": null, "table": null}}, {"pk": 99, "model": "pingpong.match", "fields": {"status": 2, "player1_bracket_slot": 86, "group": null, "player2_bracket_slot": 87, "player2_score": null, "start_time": "2017-11-18T11:49:00.973Z", "player2": 13, "ready_time": null, "player1": 20, "end_time": null, "player1_score": null, "table": 11}}, {"pk": 100, "model": "pingpong.match", "fields": {"status": 3, "player1_bracket_slot": 89, "group": null, "player2_bracket_slot": 90, "player2_score": null, "start_time": null, "player2": 18, "ready_time": null, "player1": null, "end_time": null, "player1_score": null, "table": null}}, {"pk": 101, "model": "pingpong.match", "fields": {"status": 0, "player1_bracket_slot": 85, "group": null, "player2_bracket_slot": 88, "player2_score": null, "start_time": null, "player2": 18, "ready_time": null, "player1": null, "end_time": null, "player1_score": null, "table": null}}, {"pk": 102, "model": "pingpong.match", "fields": {"status": 0, "player1_bracket_slot": 77, "group": null, "player2_bracket_slot": 84, "player2_score": null, "start_time": null, "player2": null, "ready_time": null, "player1": null, "end_time": null, "player1_score": null, "table": null}}, {"pk": 103, "model": "pingpong.match", "fields": {"status": 3, "player1_bracket_slot": null, "group": 10, "player2_bracket_slot": null, "player2_score": null, "start_time": null, "player2": 28, "ready_time": null, "player1": 22, "end_time": "2017-11-18T09:48:51.685Z", "player1_score": null, "table": null}}, {"pk": 104, "model": "pingpong.match", "fields": {"status": 3, "player1_bracket_slot": null, "group": 10, "player2_bracket_slot": null, "player2_score": null, "start_time": null, "player2": 22, "ready_time": null, "player1": 84, "end_time": "2017-11-18T09:48:51.685Z", "player1_score": null, "table": null}}, {"pk": 105, "model": "pingpong.match", "fields": {"status": 3, "player1_bracket_slot": null, "group": 10, "player2_bracket_slot": null, "player2_score": null, "start_time": null, "player2": 84, "ready_time": null, "player1": 28, "end_time": "2017-11-18T09:48:51.685Z", "player1_score": null, "table": null}}, {"pk": 106, "model": "pingpong.match", "fields": {"status": 3, "player1_bracket_slot": null, "group": 10, "player2_bracket_slot": null, "player2_score": null, "start_time": "2017-11-18T08:56:19.614Z", "player2": null, "ready_time": null, "player1": null, "end_time": "2017-11-18T09:48:51.685Z", "player1_score": null, "table": 7}}, {"pk": 107, "model": "pingpong.match", "fields": {"status": 3, "player1_bracket_slot": null, "group": 11, "player2_bracket_slot": null, "player2_score": null, "start_time": null, "player2": 27, "ready_time": null, "player1": 23, "end_time": "2017-11-18T09:51:42.513Z", "player1_score": null, "table": null}}, {"pk": 108, "model": "pingpong.match", "fields": {"status": 3, "player1_bracket_slot": null, "group": 11, "player2_bracket_slot": null, "player2_score": null, "start_time": null, "player2": 23, "ready_time": null, "player1": 25, "end_time": "2017-11-18T09:51:42.513Z", "player1_score": null, "table": null}}, {"pk": 109, "model": "pingpong.match", "fields": {"status": 3, "player1_bracket_slot": null, "group": 11, "player2_bracket_slot": null, "player2_score": null, "start_time": null, "player2": 25, "ready_time": null, "player1": 27, "end_time": "2017-11-18T09:51:42.513Z", "player1_score": null, "table": null}}, {"pk": 110, "model": "pingpong.match", "fields": {"status": 3, "player1_bracket_slot": null, "group": 11, "player2_bracket_slot": null, "player2_score": null, "start_time": "2017-11-18T08:56:22.787Z", "player2": null, "ready_time": null, "player1": null, "end_time": "2017-11-18T09:51:42.513Z", "player1_score": null, "table": 8}}, {"pk": 111, "model": "pingpong.match", "fields": {"status": 3, "player1_bracket_slot": null, "group": 12, "player2_bracket_slot": null, "player2_score": null, "start_time": null, "player2": 40, "ready_time": null, "player1": 31, "end_time": "2017-11-18T10:21:43.441Z", "player1_score": null, "table": null}}, {"pk": 112, "model": "pingpong.match", "fields": {"status": 3, "player1_bracket_slot": null, "group": 12, "player2_bracket_slot": null, "player2_score": null, "start_time": null, "player2": 30, "ready_time": null, "player1": 24, "end_time": "2017-11-18T10:21:43.441Z", "player1_score": null, "table": null}}, {"pk": 113, "model": "pingpong.match", "fields": {"status": 3, "player1_bracket_slot": null, "group": 12, "player2_bracket_slot": null, "player2_score": null, "start_time": null, "player2": 30, "ready_time": null, "player1": 40, "end_time": "2017-11-18T10:21:43.441Z", "player1_score": null, "table": null}}, {"pk": 114, "model": "pingpong.match", "fields": {"status": 3, "player1_bracket_slot": null, "group": 12, "player2_bracket_slot": null, "player2_score": null, "start_time": null, "player2": 24, "ready_time": null, "player1": 31, "end_time": "2017-11-18T10:21:43.441Z", "player1_score": null, "table": null}}, {"pk": 115, "model": "pingpong.match", "fields": {"status": 3, "player1_bracket_slot": null, "group": 12, "player2_bracket_slot": null, "player2_score": null, "start_time": null, "player2": 40, "ready_time": null, "player1": 24, "end_time": "2017-11-18T10:21:43.441Z", "player1_score": null, "table": null}}, {"pk": 116, "model": "pingpong.match", "fields": {"status": 3, "player1_bracket_slot": null, "group": 12, "player2_bracket_slot": null, "player2_score": null, "start_time": null, "player2": 31, "ready_time": null, "player1": 30, "end_time": "2017-11-18T10:21:43.441Z", "player1_score": null, "table": null}}, {"pk": 117, "model": "pingpong.match", "fields": {"status": 3, "player1_bracket_slot": null, "group": 12, "player2_bracket_slot": null, "player2_score": null, "start_time": "2017-11-18T08:56:38.276Z", "player2": null, "ready_time": null, "player1": null, "end_time": "2017-11-18T10:21:43.441Z", "player1_score": null, "table": 9}}, {"pk": 118, "model": "pingpong.match", "fields": {"status": 3, "player1_bracket_slot": null, "group": 13, "player2_bracket_slot": null, "player2_score": null, "start_time": null, "player2": 29, "ready_time": null, "player1": 36, "end_time": "2017-11-18T10:50:34.490Z", "player1_score": null, "table": null}}, {"pk": 119, "model": "pingpong.match", "fields": {"status": 3, "player1_bracket_slot": null, "group": 13, "player2_bracket_slot": null, "player2_score": null, "start_time": null, "player2": 38, "ready_time": null, "player1": 32, "end_time": "2017-11-18T10:50:34.490Z", "player1_score": null, "table": null}}, {"pk": 120, "model": "pingpong.match", "fields": {"status": 3, "player1_bracket_slot": null, "group": 13, "player2_bracket_slot": null, "player2_score": null, "start_time": null, "player2": 38, "ready_time": null, "player1": 29, "end_time": "2017-11-18T10:50:34.490Z", "player1_score": null, "table": null}}, {"pk": 121, "model": "pingpong.match", "fields": {"status": 3, "player1_bracket_slot": null, "group": 13, "player2_bracket_slot": null, "player2_score": null, "start_time": null, "player2": 32, "ready_time": null, "player1": 36, "end_time": "2017-11-18T10:50:34.490Z", "player1_score": null, "table": null}}, {"pk": 122, "model": "pingpong.match", "fields": {"status": 3, "player1_bracket_slot": null, "group": 13, "player2_bracket_slot": null, "player2_score": null, "start_time": null, "player2": 29, "ready_time": null, "player1": 32, "end_time": "2017-11-18T10:50:34.490Z", "player1_score": null, "table": null}}, {"pk": 123, "model": "pingpong.match", "fields": {"status": 3, "player1_bracket_slot": null, "group": 13, "player2_bracket_slot": null, "player2_score": null, "start_time": null, "player2": 36, "ready_time": null, "player1": 38, "end_time": "2017-11-18T10:50:34.490Z", "player1_score": null, "table": null}}, {"pk": 124, "model": "pingpong.match", "fields": {"status": 3, "player1_bracket_slot": null, "group": 13, "player2_bracket_slot": null, "player2_score": null, "start_time": "2017-11-18T08:56:59.653Z", "player2": null, "ready_time": null, "player1": null, "end_time": "2017-11-18T10:50:34.490Z", "player1_score": null, "table": 10}}, {"pk": 125, "model": "pingpong.match", "fields": {"status": 3, "player1_bracket_slot": null, "group": 14, "player2_bracket_slot": null, "player2_score": null, "start_time": null, "player2": 41, "ready_time": null, "player1": 37, "end_time": "2017-11-18T11:30:45.501Z", "player1_score": null, "table": null}}, {"pk": 126, "model": "pingpong.match", "fields": {"status": 3, "player1_bracket_slot": null, "group": 14, "player2_bracket_slot": null, "player2_score": null, "start_time": null, "player2": 35, "ready_time": null, "player1": 42, "end_time": "2017-11-18T11:30:45.501Z", "player1_score": null, "table": null}}, {"pk": 127, "model": "pingpong.match", "fields": {"status": 3, "player1_bracket_slot": null, "group": 14, "player2_bracket_slot": null, "player2_score": null, "start_time": null, "player2": 35, "ready_time": null, "player1": 41, "end_time": "2017-11-18T11:30:45.501Z", "player1_score": null, "table": null}}, {"pk": 128, "model": "pingpong.match", "fields": {"status": 3, "player1_bracket_slot": null, "group": 14, "player2_bracket_slot": null, "player2_score": null, "start_time": null, "player2": 42, "ready_time": null, "player1": 37, "end_time": "2017-11-18T11:30:45.501Z", "player1_score": null, "table": null}}, {"pk": 129, "model": "pingpong.match", "fields": {"status": 3, "player1_bracket_slot": null, "group": 14, "player2_bracket_slot": null, "player2_score": null, "start_time": null, "player2": 41, "ready_time": null, "player1": 42, "end_time": "2017-11-18T11:30:45.501Z", "player1_score": null, "table": null}}, {"pk": 130, "model": "pingpong.match", "fields": {"status": 3, "player1_bracket_slot": null, "group": 14, "player2_bracket_slot": null, "player2_score": null, "start_time": null, "player2": 37, "ready_time": null, "player1": 35, "end_time": "2017-11-18T11:30:45.501Z", "player1_score": null, "table": null}}, {"pk": 131, "model": "pingpong.match", "fields": {"status": 3, "player1_bracket_slot": null, "group": 14, "player2_bracket_slot": null, "player2_score": null, "start_time": "2017-11-18T08:57:30.169Z", "player2": null, "ready_time": null, "player1": null, "end_time": "2017-11-18T11:30:45.501Z", "player1_score": null, "table": 11}}, {"pk": 132, "model": "pingpong.match", "fields": {"status": 3, "player1_bracket_slot": null, "group": 15, "player2_bracket_slot": null, "player2_score": null, "start_time": null, "player2": 33, "ready_time": null, "player1": 26, "end_time": "2017-11-18T10:16:21.907Z", "player1_score": null, "table": null}}, {"pk": 133, "model": "pingpong.match", "fields": {"status": 3, "player1_bracket_slot": null, "group": 15, "player2_bracket_slot": null, "player2_score": null, "start_time": null, "player2": 34, "ready_time": null, "player1": 39, "end_time": "2017-11-18T10:16:21.907Z", "player1_score": null, "table": null}}, {"pk": 134, "model": "pingpong.match", "fields": {"status": 3, "player1_bracket_slot": null, "group": 15, "player2_bracket_slot": null, "player2_score": null, "start_time": null, "player2": 34, "ready_time": null, "player1": 33, "end_time": "2017-11-18T10:16:21.907Z", "player1_score": null, "table": null}}, {"pk": 135, "model": "pingpong.match", "fields": {"status": 3, "player1_bracket_slot": null, "group": 15, "player2_bracket_slot": null, "player2_score": null, "start_time": null, "player2": 39, "ready_time": null, "player1": 26, "end_time": "2017-11-18T10:16:21.907Z", "player1_score": null, "table": null}}, {"pk": 136, "model": "pingpong.match", "fields": {"status": 3, "player1_bracket_slot": null, "group": 15, "player2_bracket_slot": null, "player2_score": null, "start_time": null, "player2": 33, "ready_time": null, "player1": 39, "end_time": "2017-11-18T10:16:21.907Z", "player1_score": null, "table": null}}, {"pk": 137, "model": "pingpong.match", "fields": {"status": 3, "player1_bracket_slot": null, "group": 15, "player2_bracket_slot": null, "player2_score": null, "start_time": null, "player2": 26, "ready_time": null, "player1": 34, "end_time": "2017-11-18T10:16:21.907Z", "player1_score": null, "table": null}}, {"pk": 138, "model": "pingpong.match", "fields": {"status": 3, "player1_bracket_slot": null, "group": 15, "player2_bracket_slot": null, "player2_score": null, "start_time": "2017-11-18T08:57:34.583Z", "player2": null, "ready_time": null, "player1": null, "end_time": "2017-11-18T10:16:21.907Z", "player1_score": null, "table": 12}}, {"pk": 139, "model": "pingpong.match", "fields": {"status": 3, "player1_bracket_slot": 95, "group": null, "player2_bracket_slot": 96, "player2_score": null, "start_time": null, "player2": null, "ready_time": null, "player1": 84, "end_time": null, "player1_score": null, "table": null}}, {"pk": 140, "model": "pingpong.match", "fields": {"status": 3, "player1_bracket_slot": 98, "group": null, "player2_bracket_slot": 99, "player2_score": 2, "start_time": "2017-11-18T10:48:19.879Z", "player2": 27, "ready_time": null, "player1": 24, "end_time": "2017-11-18T11:23:06.618Z", "player1_score": 3, "table": 9}}, {"pk": 141, "model": "pingpong.match", "fields": {"status": 1, "player1_bracket_slot": 94, "group": null, "player2_bracket_slot": 97, "player2_score": null, "start_time": null, "player2": 24, "ready_time": null, "player1": 84, "end_time": null, "player1_score": null, "table": null}}, {"pk": 142, "model": "pingpong.match", "fields": {"status": 2, "player1_bracket_slot": 102, "group": null, "player2_bracket_slot": 103, "player2_score": null, "start_time": "2017-11-18T11:31:54.770Z", "player2": 39, "ready_time": null, "player1": 37, "end_time": null, "player1_score": null, "table": 6}}, {"pk": 143, "model": "pingpong.match", "fields": {"status": 3, "player1_bracket_slot": 105, "group": null, "player2_bracket_slot": 106, "player2_score": null, "start_time": null, "player2": 36, "ready_time": null, "player1": null, "end_time": null, "player1_score": null, "table": null}}, {"pk": 144, "model": "pingpong.match", "fields": {"status": 0, "player1_bracket_slot": 101, "group": null, "player2_bracket_slot": 104, "player2_score": null, "start_time": null, "player2": 36, "ready_time": null, "player1": null, "end_time": null, "player1_score": null, "table": null}}, {"pk": 145, "model": "pingpong.match", "fields": {"status": 0, "player1_bracket_slot": 93, "group": null, "player2_bracket_slot": 100, "player2_score": null, "start_time": null, "player2": null, "ready_time": null, "player1": null, "end_time": null, "player1_score": null, "table": null}}, {"pk": 146, "model": "pingpong.match", "fields": {"status": 3, "player1_bracket_slot": 110, "group": null, "player2_bracket_slot": 111, "player2_score": null, "start_time": null, "player2": null, "ready_time": null, "player1": 31, "end_time": null, "player1_score": null, "table": null}}, {"pk": 147, "model": "pingpong.match", "fields": {"status": 2, "player1_bracket_slot": 113, "group": null, "player2_bracket_slot": 114, "player2_score": null, "start_time": "2017-11-18T11:45:18.715Z", "player2": 26, "ready_time": null, "player1": 42, "end_time": null, "player1_score": null, "table": 4}}, {"pk": 148, "model": "pingpong.match", "fields": {"status": 0, "player1_bracket_slot": 109, "group": null, "player2_bracket_slot": 112, "player2_score": null, "start_time": null, "player2": null, "ready_time": null, "player1": 31, "end_time": null, "player1_score": null, "table": null}}, {"pk": 149, "model": "pingpong.match", "fields": {"status": 3, "player1_bracket_slot": 117, "group": null, "player2_bracket_slot": 118, "player2_score": 2, "start_time": "2017-11-18T11:14:14.862Z", "player2": 38, "ready_time": null, "player1": 22, "end_time": "2017-11-18T11:43:55.803Z", "player1_score": 3, "table": 4}}, {"pk": 150, "model": "pingpong.match", "fields": {"status": 3, "player1_bracket_slot": 120, "group": null, "player2_bracket_slot": 121, "player2_score": null, "start_time": null, "player2": 25, "ready_time": null, "player1": null, "end_time": null, "player1_score": null, "table": null}}, {"pk": 151, "model": "pingpong.match", "fields": {"status": 1, "player1_bracket_slot": 116, "group": null, "player2_bracket_slot": 119, "player2_score": null, "start_time": null, "player2": 25, "ready_time": null, "player1": 22, "end_time": null, "player1_score": null, "table": null}}, {"pk": 152, "model": "pingpong.match", "fields": {"status": 0, "player1_bracket_slot": 108, "group": null, "player2_bracket_slot": 115, "player2_score": null, "start_time": null, "player2": null, "ready_time": null, "player1": null, "end_time": null, "player1_score": null, "table": null}}, {"pk": 153, "model": "pingpong.match", "fields": {"status": 0, "player1_bracket_slot": 92, "group": null, "player2_bracket_slot": 107, "player2_score": null, "start_time": null, "player2": null, "ready_time": null, "player1": null, "end_time": null, "player1_score": null, "table": null}}, {"pk": 154, "model": "pingpong.match", "fields": {"status": 3, "player1_bracket_slot": 126, "group": null, "player2_bracket_slot": 127, "player2_score": null, "start_time": null, "player2": null, "ready_time": null, "player1": 28, "end_time": null, "player1_score": null, "table": null}}, {"pk": 155, "model": "pingpong.match", "fields": {"status": 3, "player1_bracket_slot": 129, "group": null, "player2_bracket_slot": 130, "player2_score": 3, "start_time": "2017-11-18T11:31:00.629Z", "player2": 29, "ready_time": null, "player1": 41, "end_time": "2017-11-18T11:48:36.073Z", "player1_score": 0, "table": 11}}, {"pk": 156, "model": "pingpong.match", "fields": {"status": 2, "player1_bracket_slot": 125, "group": null, "player2_bracket_slot": 128, "player2_score": null, "start_time": "2017-11-18T12:01:53.110Z", "player2": 29, "ready_time": null, "player1": 28, "end_time": null, "player1_score": null, "table": 7}}, {"pk": 157, "model": "pingpong.match", "fields": {"status": 3, "player1_bracket_slot": 133, "group": null, "player2_bracket_slot": 134, "player2_score": null, "start_time": null, "player2": null, "ready_time": null, "player1": 35, "end_time": null, "player1_score": null, "table": null}}, {"pk": 158, "model": "pingpong.match", "fields": {"status": 3, "player1_bracket_slot": 136, "group": null, "player2_bracket_slot": 137, "player2_score": null, "start_time": null, "player2": 32, "ready_time": null, "player1": null, "end_time": null, "player1_score": null, "table": null}}, {"pk": 159, "model": "pingpong.match", "fields": {"status": 2, "player1_bracket_slot": 132, "group": null, "player2_bracket_slot": 135, "player2_score": null, "start_time": "2017-11-18T11:47:59.544Z", "player2": 32, "ready_time": null, "player1": 35, "end_time": null, "player1_score": null, "table": 12}}, {"pk": 160, "model": "pingpong.match", "fields": {"status": 0, "player1_bracket_slot": 124, "group": null, "player2_bracket_slot": 131, "player2_score": null, "start_time": null, "player2": null, "ready_time": null, "player1": null, "end_time": null, "player1_score": null, "table": null}}, {"pk": 161, "model": "pingpong.match", "fields": {"status": 3, "player1_bracket_slot": 141, "group": null, "player2_bracket_slot": 142, "player2_score": null, "start_time": null, "player2": null, "ready_time": null, "player1": 40, "end_time": null, "player1_score": null, "table": null}}, {"pk": 162, "model": "pingpong.match", "fields": {"status": 3, "player1_bracket_slot": 144, "group": null, "player2_bracket_slot": 145, "player2_score": null, "start_time": null, "player2": 33, "ready_time": null, "player1": null, "end_time": null, "player1_score": null, "table": null}}, {"pk": 163, "model": "pingpong.match", "fields": {"status": 3, "player1_bracket_slot": 140, "group": null, "player2_bracket_slot": 143, "player2_score": 0, "start_time": "2017-11-18T10:44:29.376Z", "player2": 33, "ready_time": null, "player1": 40, "end_time": "2017-11-18T11:01:50.899Z", "player1_score": 3, "table": 12}}, {"pk": 164, "model": "pingpong.match", "fields": {"status": 3, "player1_bracket_slot": 148, "group": null, "player2_bracket_slot": 149, "player2_score": 3, "start_time": "2017-11-18T10:33:03.056Z", "player2": 34, "ready_time": null, "player1": 30, "end_time": "2017-11-18T10:44:00.684Z", "player1_score": 0, "table": 12}}, {"pk": 165, "model": "pingpong.match", "fields": {"status": 3, "player1_bracket_slot": 151, "group": null, "player2_bracket_slot": 152, "player2_score": null, "start_time": null, "player2": 23, "ready_time": null, "player1": null, "end_time": null, "player1_score": null, "table": null}}, {"pk": 166, "model": "pingpong.match", "fields": {"status": 3, "player1_bracket_slot": 147, "group": null, "player2_bracket_slot": 150, "player2_score": 0, "start_time": "2017-11-18T10:50:48.151Z", "player2": 23, "ready_time": null, "player1": 34, "end_time": "2017-11-18T11:06:35.689Z", "player1_score": 3, "table": 10}}, {"pk": 167, "model": "pingpong.match", "fields": {"status": 3, "player1_bracket_slot": 139, "group": null, "player2_bracket_slot": 146, "player2_score": 2, "start_time": "2017-11-18T11:17:47.840Z", "player2": 34, "ready_time": null, "player1": 40, "end_time": "2017-11-18T11:47:50.671Z", "player1_score": 3, "table": 12}}, {"pk": 168, "model": "pingpong.match", "fields": {"status": 0, "player1_bracket_slot": 123, "group": null, "player2_bracket_slot": 138, "player2_score": null, "start_time": null, "player2": 40, "ready_time": null, "player1": null, "end_time": null, "player1_score": null, "table": null}}, {"pk": 169, "model": "pingpong.match", "fields": {"status": 3, "player1_bracket_slot": null, "group": 16, "player2_bracket_slot": null, "player2_score": null, "start_time": null, "player2": 62, "ready_time": null, "player1": 58, "end_time": "2017-11-18T10:43:47.960Z", "player1_score": null, "table": null}}, {"pk": 170, "model": "pingpong.match", "fields": {"status": 3, "player1_bracket_slot": null, "group": 16, "player2_bracket_slot": null, "player2_score": null, "start_time": null, "player2": 61, "ready_time": null, "player1": 57, "end_time": "2017-11-18T10:43:47.960Z", "player1_score": null, "table": null}}, {"pk": 171, "model": "pingpong.match", "fields": {"status": 3, "player1_bracket_slot": null, "group": 16, "player2_bracket_slot": null, "player2_score": null, "start_time": null, "player2": 61, "ready_time": null, "player1": 62, "end_time": "2017-11-18T10:43:47.960Z", "player1_score": null, "table": null}}, {"pk": 172, "model": "pingpong.match", "fields": {"status": 3, "player1_bracket_slot": null, "group": 16, "player2_bracket_slot": null, "player2_score": null, "start_time": null, "player2": 57, "ready_time": null, "player1": 58, "end_time": "2017-11-18T10:43:47.960Z", "player1_score": null, "table": null}}, {"pk": 173, "model": "pingpong.match", "fields": {"status": 3, "player1_bracket_slot": null, "group": 16, "player2_bracket_slot": null, "player2_score": null, "start_time": null, "player2": 62, "ready_time": null, "player1": 57, "end_time": "2017-11-18T10:43:47.960Z", "player1_score": null, "table": null}}, {"pk": 174, "model": "pingpong.match", "fields": {"status": 3, "player1_bracket_slot": null, "group": 16, "player2_bracket_slot": null, "player2_score": null, "start_time": null, "player2": 58, "ready_time": null, "player1": 61, "end_time": "2017-11-18T10:43:47.960Z", "player1_score": null, "table": null}}, {"pk": 175, "model": "pingpong.match", "fields": {"status": 3, "player1_bracket_slot": null, "group": 16, "player2_bracket_slot": null, "player2_score": null, "start_time": "2017-11-18T09:13:10.622Z", "player2": null, "ready_time": null, "player1": null, "end_time": "2017-11-18T10:43:47.960Z", "player1_score": null, "table": 4}}, {"pk": 176, "model": "pingpong.match", "fields": {"status": 3, "player1_bracket_slot": null, "group": 17, "player2_bracket_slot": null, "player2_score": null, "start_time": null, "player2": 63, "ready_time": null, "player1": 64, "end_time": "2017-11-18T12:00:43.569Z", "player1_score": null, "table": null}}, {"pk": 177, "model": "pingpong.match", "fields": {"status": 3, "player1_bracket_slot": null, "group": 17, "player2_bracket_slot": null, "player2_score": null, "start_time": null, "player2": 59, "ready_time": null, "player1": 60, "end_time": "2017-11-18T12:00:43.569Z", "player1_score": null, "table": null}}, {"pk": 178, "model": "pingpong.match", "fields": {"status": 3, "player1_bracket_slot": null, "group": 17, "player2_bracket_slot": null, "player2_score": null, "start_time": null, "player2": 59, "ready_time": null, "player1": 63, "end_time": "2017-11-18T12:00:43.569Z", "player1_score": null, "table": null}}, {"pk": 179, "model": "pingpong.match", "fields": {"status": 3, "player1_bracket_slot": null, "group": 17, "player2_bracket_slot": null, "player2_score": null, "start_time": null, "player2": 60, "ready_time": null, "player1": 64, "end_time": "2017-11-18T12:00:43.569Z", "player1_score": null, "table": null}}, {"pk": 180, "model": "pingpong.match", "fields": {"status": 3, "player1_bracket_slot": null, "group": 17, "player2_bracket_slot": null, "player2_score": null, "start_time": null, "player2": 63, "ready_time": null, "player1": 60, "end_time": "2017-11-18T12:00:43.569Z", "player1_score": null, "table": null}}, {"pk": 181, "model": "pingpong.match", "fields": {"status": 3, "player1_bracket_slot": null, "group": 17, "player2_bracket_slot": null, "player2_score": null, "start_time": null, "player2": 64, "ready_time": null, "player1": 59, "end_time": "2017-11-18T12:00:43.569Z", "player1_score": null, "table": null}}, {"pk": 182, "model": "pingpong.match", "fields": {"status": 3, "player1_bracket_slot": null, "group": 17, "player2_bracket_slot": null, "player2_score": null, "start_time": "2017-11-18T12:00:32.167Z", "player2": null, "ready_time": null, "player1": null, "end_time": "2017-11-18T12:00:43.569Z", "player1_score": null, "table": 9}}, {"pk": 183, "model": "pingpong.match", "fields": {"status": 1, "player1_bracket_slot": 155, "group": null, "player2_bracket_slot": 156, "player2_score": null, "start_time": null, "player2": 60, "ready_time": null, "player1": 58, "end_time": null, "player1_score": null, "table": null}}, {"pk": 184, "model": "pingpong.match", "fields": {"status": 1, "player1_bracket_slot": 158, "group": null, "player2_bracket_slot": 159, "player2_score": null, "start_time": null, "player2": 64, "ready_time": null, "player1": 57, "end_time": null, "player1_score": null, "table": null}}, {"pk": 185, "model": "pingpong.match", "fields": {"status": 0, "player1_bracket_slot": 154, "group": null, "player2_bracket_slot": 157, "player2_score": null, "start_time": null, "player2": null, "ready_time": null, "player1": null, "end_time": null, "player1_score": null, "table": null}}, {"pk": 186, "model": "pingpong.match", "fields": {"status": 1, "player1_bracket_slot": 162, "group": null, "player2_bracket_slot": 163, "player2_score": null, "start_time": null, "player2": 59, "ready_time": null, "player1": 61, "end_time": null, "player1_score": null, "table": null}}, {"pk": 187, "model": "pingpong.match", "fields": {"status": 1, "player1_bracket_slot": 165, "group": null, "player2_bracket_slot": 166, "player2_score": null, "start_time": null, "player2": 63, "ready_time": null, "player1": 62, "end_time": null, "player1_score": null, "table": null}}, {"pk": 188, "model": "pingpong.match", "fields": {"status": 0, "player1_bracket_slot": 161, "group": null, "player2_bracket_slot": 164, "player2_score": null, "start_time": null, "player2": null, "ready_time": null, "player1": null, "end_time": null, "player1_score": null, "table": null}}, {"pk": 189, "model": "pingpong.match", "fields": {"status": 3, "player1_bracket_slot": null, "group": 18, "player2_bracket_slot": null, "player2_score": null, "start_time": null, "player2": 70, "ready_time": null, "player1": 69, "end_time": "2017-11-18T12:01:45.929Z", "player1_score": null, "table": null}}, {"pk": 190, "model": "pingpong.match", "fields": {"status": 3, "player1_bracket_slot": null, "group": 18, "player2_bracket_slot": null, "player2_score": null, "start_time": null, "player2": 68, "ready_time": null, "player1": 65, "end_time": "2017-11-18T12:01:45.929Z", "player1_score": null, "table": null}}, {"pk": 191, "model": "pingpong.match", "fields": {"status": 3, "player1_bracket_slot": null, "group": 18, "player2_bracket_slot": null, "player2_score": null, "start_time": null, "player2": 68, "ready_time": null, "player1": 70, "end_time": "2017-11-18T12:01:45.929Z", "player1_score": null, "table": null}}, {"pk": 192, "model": "pingpong.match", "fields": {"status": 3, "player1_bracket_slot": null, "group": 18, "player2_bracket_slot": null, "player2_score": null, "start_time": null, "player2": 65, "ready_time": null, "player1": 69, "end_time": "2017-11-18T12:01:45.929Z", "player1_score": null, "table": null}}, {"pk": 193, "model": "pingpong.match", "fields": {"status": 3, "player1_bracket_slot": null, "group": 18, "player2_bracket_slot": null, "player2_score": null, "start_time": null, "player2": 70, "ready_time": null, "player1": 65, "end_time": "2017-11-18T12:01:45.929Z", "player1_score": null, "table": null}}, {"pk": 194, "model": "pingpong.match", "fields": {"status": 3, "player1_bracket_slot": null, "group": 18, "player2_bracket_slot": null, "player2_score": null, "start_time": null, "player2": 69, "ready_time": null, "player1": 68, "end_time": "2017-11-18T12:01:45.929Z", "player1_score": null, "table": null}}, {"pk": 195, "model": "pingpong.match", "fields": {"status": 3, "player1_bracket_slot": null, "group": 18, "player2_bracket_slot": null, "player2_score": null, "start_time": "2017-11-18T09:48:59.805Z", "player2": null, "ready_time": null, "player1": null, "end_time": "2017-11-18T12:01:45.929Z", "player1_score": null, "table": 7}}, {"pk": 196, "model": "pingpong.match", "fields": {"status": 0, "player1_bracket_slot": null, "group": 19, "player2_bracket_slot": null, "player2_score": null, "start_time": null, "player2": 72, "ready_time": null, "player1": 67, "end_time": null, "player1_score": null, "table": null}}, {"pk": 197, "model": "pingpong.match", "fields": {"status": 0, "player1_bracket_slot": null, "group": 19, "player2_bracket_slot": null, "player2_score": null, "start_time": null, "player2": 71, "ready_time": null, "player1": 66, "end_time": null, "player1_score": null, "table": null}}, {"pk": 198, "model": "pingpong.match", "fields": {"status": 0, "player1_bracket_slot": null, "group": 19, "player2_bracket_slot": null, "player2_score": null, "start_time": null, "player2": 66, "ready_time": null, "player1": 72, "end_time": null, "player1_score": null, "table": null}}, {"pk": 199, "model": "pingpong.match", "fields": {"status": 0, "player1_bracket_slot": null, "group": 19, "player2_bracket_slot": null, "player2_score": null, "start_time": null, "player2": 67, "ready_time": null, "player1": 73, "end_time": null, "player1_score": null, "table": null}}, {"pk": 200, "model": "pingpong.match", "fields": {"status": 0, "player1_bracket_slot": null, "group": 19, "player2_bracket_slot": null, "player2_score": null, "start_time": null, "player2": 73, "ready_time": null, "player1": 66, "end_time": null, "player1_score": null, "table": null}}, {"pk": 201, "model": "pingpong.match", "fields": {"status": 0, "player1_bracket_slot": null, "group": 19, "player2_bracket_slot": null, "player2_score": null, "start_time": null, "player2": 72, "ready_time": null, "player1": 71, "end_time": null, "player1_score": null, "table": null}}, {"pk": 202, "model": "pingpong.match", "fields": {"status": 0, "player1_bracket_slot": null, "group": 19, "player2_bracket_slot": null, "player2_score": null, "start_time": null, "player2": 71, "ready_time": null, "player1": 73, "end_time": null, "player1_score": null, "table": null}}, {"pk": 203, "model": "pingpong.match", "fields": {"status": 0, "player1_bracket_slot": null, "group": 19, "player2_bracket_slot": null, "player2_score": null, "start_time": null, "player2": 66, "ready_time": null, "player1": 67, "end_time": null, "player1_score": null, "table": null}}, {"pk": 204, "model": "pingpong.match", "fields": {"status": 0, "player1_bracket_slot": null, "group": 19, "player2_bracket_slot": null, "player2_score": null, "start_time": null, "player2": 67, "ready_time": null, "player1": 71, "end_time": null, "player1_score": null, "table": null}}, {"pk": 205, "model": "pingpong.match", "fields": {"status": 0, "player1_bracket_slot": null, "group": 19, "player2_bracket_slot": null, "player2_score": null, "start_time": null, "player2": 73, "ready_time": null, "player1": 72, "end_time": null, "player1_score": null, "table": null}}, {"pk": 206, "model": "pingpong.match", "fields": {"status": 2, "player1_bracket_slot": null, "group": 19, "player2_bracket_slot": null, "player2_score": null, "start_time": "2017-11-18T09:51:14.484Z", "player2": null, "ready_time": null, "player1": null, "end_time": null, "player1_score": null, "table": 3}}, {"pk": 207, "model": "pingpong.match", "fields": {"status": 0, "player1_bracket_slot": 169, "group": null, "player2_bracket_slot": 170, "player2_score": null, "start_time": null, "player2": null, "ready_time": null, "player1": 69, "end_time": null, "player1_score": null, "table": null}}, {"pk": 208, "model": "pingpong.match", "fields": {"status": 0, "player1_bracket_slot": 172, "group": null, "player2_bracket_slot": 173, "player2_score": null, "start_time": null, "player2": null, "ready_time": null, "player1": 65, "end_time": null, "player1_score": null, "table": null}}, {"pk": 209, "model": "pingpong.match", "fields": {"status": 0, "player1_bracket_slot": 168, "group": null, "player2_bracket_slot": 171, "player2_score": null, "start_time": null, "player2": null, "ready_time": null, "player1": null, "end_time": null, "player1_score": null, "table": null}}, {"pk": 210, "model": "pingpong.match", "fields": {"status": 3, "player1_bracket_slot": 177, "group": null, "player2_bracket_slot": 178, "player2_score": null, "start_time": null, "player2": null, "ready_time": null, "player1": 70, "end_time": null, "player1_score": null, "table": null}}, {"pk": 211, "model": "pingpong.match", "fields": {"status": 0, "player1_bracket_slot": 180, "group": null, "player2_bracket_slot": 181, "player2_score": null, "start_time": null, "player2": null, "ready_time": null, "player1": null, "end_time": null, "player1_score": null, "table": null}}, {"pk": 212, "model": "pingpong.match", "fields": {"status": 0, "player1_bracket_slot": 176, "group": null, "player2_bracket_slot": 179, "player2_score": null, "start_time": null, "player2": null, "ready_time": null, "player1": 70, "end_time": null, "player1_score": null, "table": null}}, {"pk": 213, "model": "pingpong.match", "fields": {"status": 3, "player1_bracket_slot": 184, "group": null, "player2_bracket_slot": 185, "player2_score": null, "start_time": null, "player2": null, "ready_time": null, "player1": 68, "end_time": null, "player1_score": null, "table": null}}, {"pk": 214, "model": "pingpong.match", "fields": {"status": 3, "player1_bracket_slot": 187, "group": null, "player2_bracket_slot": 188, "player2_score": null, "start_time": null, "player2": null, "ready_time": null, "player1": null, "end_time": null, "player1_score": null, "table": null}}, {"pk": 215, "model": "pingpong.match", "fields": {"status": 0, "player1_bracket_slot": 183, "group": null, "player2_bracket_slot": 186, "player2_score": null, "start_time": null, "player2": null, "ready_time": null, "player1": 68, "end_time": null, "player1_score": null, "table": null}}, {"pk": 216, "model": "pingpong.match", "fields": {"status": 0, "player1_bracket_slot": 175, "group": null, "player2_bracket_slot": 182, "player2_score": null, "start_time": null, "player2": null, "ready_time": null, "player1": null, "end_time": null, "player1_score": null, "table": null}}, {"pk": 217, "model": "pingpong.match", "fields": {"status": 0, "player1_bracket_slot": null, "group": 20, "player2_bracket_slot": null, "player2_score": null, "start_time": null, "player2": 75, "ready_time": null, "player1": 79, "end_time": null, "player1_score": null, "table": null}}, {"pk": 218, "model": "pingpong.match", "fields": {"status": 0, "player1_bracket_slot": null, "group": 20, "player2_bracket_slot": null, "player2_score": null, "start_time": null, "player2": 74, "ready_time": null, "player1": 77, "end_time": null, "player1_score": null, "table": null}}, {"pk": 219, "model": "pingpong.match", "fields": {"status": 0, "player1_bracket_slot": null, "group": 20, "player2_bracket_slot": null, "player2_score": null, "start_time": null, "player2": 76, "ready_time": null, "player1": 78, "end_time": null, "player1_score": null, "table": null}}, {"pk": 220, "model": "pingpong.match", "fields": {"status": 0, "player1_bracket_slot": null, "group": 20, "player2_bracket_slot": null, "player2_score": null, "start_time": null, "player2": 76, "ready_time": null, "player1": 75, "end_time": null, "player1_score": null, "table": null}}, {"pk": 221, "model": "pingpong.match", "fields": {"status": 0, "player1_bracket_slot": null, "group": 20, "player2_bracket_slot": null, "player2_score": null, "start_time": null, "player2": 78, "ready_time": null, "player1": 74, "end_time": null, "player1_score": null, "table": null}}, {"pk": 222, "model": "pingpong.match", "fields": {"status": 0, "player1_bracket_slot": null, "group": 20, "player2_bracket_slot": null, "player2_score": null, "start_time": null, "player2": 77, "ready_time": null, "player1": 79, "end_time": null, "player1_score": null, "table": null}}, {"pk": 223, "model": "pingpong.match", "fields": {"status": 0, "player1_bracket_slot": null, "group": 20, "player2_bracket_slot": null, "player2_score": null, "start_time": null, "player2": 75, "ready_time": null, "player1": 77, "end_time": null, "player1_score": null, "table": null}}, {"pk": 224, "model": "pingpong.match", "fields": {"status": 0, "player1_bracket_slot": null, "group": 20, "player2_bracket_slot": null, "player2_score": null, "start_time": null, "player2": 79, "ready_time": null, "player1": 78, "end_time": null, "player1_score": null, "table": null}}, {"pk": 225, "model": "pingpong.match", "fields": {"status": 0, "player1_bracket_slot": null, "group": 20, "player2_bracket_slot": null, "player2_score": null, "start_time": null, "player2": 74, "ready_time": null, "player1": 76, "end_time": null, "player1_score": null, "table": null}}, {"pk": 226, "model": "pingpong.match", "fields": {"status": 0, "player1_bracket_slot": null, "group": 20, "player2_bracket_slot": null, "player2_score": null, "start_time": null, "player2": 74, "ready_time": null, "player1": 75, "end_time": null, "player1_score": null, "table": null}}, {"pk": 227, "model": "pingpong.match", "fields": {"status": 0, "player1_bracket_slot": null, "group": 20, "player2_bracket_slot": null, "player2_score": null, "start_time": null, "player2": 76, "ready_time": null, "player1": 79, "end_time": null, "player1_score": null, "table": null}}, {"pk": 228, "model": "pingpong.match", "fields": {"status": 0, "player1_bracket_slot": null, "group": 20, "player2_bracket_slot": null, "player2_score": null, "start_time": null, "player2": 78, "ready_time": null, "player1": 77, "end_time": null, "player1_score": null, "table": null}}, {"pk": 229, "model": "pingpong.match", "fields": {"status": 0, "player1_bracket_slot": null, "group": 20, "player2_bracket_slot": null, "player2_score": null, "start_time": null, "player2": 75, "ready_time": null, "player1": 78, "end_time": null, "player1_score": null, "table": null}}, {"pk": 230, "model": "pingpong.match", "fields": {"status": 0, "player1_bracket_slot": null, "group": 20, "player2_bracket_slot": null, "player2_score": null, "start_time": null, "player2": 77, "ready_time": null, "player1": 76, "end_time": null, "player1_score": null, "table": null}}, {"pk": 231, "model": "pingpong.match", "fields": {"status": 0, "player1_bracket_slot": null, "group": 20, "player2_bracket_slot": null, "player2_score": null, "start_time": null, "player2": 79, "ready_time": null, "player1": 74, "end_time": null, "player1_score": null, "table": null}}, {"pk": 232, "model": "pingpong.match", "fields": {"status": 2, "player1_bracket_slot": null, "group": 20, "player2_bracket_slot": null, "player2_score": null, "start_time": "2017-11-18T09:51:57.076Z", "player2": null, "ready_time": null, "player1": null, "end_time": null, "player1_score": null, "table": 8}}, {"pk": 237, "model": "pingpong.match", "fields": {"status": 3, "player1_bracket_slot": null, "group": 21, "player2_bracket_slot": null, "player2_score": null, "start_time": null, "player2": 80, "ready_time": null, "player1": 82, "end_time": "2017-11-18T11:46:11.506Z", "player1_score": null, "table": null}}, {"pk": 238, "model": "pingpong.match", "fields": {"status": 3, "player1_bracket_slot": null, "group": 21, "player2_bracket_slot": null, "player2_score": null, "start_time": null, "player2": 83, "ready_time": null, "player1": 81, "end_time": "2017-11-18T11:46:11.506Z", "player1_score": null, "table": null}}, {"pk": 239, "model": "pingpong.match", "fields": {"status": 3, "player1_bracket_slot": null, "group": 21, "player2_bracket_slot": null, "player2_score": null, "start_time": null, "player2": 83, "ready_time": null, "player1": 80, "end_time": "2017-11-18T11:46:11.506Z", "player1_score": null, "table": null}}, {"pk": 240, "model": "pingpong.match", "fields": {"status": 3, "player1_bracket_slot": null, "group": 21, "player2_bracket_slot": null, "player2_score": null, "start_time": null, "player2": 81, "ready_time": null, "player1": 82, "end_time": "2017-11-18T11:46:11.506Z", "player1_score": null, "table": null}}, {"pk": 241, "model": "pingpong.match", "fields": {"status": 3, "player1_bracket_slot": null, "group": 21, "player2_bracket_slot": null, "player2_score": null, "start_time": null, "player2": 80, "ready_time": null, "player1": 81, "end_time": "2017-11-18T11:46:11.506Z", "player1_score": null, "table": null}}, {"pk": 242, "model": "pingpong.match", "fields": {"status": 3, "player1_bracket_slot": null, "group": 21, "player2_bracket_slot": null, "player2_score": null, "start_time": null, "player2": 82, "ready_time": null, "player1": 83, "end_time": "2017-11-18T11:46:11.506Z", "player1_score": null, "table": null}}, {"pk": 243, "model": "pingpong.match", "fields": {"status": 3, "player1_bracket_slot": null, "group": 21, "player2_bracket_slot": null, "player2_score": null, "start_time": "2017-11-18T10:06:02.320Z", "player2": null, "ready_time": null, "player1": null, "end_time": "2017-11-18T11:46:11.506Z", "player1_score": null, "table": 2}}, {"pk": 283, "model": "pingpong.match", "fields": {"status": 0, "player1_bracket_slot": null, "group": 23, "player2_bracket_slot": null, "player2_score": null, "start_time": null, "player2": 95, "ready_time": null, "player1": 96, "end_time": null, "player1_score": null, "table": null}}, {"pk": 284, "model": "pingpong.match", "fields": {"status": 0, "player1_bracket_slot": null, "group": 23, "player2_bracket_slot": null, "player2_score": null, "start_time": null, "player2": 99, "ready_time": null, "player1": 101, "end_time": null, "player1_score": null, "table": null}}, {"pk": 285, "model": "pingpong.match", "fields": {"status": 0, "player1_bracket_slot": null, "group": 23, "player2_bracket_slot": null, "player2_score": null, "start_time": null, "player2": 100, "ready_time": null, "player1": 102, "end_time": null, "player1_score": null, "table": null}}, {"pk": 286, "model": "pingpong.match", "fields": {"status": 0, "player1_bracket_slot": null, "group": 23, "player2_bracket_slot": null, "player2_score": null, "start_time": null, "player2": 98, "ready_time": null, "player1": 97, "end_time": null, "player1_score": null, "table": null}}, {"pk": 287, "model": "pingpong.match", "fields": {"status": 0, "player1_bracket_slot": null, "group": 23, "player2_bracket_slot": null, "player2_score": null, "start_time": null, "player2": 98, "ready_time": null, "player1": 95, "end_time": null, "player1_score": null, "table": null}}, {"pk": 288, "model": "pingpong.match", "fields": {"status": 0, "player1_bracket_slot": null, "group": 23, "player2_bracket_slot": null, "player2_score": null, "start_time": null, "player2": 97, "ready_time": null, "player1": 100, "end_time": null, "player1_score": null, "table": null}}, {"pk": 289, "model": "pingpong.match", "fields": {"status": 0, "player1_bracket_slot": null, "group": 23, "player2_bracket_slot": null, "player2_score": null, "start_time": null, "player2": 102, "ready_time": null, "player1": 99, "end_time": null, "player1_score": null, "table": null}}, {"pk": 290, "model": "pingpong.match", "fields": {"status": 0, "player1_bracket_slot": null, "group": 23, "player2_bracket_slot": null, "player2_score": null, "start_time": null, "player2": 101, "ready_time": null, "player1": 96, "end_time": null, "player1_score": null, "table": null}}, {"pk": 291, "model": "pingpong.match", "fields": {"status": 0, "player1_bracket_slot": null, "group": 23, "player2_bracket_slot": null, "player2_score": null, "start_time": null, "player2": 95, "ready_time": null, "player1": 101, "end_time": null, "player1_score": null, "table": null}}, {"pk": 292, "model": "pingpong.match", "fields": {"status": 0, "player1_bracket_slot": null, "group": 23, "player2_bracket_slot": null, "player2_score": null, "start_time": null, "player2": 96, "ready_time": null, "player1": 102, "end_time": null, "player1_score": null, "table": null}}, {"pk": 293, "model": "pingpong.match", "fields": {"status": 0, "player1_bracket_slot": null, "group": 23, "player2_bracket_slot": null, "player2_score": null, "start_time": null, "player2": 99, "ready_time": null, "player1": 97, "end_time": null, "player1_score": null, "table": null}}, {"pk": 294, "model": "pingpong.match", "fields": {"status": 0, "player1_bracket_slot": null, "group": 23, "player2_bracket_slot": null, "player2_score": null, "start_time": null, "player2": 100, "ready_time": null, "player1": 98, "end_time": null, "player1_score": null, "table": null}}, {"pk": 295, "model": "pingpong.match", "fields": {"status": 0, "player1_bracket_slot": null, "group": 23, "player2_bracket_slot": null, "player2_score": null, "start_time": null, "player2": 100, "ready_time": null, "player1": 95, "end_time": null, "player1_score": null, "table": null}}, {"pk": 296, "model": "pingpong.match", "fields": {"status": 0, "player1_bracket_slot": null, "group": 23, "player2_bracket_slot": null, "player2_score": null, "start_time": null, "player2": 98, "ready_time": null, "player1": 99, "end_time": null, "player1_score": null, "table": null}}, {"pk": 297, "model": "pingpong.match", "fields": {"status": 0, "player1_bracket_slot": null, "group": 23, "player2_bracket_slot": null, "player2_score": null, "start_time": null, "player2": 97, "ready_time": null, "player1": 96, "end_time": null, "player1_score": null, "table": null}}, {"pk": 298, "model": "pingpong.match", "fields": {"status": 0, "player1_bracket_slot": null, "group": 23, "player2_bracket_slot": null, "player2_score": null, "start_time": null, "player2": 102, "ready_time": null, "player1": 101, "end_time": null, "player1_score": null, "table": null}}, {"pk": 299, "model": "pingpong.match", "fields": {"status": 0, "player1_bracket_slot": null, "group": 23, "player2_bracket_slot": null, "player2_score": null, "start_time": null, "player2": 95, "ready_time": null, "player1": 102, "end_time": null, "player1_score": null, "table": null}}, {"pk": 300, "model": "pingpong.match", "fields": {"status": 0, "player1_bracket_slot": null, "group": 23, "player2_bracket_slot": null, "player2_score": null, "start_time": null, "player2": 101, "ready_time": null, "player1": 97, "end_time": null, "player1_score": null, "table": null}}, {"pk": 301, "model": "pingpong.match", "fields": {"status": 0, "player1_bracket_slot": null, "group": 23, "player2_bracket_slot": null, "player2_score": null, "start_time": null, "player2": 96, "ready_time": null, "player1": 98, "end_time": null, "player1_score": null, "table": null}}, {"pk": 302, "model": "pingpong.match", "fields": {"status": 0, "player1_bracket_slot": null, "group": 23, "player2_bracket_slot": null, "player2_score": null, "start_time": null, "player2": 99, "ready_time": null, "player1": 100, "end_time": null, "player1_score": null, "table": null}}, {"pk": 303, "model": "pingpong.match", "fields": {"status": 0, "player1_bracket_slot": null, "group": 23, "player2_bracket_slot": null, "player2_score": null, "start_time": null, "player2": 99, "ready_time": null, "player1": 95, "end_time": null, "player1_score": null, "table": null}}, {"pk": 304, "model": "pingpong.match", "fields": {"status": 0, "player1_bracket_slot": null, "group": 23, "player2_bracket_slot": null, "player2_score": null, "start_time": null, "player2": 100, "ready_time": null, "player1": 96, "end_time": null, "player1_score": null, "table": null}}, {"pk": 305, "model": "pingpong.match", "fields": {"status": 0, "player1_bracket_slot": null, "group": 23, "player2_bracket_slot": null, "player2_score": null, "start_time": null, "player2": 98, "ready_time": null, "player1": 101, "end_time": null, "player1_score": null, "table": null}}, {"pk": 306, "model": "pingpong.match", "fields": {"status": 0, "player1_bracket_slot": null, "group": 23, "player2_bracket_slot": null, "player2_score": null, "start_time": null, "player2": 97, "ready_time": null, "player1": 102, "end_time": null, "player1_score": null, "table": null}}, {"pk": 307, "model": "pingpong.match", "fields": {"status": 0, "player1_bracket_slot": null, "group": 23, "player2_bracket_slot": null, "player2_score": null, "start_time": null, "player2": 95, "ready_time": null, "player1": 97, "end_time": null, "player1_score": null, "table": null}}, {"pk": 308, "model": "pingpong.match", "fields": {"status": 0, "player1_bracket_slot": null, "group": 23, "player2_bracket_slot": null, "player2_score": null, "start_time": null, "player2": 102, "ready_time": null, "player1": 98, "end_time": null, "player1_score": null, "table": null}}, {"pk": 309, "model": "pingpong.match", "fields": {"status": 0, "player1_bracket_slot": null, "group": 23, "player2_bracket_slot": null, "player2_score": null, "start_time": null, "player2": 101, "ready_time": null, "player1": 100, "end_time": null, "player1_score": null, "table": null}}, {"pk": 310, "model": "pingpong.match", "fields": {"status": 0, "player1_bracket_slot": null, "group": 23, "player2_bracket_slot": null, "player2_score": null, "start_time": null, "player2": 96, "ready_time": null, "player1": 99, "end_time": null, "player1_score": null, "table": null}}, {"pk": 311, "model": "pingpong.match", "fields": {"status": 2, "player1_bracket_slot": null, "group": 23, "player2_bracket_slot": null, "player2_score": null, "start_time": "2017-11-18T11:06:47.502Z", "player2": null, "ready_time": null, "player1": null, "end_time": null, "player1_score": null, "table": 10}}, {"pk": 320, "model": "pingpong.match", "fields": {"status": 0, "player1_bracket_slot": null, "group": 24, "player2_bracket_slot": null, "player2_score": null, "start_time": null, "player2": 87, "ready_time": null, "player1": 86, "end_time": null, "player1_score": null, "table": null}}, {"pk": 321, "model": "pingpong.match", "fields": {"status": 0, "player1_bracket_slot": null, "group": 24, "player2_bracket_slot": null, "player2_score": null, "start_time": null, "player2": 85, "ready_time": null, "player1": 88, "end_time": null, "player1_score": null, "table": null}}, {"pk": 322, "model": "pingpong.match", "fields": {"status": 0, "player1_bracket_slot": null, "group": 24, "player2_bracket_slot": null, "player2_score": null, "start_time": null, "player2": 85, "ready_time": null, "player1": 87, "end_time": null, "player1_score": null, "table": null}}, {"pk": 323, "model": "pingpong.match", "fields": {"status": 0, "player1_bracket_slot": null, "group": 24, "player2_bracket_slot": null, "player2_score": null, "start_time": null, "player2": 88, "ready_time": null, "player1": 86, "end_time": null, "player1_score": null, "table": null}}, {"pk": 324, "model": "pingpong.match", "fields": {"status": 0, "player1_bracket_slot": null, "group": 24, "player2_bracket_slot": null, "player2_score": null, "start_time": null, "player2": 87, "ready_time": null, "player1": 88, "end_time": null, "player1_score": null, "table": null}}, {"pk": 325, "model": "pingpong.match", "fields": {"status": 0, "player1_bracket_slot": null, "group": 24, "player2_bracket_slot": null, "player2_score": null, "start_time": null, "player2": 86, "ready_time": null, "player1": 85, "end_time": null, "player1_score": null, "table": null}}, {"pk": 326, "model": "pingpong.match", "fields": {"status": 2, "player1_bracket_slot": null, "group": 24, "player2_bracket_slot": null, "player2_score": null, "start_time": "2017-11-18T10:24:22.417Z", "player2": null, "ready_time": null, "player1": null, "end_time": null, "player1_score": null, "table": 5}}, {"pk": 338, "model": "pingpong.match", "fields": {"status": 0, "player1_bracket_slot": null, "group": 26, "player2_bracket_slot": null, "player2_score": null, "start_time": null, "player2": 93, "ready_time": null, "player1": 91, "end_time": null, "player1_score": null, "table": null}}, {"pk": 339, "model": "pingpong.match", "fields": {"status": 0, "player1_bracket_slot": null, "group": 26, "player2_bracket_slot": null, "player2_score": null, "start_time": null, "player2": 94, "ready_time": null, "player1": 92, "end_time": null, "player1_score": null, "table": null}}, {"pk": 340, "model": "pingpong.match", "fields": {"status": 0, "player1_bracket_slot": null, "group": 26, "player2_bracket_slot": null, "player2_score": null, "start_time": null, "player2": 94, "ready_time": null, "player1": 93, "end_time": null, "player1_score": null, "table": null}}, {"pk": 341, "model": "pingpong.match", "fields": {"status": 0, "player1_bracket_slot": null, "group": 26, "player2_bracket_slot": null, "player2_score": null, "start_time": null, "player2": 92, "ready_time": null, "player1": 91, "end_time": null, "player1_score": null, "table": null}}, {"pk": 342, "model": "pingpong.match", "fields": {"status": 0, "player1_bracket_slot": null, "group": 26, "player2_bracket_slot": null, "player2_score": null, "start_time": null, "player2": 93, "ready_time": null, "player1": 92, "end_time": null, "player1_score": null, "table": null}}, {"pk": 343, "model": "pingpong.match", "fields": {"status": 0, "player1_bracket_slot": null, "group": 26, "player2_bracket_slot": null, "player2_score": null, "start_time": null, "player2": 91, "ready_time": null, "player1": 94, "end_time": null, "player1_score": null, "table": null}}, {"pk": 344, "model": "pingpong.match", "fields": {"status": 2, "player1_bracket_slot": null, "group": 26, "player2_bracket_slot": null, "player2_score": null, "start_time": "2017-11-18T12:00:46.446Z", "player2": null, "ready_time": null, "player1": null, "end_time": null, "player1_score": null, "table": 9}}, {"pk": 345, "model": "pingpong.match", "fields": {"status": 0, "player1_bracket_slot": 254, "group": null, "player2_bracket_slot": 255, "player2_score": null, "start_time": null, "player2": null, "ready_time": null, "player1": null, "end_time": null, "player1_score": null, "table": null}}, {"pk": 346, "model": "pingpong.match", "fields": {"status": 0, "player1_bracket_slot": 257, "group": null, "player2_bracket_slot": 258, "player2_score": null, "start_time": null, "player2": null, "ready_time": null, "player1": null, "end_time": null, "player1_score": null, "table": null}}, {"pk": 103, "model": "pingpong.double", "fields": {"player2": 30, "player1": 29}}, {"pk": 104, "model": "pingpong.double", "fields": {"player2": 14, "player1": 35}}, {"pk": 105, "model": "pingpong.double", "fields": {"player2": 17, "player1": 42}}, {"pk": 106, "model": "pingpong.double", "fields": {"player2": 41, "player1": 72}}, {"pk": 107, "model": "pingpong.double", "fields": {"player2": 64, "player1": 39}}, {"pk": 108, "model": "pingpong.double", "fields": {"player2": 31, "player1": 15}}, {"pk": 109, "model": "pingpong.double", "fields": {"player2": 63, "player1": 20}}, {"pk": 110, "model": "pingpong.double", "fields": {"player2": 13, "player1": 27}}, {"pk": 111, "model": "pingpong.double", "fields": {"player2": 37, "player1": 25}}, {"pk": 112, "model": "pingpong.double", "fields": {"player2": 56, "player1": 32}}, {"pk": 113, "model": "pingpong.double", "fields": {"player2": 12, "player1": 21}}, {"pk": 114, "model": "pingpong.double", "fields": {"player2": 24, "player1": 95}}, {"pk": 115, "model": "pingpong.double", "fields": {"player2": 46, "player1": 45}}, {"pk": 116, "model": "pingpong.double", "fields": {"player2": 54, "player1": 53}}, {"pk": 117, "model": "pingpong.double", "fields": {"player2": 36, "player1": 18}}, {"pk": 118, "model": "pingpong.double", "fields": {"player2": 44, "player1": 51}}, {"pk": 119, "model": "pingpong.double", "fields": {"player2": 50, "player1": 49}}, {"pk": 120, "model": "pingpong.double", "fields": {"player2": 16, "player1": 47}}, {"pk": 4, "model": "pingpong.group", "fields": {"category": 10, "table": null, "status": 0, "name": "A"}}, {"pk": 5, "model": "pingpong.group", "fields": {"category": 10, "table": null, "status": 0, "name": "B"}}, {"pk": 6, "model": "pingpong.group", "fields": {"category": 10, "table": null, "status": 0, "name": "C"}}, {"pk": 7, "model": "pingpong.group", "fields": {"category": 2, "table": null, "status": 0, "name": "A"}}, {"pk": 8, "model": "pingpong.group", "fields": {"category": 2, "table": null, "status": 0, "name": "B"}}, {"pk": 9, "model": "pingpong.group", "fields": {"category": 2, "table": null, "status": 0, "name": "C"}}, {"pk": 10, "model": "pingpong.group", "fields": {"category": 3, "table": null, "status": 0, "name": "A"}}, {"pk": 11, "model": "pingpong.group", "fields": {"category": 3, "table": null, "status": 0, "name": "B"}}, {"pk": 12, "model": "pingpong.group", "fields": {"category": 3, "table": null, "status": 0, "name": "C"}}, {"pk": 13, "model": "pingpong.group", "fields": {"category": 3, "table": null, "status": 0, "name": "D"}}, {"pk": 14, "model": "pingpong.group", "fields": {"category": 3, "table": null, "status": 0, "name": "E"}}, {"pk": 15, "model": "pingpong.group", "fields": {"category": 3, "table": null, "status": 0, "name": "F"}}, {"pk": 16, "model": "pingpong.group", "fields": {"category": 4, "table": null, "status": 0, "name": "A"}}, {"pk": 17, "model": "pingpong.group", "fields": {"category": 4, "table": null, "status": 0, "name": "B"}}, {"pk": 18, "model": "pingpong.group", "fields": {"category": 5, "table": null, "status": 0, "name": "A"}}, {"pk": 19, "model": "pingpong.group", "fields": {"category": 5, "table": null, "status": 0, "name": "B"}}, {"pk": 20, "model": "pingpong.group", "fields": {"category": 6, "table": null, "status": 0, "name": "A"}}, {"pk": 21, "model": "pingpong.group", "fields": {"category": 7, "table": null, "status": 0, "name": "A"}}, {"pk": 23, "model": "pingpong.group", "fields": {"category": 11, "table": null, "status": 0, "name": "A"}}, {"pk": 24, "model": "pingpong.group", "fields": {"category": 8, "table": null, "status": 0, "name": "A"}}, {"pk": 26, "model": "pingpong.group", "fields": {"category": 9, "table": null, "status": 0, "name": "A"}}, {"pk": 13, "model": "pingpong.groupmember", "fields": {"player": 44, "group": 4, "place": 2, "leader": true}}, {"pk": 14, "model": "pingpong.groupmember", "fields": {"player": 48, "group": 4, "place": 1, "leader": false}}, {"pk": 15, "model": "pingpong.groupmember", "fields": {"player": 52, "group": 4, "place": 4, "leader": false}}, {"pk": 16, "model": "pingpong.groupmember", "fields": {"player": 46, "group": 4, "place": 3, "leader": false}}, {"pk": 17, "model": "pingpong.groupmember", "fields": {"player": 51, "group": 5, "place": 3, "leader": true}}, {"pk": 18, "model": "pingpong.groupmember", "fields": {"player": 47, "group": 5, "place": 1, "leader": false}}, {"pk": 19, "model": "pingpong.groupmember", "fields": {"player": 49, "group": 5, "place": 4, "leader": false}}, {"pk": 20, "model": "pingpong.groupmember", "fields": {"player": 50, "group": 5, "place": 2, "leader": false}}, {"pk": 21, "model": "pingpong.groupmember", "fields": {"player": 54, "group": 6, "place": 2, "leader": true}}, {"pk": 22, "model": "pingpong.groupmember", "fields": {"player": 53, "group": 6, "place": 1, "leader": false}}, {"pk": 23, "model": "pingpong.groupmember", "fields": {"player": 45, "group": 6, "place": 4, "leader": false}}, {"pk": 24, "model": "pingpong.groupmember", "fields": {"player": 55, "group": 6, "place": 3, "leader": false}}, {"pk": 25, "model": "pingpong.groupmember", "fields": {"player": 21, "group": 7, "place": 1, "leader": true}}, {"pk": 26, "model": "pingpong.groupmember", "fields": {"player": 16, "group": 7, "place": 2, "leader": false}}, {"pk": 27, "model": "pingpong.groupmember", "fields": {"player": 19, "group": 7, "place": 3, "leader": false}}, {"pk": 28, "model": "pingpong.groupmember", "fields": {"player": 17, "group": 8, "place": 2, "leader": true}}, {"pk": 29, "model": "pingpong.groupmember", "fields": {"player": 18, "group": 8, "place": 3, "leader": false}}, {"pk": 30, "model": "pingpong.groupmember", "fields": {"player": 12, "group": 8, "place": 1, "leader": false}}, {"pk": 31, "model": "pingpong.groupmember", "fields": {"player": 13, "group": 8, "place": 4, "leader": false}}, {"pk": 32, "model": "pingpong.groupmember", "fields": {"player": 15, "group": 9, "place": 1, "leader": true}}, {"pk": 33, "model": "pingpong.groupmember", "fields": {"player": 56, "group": 9, "place": 2, "leader": false}}, {"pk": 34, "model": "pingpong.groupmember", "fields": {"player": 20, "group": 9, "place": 3, "leader": false}}, {"pk": 35, "model": "pingpong.groupmember", "fields": {"player": 14, "group": 9, "place": 4, "leader": false}}, {"pk": 36, "model": "pingpong.groupmember", "fields": {"player": 84, "group": 10, "place": 1, "leader": true}}, {"pk": 37, "model": "pingpong.groupmember", "fields": {"player": 22, "group": 10, "place": 2, "leader": false}}, {"pk": 38, "model": "pingpong.groupmember", "fields": {"player": 28, "group": 10, "place": 3, "leader": false}}, {"pk": 39, "model": "pingpong.groupmember", "fields": {"player": 25, "group": 11, "place": 1, "leader": true}}, {"pk": 40, "model": "pingpong.groupmember", "fields": {"player": 23, "group": 11, "place": 3, "leader": false}}, {"pk": 41, "model": "pingpong.groupmember", "fields": {"player": 27, "group": 11, "place": 2, "leader": false}}, {"pk": 42, "model": "pingpong.groupmember", "fields": {"player": 31, "group": 12, "place": 1, "leader": true}}, {"pk": 43, "model": "pingpong.groupmember", "fields": {"player": 24, "group": 12, "place": 2, "leader": false}}, {"pk": 44, "model": "pingpong.groupmember", "fields": {"player": 30, "group": 12, "place": 4, "leader": false}}, {"pk": 45, "model": "pingpong.groupmember", "fields": {"player": 40, "group": 12, "place": 3, "leader": false}}, {"pk": 46, "model": "pingpong.groupmember", "fields": {"player": 36, "group": 13, "place": 1, "leader": true}}, {"pk": 47, "model": "pingpong.groupmember", "fields": {"player": 32, "group": 13, "place": 3, "leader": false}}, {"pk": 48, "model": "pingpong.groupmember", "fields": {"player": 38, "group": 13, "place": 2, "leader": false}}, {"pk": 49, "model": "pingpong.groupmember", "fields": {"player": 29, "group": 13, "place": 4, "leader": false}}, {"pk": 50, "model": "pingpong.groupmember", "fields": {"player": 37, "group": 14, "place": 1, "leader": true}}, {"pk": 51, "model": "pingpong.groupmember", "fields": {"player": 42, "group": 14, "place": 2, "leader": false}}, {"pk": 52, "model": "pingpong.groupmember", "fields": {"player": 35, "group": 14, "place": 3, "leader": false}}, {"pk": 53, "model": "pingpong.groupmember", "fields": {"player": 41, "group": 14, "place": 4, "leader": false}}, {"pk": 54, "model": "pingpong.groupmember", "fields": {"player": 26, "group": 15, "place": 1, "leader": true}}, {"pk": 55, "model": "pingpong.groupmember", "fields": {"player": 39, "group": 15, "place": 2, "leader": false}}, {"pk": 56, "model": "pingpong.groupmember", "fields": {"player": 34, "group": 15, "place": 4, "leader": false}}, {"pk": 57, "model": "pingpong.groupmember", "fields": {"player": 33, "group": 15, "place": 3, "leader": false}}, {"pk": 58, "model": "pingpong.groupmember", "fields": {"player": 58, "group": 16, "place": 1, "leader": true}}, {"pk": 59, "model": "pingpong.groupmember", "fields": {"player": 57, "group": 16, "place": 2, "leader": false}}, {"pk": 60, "model": "pingpong.groupmember", "fields": {"player": 61, "group": 16, "place": 3, "leader": false}}, {"pk": 61, "model": "pingpong.groupmember", "fields": {"player": 62, "group": 16, "place": 4, "leader": false}}, {"pk": 62, "model": "pingpong.groupmember", "fields": {"player": 64, "group": 17, "place": 1, "leader": true}}, {"pk": 63, "model": "pingpong.groupmember", "fields": {"player": 60, "group": 17, "place": 2, "leader": false}}, {"pk": 64, "model": "pingpong.groupmember", "fields": {"player": 59, "group": 17, "place": 4, "leader": false}}, {"pk": 65, "model": "pingpong.groupmember", "fields": {"player": 63, "group": 17, "place": 3, "leader": false}}, {"pk": 66, "model": "pingpong.groupmember", "fields": {"player": 69, "group": 18, "place": 1, "leader": true}}, {"pk": 67, "model": "pingpong.groupmember", "fields": {"player": 65, "group": 18, "place": 2, "leader": false}}, {"pk": 68, "model": "pingpong.groupmember", "fields": {"player": 68, "group": 18, "place": 4, "leader": false}}, {"pk": 69, "model": "pingpong.groupmember", "fields": {"player": 70, "group": 18, "place": 3, "leader": false}}, {"pk": 70, "model": "pingpong.groupmember", "fields": {"player": 73, "group": 19, "place": null, "leader": true}}, {"pk": 71, "model": "pingpong.groupmember", "fields": {"player": 67, "group": 19, "place": null, "leader": false}}, {"pk": 72, "model": "pingpong.groupmember", "fields": {"player": 66, "group": 19, "place": null, "leader": false}}, {"pk": 73, "model": "pingpong.groupmember", "fields": {"player": 71, "group": 19, "place": null, "leader": false}}, {"pk": 74, "model": "pingpong.groupmember", "fields": {"player": 72, "group": 19, "place": null, "leader": false}}, {"pk": 75, "model": "pingpong.groupmember", "fields": {"player": 79, "group": 20, "place": null, "leader": true}}, {"pk": 76, "model": "pingpong.groupmember", "fields": {"player": 77, "group": 20, "place": null, "leader": false}}, {"pk": 77, "model": "pingpong.groupmember", "fields": {"player": 78, "group": 20, "place": null, "leader": false}}, {"pk": 78, "model": "pingpong.groupmember", "fields": {"player": 76, "group": 20, "place": null, "leader": false}}, {"pk": 79, "model": "pingpong.groupmember", "fields": {"player": 74, "group": 20, "place": null, "leader": false}}, {"pk": 80, "model": "pingpong.groupmember", "fields": {"player": 75, "group": 20, "place": null, "leader": false}}, {"pk": 81, "model": "pingpong.groupmember", "fields": {"player": 82, "group": 21, "place": 1, "leader": true}}, {"pk": 82, "model": "pingpong.groupmember", "fields": {"player": 81, "group": 21, "place": 4, "leader": false}}, {"pk": 83, "model": "pingpong.groupmember", "fields": {"player": 83, "group": 21, "place": 3, "leader": false}}, {"pk": 84, "model": "pingpong.groupmember", "fields": {"player": 80, "group": 21, "place": 2, "leader": false}}, {"pk": 93, "model": "pingpong.groupmember", "fields": {"player": 96, "group": 23, "place": null, "leader": true}}, {"pk": 94, "model": "pingpong.groupmember", "fields": {"player": 101, "group": 23, "place": null, "leader": false}}, {"pk": 95, "model": "pingpong.groupmember", "fields": {"player": 102, "group": 23, "place": null, "leader": false}}, {"pk": 96, "model": "pingpong.groupmember", "fields": {"player": 97, "group": 23, "place": null, "leader": false}}, {"pk": 97, "model": "pingpong.groupmember", "fields": {"player": 98, "group": 23, "place": null, "leader": false}}, {"pk": 98, "model": "pingpong.groupmember", "fields": {"player": 100, "group": 23, "place": null, "leader": false}}, {"pk": 99, "model": "pingpong.groupmember", "fields": {"player": 99, "group": 23, "place": null, "leader": false}}, {"pk": 100, "model": "pingpong.groupmember", "fields": {"player": 95, "group": 23, "place": null, "leader": false}}, {"pk": 101, "model": "pingpong.groupmember", "fields": {"player": 86, "group": 24, "place": null, "leader": true}}, {"pk": 102, "model": "pingpong.groupmember", "fields": {"player": 88, "group": 24, "place": null, "leader": false}}, {"pk": 103, "model": "pingpong.groupmember", "fields": {"player": 85, "group": 24, "place": null, "leader": false}}, {"pk": 104, "model": "pingpong.groupmember", "fields": {"player": 87, "group": 24, "place": null, "leader": false}}, {"pk": 109, "model": "pingpong.groupmember", "fields": {"player": 91, "group": 26, "place": null, "leader": true}}, {"pk": 110, "model": "pingpong.groupmember", "fields": {"player": 92, "group": 26, "place": null, "leader": false}}, {"pk": 111, "model": "pingpong.groupmember", "fields": {"player": 94, "group": 26, "place": null, "leader": false}}, {"pk": 112, "model": "pingpong.groupmember", "fields": {"player": 93, "group": 26, "place": null, "leader": false}}, {"pk": 261, "model": "pingpong.knownplayer", "fields": {"search_surname": "Vodusek", "club": "Velenje", "surname": "Vodu\u0161ek", "name": "Tadej", "search_name": "Tadej"}}, {"pk": 262, "model": "pingpong.knownplayer", "fields": {"search_surname": "Kokelj", "club": "Bled", "surname": "Kokelj", "name": "Drejc", "search_name": "Drejc"}}, {"pk": 263, "model": "pingpong.knownplayer", "fields": {"search_surname": "Zupancic", "club": "Izlake", "surname": "Zupan\u010di\u010d", "name": "Iztok", "search_name": "Iztok"}}, {"pk": 264, "model": "pingpong.knownplayer", "fields": {"search_surname": "Klenovsek", "club": "Hrastnik", "surname": "Klenov\u0161ek", "name": "Alja\u017e", "search_name": "Aljaz"}}, {"pk": 265, "model": "pingpong.knownplayer", "fields": {"search_surname": "Rezun", "club": "Trbovlje", "surname": "Re\u017eun", "name": "Miha", "search_name": "Miha"}}, {"pk": 266, "model": "pingpong.knownplayer", "fields": {"search_surname": "Premrl", "club": "Ajdov\u0161\u010dina", "surname": "Premrl", "name": "Dejan", "search_name": "Dejan"}}, {"pk": 267, "model": "pingpong.knownplayer", "fields": {"search_surname": "Cerar", "club": "LJ", "surname": "Cerar", "name": "Uro\u0161", "search_name": "Uros"}}, {"pk": 268, "model": "pingpong.knownplayer", "fields": {"search_surname": "Janezic", "club": "\u0160marje", "surname": "Jane\u017ei\u010d", "name": "Martin", "search_name": "Martin"}}, {"pk": 269, "model": "pingpong.knownplayer", "fields": {"search_surname": "Ori", "club": "Vi\u010d", "surname": "\u00d6ri", "name": "Janez", "search_name": "Janez"}}, {"pk": 270, "model": "pingpong.knownplayer", "fields": {"search_surname": "Smrekar", "club": "", "surname": "Smrekar", "name": "Ale\u0161", "search_name": "Ales"}}, {"pk": 271, "model": "pingpong.knownplayer", "fields": {"search_surname": "Petrin", "club": "Hrastnik", "surname": "Petrin", "name": "Lovro", "search_name": "Lovro"}}, {"pk": 272, "model": "pingpong.knownplayer", "fields": {"search_surname": "Ludvik", "club": "Izola", "surname": "Ludvik", "name": "Kristijan", "search_name": "Kristijan"}}, {"pk": 273, "model": "pingpong.knownplayer", "fields": {"search_surname": "Ulcnik", "club": "Tr\u017ei\u010d", "surname": "Ul\u010dnik", "name": "Matej", "search_name": "Matej"}}, {"pk": 274, "model": "pingpong.knownplayer", "fields": {"search_surname": "Bokal", "club": "\u0160kofja Loka", "surname": "Bokal", "name": "Ivo", "search_name": "Ivo"}}, {"pk": 275, "model": "pingpong.knownplayer", "fields": {"search_surname": "Lisac", "club": "Ko\u010devje", "surname": "Lisac", "name": "Ivan", "search_name": "Ivan"}}, {"pk": 276, "model": "pingpong.knownplayer", "fields": {"search_surname": "Maselj", "club": "Dom\u017eale", "surname": "Maselj", "name": "Bojan", "search_name": "Bojan"}}, {"pk": 277, "model": "pingpong.knownplayer", "fields": {"search_surname": "Zore", "club": "Trojane", "surname": "Zore", "name": "Lojze", "search_name": "Lojze"}}, {"pk": 278, "model": "pingpong.knownplayer", "fields": {"search_surname": "Torkar", "club": "Vi\u010d", "surname": "Torkar", "name": "Drago", "search_name": "Drago"}}, {"pk": 279, "model": "pingpong.knownplayer", "fields": {"search_surname": "Zore", "club": "Dom\u017eale", "surname": "Zore", "name": "Janez", "search_name": "Janez"}}, {"pk": 280, "model": "pingpong.knownplayer", "fields": {"search_surname": "Palcic", "club": "Izlake", "surname": "Pal\u010di\u010d", "name": "Damjan", "search_name": "Damjan"}}, {"pk": 281, "model": "pingpong.knownplayer", "fields": {"search_surname": "Smajgl", "club": "Izola", "surname": "\u0160majgl", "name": "Matja\u017e", "search_name": "Matjaz"}}, {"pk": 282, "model": "pingpong.knownplayer", "fields": {"search_surname": "Kuhelj", "club": "Sti\u010dna", "surname": "Kuhelj", "name": "Bojan", "search_name": "Bojan"}}, {"pk": 283, "model": "pingpong.knownplayer", "fields": {"search_surname": "Skerl", "club": "Dobova", "surname": "\u0160kerl", "name": "Damir", "search_name": "Damir"}}, {"pk": 284, "model": "pingpong.knownplayer", "fields": {"search_surname": "Sever", "club": "vl", "surname": "Sever", "name": "Igor", "search_name": "Igor"}}, {"pk": 285, "model": "pingpong.knownplayer", "fields": {"search_surname": "Vizjak", "club": "Rakek", "surname": "Vizjak", "name": "Darijan", "search_name": "Darijan"}}, {"pk": 286, "model": "pingpong.knownplayer", "fields": {"search_surname": "Veronik", "club": "", "surname": "Veronik", "name": "Rajko", "search_name": "Rajko"}}, {"pk": 287, "model": "pingpong.knownplayer", "fields": {"search_surname": "Urbajs", "club": "Hrastnik", "surname": "Urbajs", "name": "Vojteh", "search_name": "Vojteh"}}, {"pk": 288, "model": "pingpong.knownplayer", "fields": {"search_surname": "Gunther", "club": "Ravne", "surname": "G\u00fcnther", "name": "Erih", "search_name": "Erih"}}, {"pk": 289, "model": "pingpong.knownplayer", "fields": {"search_surname": "Oven", "club": "Sti\u010dna", "surname": "Oven", "name": "Robert", "search_name": "Robert"}}, {"pk": 290, "model": "pingpong.knownplayer", "fields": {"search_surname": "Zizmond", "club": "\u0160empas", "surname": "\u017di\u017emond", "name": "Milan", "search_name": "Milan"}}, {"pk": 291, "model": "pingpong.knownplayer", "fields": {"search_surname": "Gajsek", "club": "Dobova", "surname": "Gaj\u0161ek", "name": "Primo\u017e", "search_name": "Primoz"}}, {"pk": 292, "model": "pingpong.knownplayer", "fields": {"search_surname": "Jontez", "club": "Trbovlje", "surname": "Jontez", "name": "Janez", "search_name": "Janez"}}, {"pk": 293, "model": "pingpong.knownplayer", "fields": {"search_surname": "Vodlan", "club": "Trbovlje", "surname": "Vodlan", "name": "Bla\u017e", "search_name": "Blaz"}}, {"pk": 294, "model": "pingpong.knownplayer", "fields": {"search_surname": "Potrbin", "club": "Trbovlje", "surname": "Potrbin", "name": "Andrej", "search_name": "Andrej"}}, {"pk": 295, "model": "pingpong.knownplayer", "fields": {"search_surname": "Trbovc", "club": "Koper", "surname": "Trbovc", "name": "Drago", "search_name": "Drago"}}, {"pk": 296, "model": "pingpong.knownplayer", "fields": {"search_surname": "Vodusek", "club": "Velenje", "surname": "Vodu\u0161ek", "name": "Fredi", "search_name": "Fredi"}}, {"pk": 297, "model": "pingpong.knownplayer", "fields": {"search_surname": "Tesanovic", "club": "Gorenje", "surname": "Te\u0161anovi\u010d", "name": "Spasoje", "search_name": "Spasoje"}}, {"pk": 298, "model": "pingpong.knownplayer", "fields": {"search_surname": "Cargo", "club": "Gorica", "surname": "\u010cargo", "name": "Zdenko", "search_name": "Zdenko"}}, {"pk": 299, "model": "pingpong.knownplayer", "fields": {"search_surname": "Vodlan", "club": "Trbovlje", "surname": "Vodlan", "name": "Jo\u017ee", "search_name": "Joze"}}, {"pk": 300, "model": "pingpong.knownplayer", "fields": {"search_surname": "Strukelj", "club": "\u0160empas", "surname": "\u0160trukelj", "name": "Igor", "search_name": "Igor"}}, {"pk": 301, "model": "pingpong.knownplayer", "fields": {"search_surname": "Stor", "club": "Celje", "surname": "\u0160tor", "name": "Vojteh", "search_name": "Vojteh"}}, {"pk": 302, "model": "pingpong.knownplayer", "fields": {"search_surname": "Horvat", "club": "Kamnik", "surname": "Horvat", "name": "Edo", "search_name": "Edo"}}, {"pk": 303, "model": "pingpong.knownplayer", "fields": {"search_surname": "Makovec", "club": "\u017diri", "surname": "Makovec", "name": "Darko", "search_name": "Darko"}}, {"pk": 304, "model": "pingpong.knownplayer", "fields": {"search_surname": "Zalaznik", "club": "Celje", "surname": "Zalaznik", "name": "Jo\u017ee", "search_name": "Joze"}}, {"pk": 305, "model": "pingpong.knownplayer", "fields": {"search_surname": "Klep", "club": "Sl. Bistrica", "surname": "Klep", "name": "Drago", "search_name": "Drago"}}, {"pk": 306, "model": "pingpong.knownplayer", "fields": {"search_surname": "Hacin", "club": "Celje", "surname": "Hacin", "name": "Slavko", "search_name": "Slavko"}}, {"pk": 307, "model": "pingpong.knownplayer", "fields": {"search_surname": "Cikojevic", "club": "Celje", "surname": "\u010cikojevi\u010d", "name": "Nedeljko", "search_name": "Nedeljko"}}, {"pk": 308, "model": "pingpong.knownplayer", "fields": {"search_surname": "Skoberne", "club": "Celje", "surname": "\u0160koberne", "name": "Boris", "search_name": "Boris"}}, {"pk": 309, "model": "pingpong.knownplayer", "fields": {"search_surname": "Supanic", "club": "LJ", "surname": "Supani\u010d", "name": "Bojan", "search_name": "Bojan"}}, {"pk": 310, "model": "pingpong.knownplayer", "fields": {"search_surname": "Pogacar", "club": "Kranj", "surname": "Poga\u010dar", "name": "Jo\u017ee", "search_name": "Joze"}}, {"pk": 311, "model": "pingpong.knownplayer", "fields": {"search_surname": "Pretnar", "club": "Kranj", "surname": "Pretnar", "name": "Vinko", "search_name": "Vinko"}}, {"pk": 312, "model": "pingpong.knownplayer", "fields": {"search_surname": "Torkar", "club": "Bled", "surname": "Torkar", "name": "Miha", "search_name": "Miha"}}, {"pk": 313, "model": "pingpong.knownplayer", "fields": {"search_surname": "Govednik", "club": "Metlika", "surname": "Govednik", "name": "Boris", "search_name": "Boris"}}, {"pk": 314, "model": "pingpong.knownplayer", "fields": {"search_surname": "Varl", "club": "Gorica", "surname": "Varl", "name": "Igor", "search_name": "Igor"}}, {"pk": 315, "model": "pingpong.knownplayer", "fields": {"search_surname": "Dezelak", "club": "Litija", "surname": "De\u017eelak", "name": "Vladimir", "search_name": "Vladimir"}}, {"pk": 316, "model": "pingpong.knownplayer", "fields": {"search_surname": "Muzik", "club": "Kri\u017ee", "surname": "Muzik", "name": "Janez", "search_name": "Janez"}}, {"pk": 317, "model": "pingpong.knownplayer", "fields": {"search_surname": "Kunstelj", "club": "Bled", "surname": "Kunstelj", "name": "\u0160tefan", "search_name": "Stefan"}}, {"pk": 318, "model": "pingpong.knownplayer", "fields": {"search_surname": "Fijavz", "club": "Ljutomer", "surname": "Fijav\u017e", "name": "Darko", "search_name": "Darko"}}, {"pk": 319, "model": "pingpong.knownplayer", "fields": {"search_surname": "Vida", "club": "Bohinj", "surname": "Vida", "name": "Sre\u010do", "search_name": "Sreco"}}, {"pk": 320, "model": "pingpong.knownplayer", "fields": {"search_surname": "Glisic", "club": "Bohinj", "surname": "Gli\u0161i\u010d", "name": "Matja\u017e", "search_name": "Matjaz"}}, {"pk": 321, "model": "pingpong.knownplayer", "fields": {"search_surname": "Ajdic", "club": "Bohinj", "surname": "Ajdi\u010d", "name": "Iztok", "search_name": "Iztok"}}, {"pk": 322, "model": "pingpong.knownplayer", "fields": {"search_surname": "Mlakar", "club": "Borovnica", "surname": "Mlakar", "name": "Luka", "search_name": "Luka"}}, {"pk": 323, "model": "pingpong.knownplayer", "fields": {"search_surname": "Svetec", "club": "Kamnik", "surname": "Svetec", "name": "Gregor", "search_name": "Gregor"}}, {"pk": 324, "model": "pingpong.knownplayer", "fields": {"search_surname": "Konjicek", "club": "MB", "surname": "Konji\u010dek", "name": "Boris", "search_name": "Boris"}}, {"pk": 325, "model": "pingpong.knownplayer", "fields": {"search_surname": "Djuric", "club": "Kamnik", "surname": "Djuri\u010d", "name": "\u017deljko", "search_name": "Zeljko"}}, {"pk": 326, "model": "pingpong.knownplayer", "fields": {"search_surname": "Vincec", "club": "M. Sobota", "surname": "Vin\u010dec", "name": "Igor", "search_name": "Igor"}}, {"pk": 327, "model": "pingpong.knownplayer", "fields": {"search_surname": "Nadoh", "club": "Prestranek", "surname": "Nadoh", "name": "Iztok", "search_name": "Iztok"}}, {"pk": 328, "model": "pingpong.knownplayer", "fields": {"search_surname": "Bergoc", "club": "Postojna", "surname": "Bergo\u010d", "name": "Dario", "search_name": "Dario"}}, {"pk": 329, "model": "pingpong.knownplayer", "fields": {"search_surname": "Tkavc", "club": "LJ", "surname": "Tkavc", "name": "Emil", "search_name": "Emil"}}, {"pk": 330, "model": "pingpong.knownplayer", "fields": {"search_surname": "Lesnik", "club": "Radlje", "surname": "Lesnik", "name": "Doris", "search_name": "Doris"}}, {"pk": 331, "model": "pingpong.knownplayer", "fields": {"search_surname": "Zidar Zupan", "club": "vl", "surname": "Zidar Zupan", "name": "Alenka", "search_name": "Alenka"}}, {"pk": 332, "model": "pingpong.knownplayer", "fields": {"search_surname": "Lebaric", "club": "Ravne", "surname": "Lebari\u010d", "name": "Janja", "search_name": "Janja"}}, {"pk": 333, "model": "pingpong.knownplayer", "fields": {"search_surname": "Ramsak", "club": "", "surname": "Ram\u0161ak", "name": "Mirjana", "search_name": "Mirjana"}}, {"pk": 334, "model": "pingpong.knownplayer", "fields": {"search_surname": "Jan", "club": "", "surname": "Jan", "name": "Milena", "search_name": "Milena"}}, {"pk": 335, "model": "pingpong.knownplayer", "fields": {"search_surname": "Mlinar", "club": "\u017diri", "surname": "Mlinar", "name": "Vida", "search_name": "Vida"}}, {"pk": 336, "model": "pingpong.knownplayer", "fields": {"search_surname": "Sebjanic Pupis", "club": "", "surname": "\u0160ebjani\u010d Pupis", "name": "Jasna", "search_name": "Jasna"}}, {"pk": 337, "model": "pingpong.knownplayer", "fields": {"search_surname": "Prezelj", "club": "", "surname": "Prezelj", "name": "\u017diva", "search_name": "Ziva"}}, {"pk": 338, "model": "pingpong.knownplayer", "fields": {"search_surname": "Mocan", "club": "Dom\u017eale", "surname": "Mo\u010dan", "name": "Janez", "search_name": "Janez"}}, {"pk": 339, "model": "pingpong.knownplayer", "fields": {"search_surname": "Rakovec", "club": "Duplje", "surname": "Rakovec", "name": "Brane", "search_name": "Brane"}}, {"pk": 340, "model": "pingpong.knownplayer", "fields": {"search_surname": "Kozjek", "club": "\u0160en\u010dur", "surname": "Kozjek", "name": "Ciril", "search_name": "Ciril"}}, {"pk": 341, "model": "pingpong.knownplayer", "fields": {"search_surname": "Semrov", "club": "Zalog", "surname": "\u0160emrov", "name": "Miro", "search_name": "Miro"}}, {"pk": 342, "model": "pingpong.knownplayer", "fields": {"search_surname": "Hafner", "club": "LJ", "surname": "Hafner", "name": "Jo\u017ee", "search_name": "Joze"}}, {"pk": 343, "model": "pingpong.knownplayer", "fields": {"search_surname": "Burger", "club": "LJ", "surname": "Burger", "name": "Maks", "search_name": "Maks"}}, {"pk": 344, "model": "pingpong.knownplayer", "fields": {"search_surname": "Stankovic", "club": "LJ", "surname": "Stankovi\u010d", "name": "Dragutin", "search_name": "Dragutin"}}, {"pk": 345, "model": "pingpong.knownplayer", "fields": {"search_surname": "Pancur", "club": "Tr\u017ei\u010d", "surname": "Pan\u010dur", "name": "Rado", "search_name": "Rado"}}, {"pk": 346, "model": "pingpong.knownplayer", "fields": {"search_surname": "Krenker", "club": "LJ", "surname": "Krenker", "name": "Franjo", "search_name": "Franjo"}}, {"pk": 347, "model": "pingpong.knownplayer", "fields": {"search_surname": "Leber", "club": "Gorenje", "surname": "Leber", "name": "Tone", "search_name": "Tone"}}, {"pk": 348, "model": "pingpong.knownplayer", "fields": {"search_surname": "Tkavc", "club": "", "surname": "Tkavc", "name": "Emil", "search_name": "Emil"}}, {"pk": 349, "model": "pingpong.knownplayer", "fields": {"search_surname": "Pancur", "club": "", "surname": "Pan\u010dur", "name": "Rado", "search_name": "Rado"}}, {"pk": 350, "model": "pingpong.knownplayer", "fields": {"search_surname": "Klenovsek", "club": "Hrastnik", "surname": "Klenov\u0161ek", "name": "Jurij", "search_name": "Jurij"}}, {"pk": 351, "model": "pingpong.knownplayer", "fields": {"search_surname": "Lapanja", "club": "", "surname": "Lapanja", "name": "Dragica", "search_name": "Dragica"}}, {"pk": 352, "model": "pingpong.knownplayer", "fields": {"search_surname": "Gradisnik", "club": "", "surname": "Gradi\u0161nik", "name": "Sonja", "search_name": "Sonja"}}, {"pk": 353, "model": "pingpong.knownplayer", "fields": {"search_surname": "Krmelj", "club": "", "surname": "Krmelj", "name": "Milana", "search_name": "Milana"}}, {"pk": 354, "model": "pingpong.knownplayer", "fields": {"search_surname": "Smolej", "club": "Jesenice", "surname": "Smolej", "name": "Mojca", "search_name": "Mojca"}}, {"pk": 355, "model": "pingpong.knownplayer", "fields": {"search_surname": "Jancic", "club": "Jesenice", "surname": "Jan\u010di\u010d", "name": "Barbara", "search_name": "Barbara"}}, {"pk": 356, "model": "pingpong.knownplayer", "fields": {"search_surname": "Zeks", "club": "Puconci", "surname": "\u017dek\u0161", "name": "Jo\u017ee", "search_name": "Joze"}}, {"pk": 357, "model": "pingpong.knownplayer", "fields": {"search_surname": "Fartek", "club": "Puconci", "surname": "Fartek", "name": "Jo\u017ee", "search_name": "Joze"}}, {"pk": 358, "model": "pingpong.knownplayer", "fields": {"search_surname": "Strnisnik", "club": "Dom\u017eale", "surname": "Strni\u0161nik", "name": "Franc", "search_name": "Franc"}}, {"pk": 359, "model": "pingpong.knownplayer", "fields": {"search_surname": "Bernardini", "club": "Gorica", "surname": "Bernardini", "name": "Franco", "search_name": "Franco"}}, {"pk": 64, "model": "pingpong.knownclub", "fields": {"name": "Ajdov\u0161\u010dina", "search_name": "Ajdovscina"}}, {"pk": 65, "model": "pingpong.knownclub", "fields": {"name": "Bled", "search_name": "Bled"}}, {"pk": 66, "model": "pingpong.knownclub", "fields": {"name": "Bohinj", "search_name": "Bohinj"}}, {"pk": 67, "model": "pingpong.knownclub", "fields": {"name": "Borovnica", "search_name": "Borovnica"}}, {"pk": 68, "model": "pingpong.knownclub", "fields": {"name": "Celje", "search_name": "Celje"}}, {"pk": 69, "model": "pingpong.knownclub", "fields": {"name": "Dobova", "search_name": "Dobova"}}, {"pk": 70, "model": "pingpong.knownclub", "fields": {"name": "Dom\u017eale", "search_name": "Domzale"}}, {"pk": 71, "model": "pingpong.knownclub", "fields": {"name": "Duplje", "search_name": "Duplje"}}, {"pk": 72, "model": "pingpong.knownclub", "fields": {"name": "Gorenje", "search_name": "Gorenje"}}, {"pk": 73, "model": "pingpong.knownclub", "fields": {"name": "Gorica", "search_name": "Gorica"}}, {"pk": 74, "model": "pingpong.knownclub", "fields": {"name": "Hrastnik", "search_name": "Hrastnik"}}, {"pk": 75, "model": "pingpong.knownclub", "fields": {"name": "Izlake", "search_name": "Izlake"}}, {"pk": 76, "model": "pingpong.knownclub", "fields": {"name": "Izola", "search_name": "Izola"}}, {"pk": 77, "model": "pingpong.knownclub", "fields": {"name": "Jesenice", "search_name": "Jesenice"}}, {"pk": 78, "model": "pingpong.knownclub", "fields": {"name": "Kamnik", "search_name": "Kamnik"}}, {"pk": 79, "model": "pingpong.knownclub", "fields": {"name": "Koper", "search_name": "Koper"}}, {"pk": 80, "model": "pingpong.knownclub", "fields": {"name": "Ko\u010devje", "search_name": "Kocevje"}}, {"pk": 81, "model": "pingpong.knownclub", "fields": {"name": "Kranj", "search_name": "Kranj"}}, {"pk": 82, "model": "pingpong.knownclub", "fields": {"name": "Kri\u017ee", "search_name": "Krize"}}, {"pk": 83, "model": "pingpong.knownclub", "fields": {"name": "LJ", "search_name": "LJ"}}, {"pk": 84, "model": "pingpong.knownclub", "fields": {"name": "Litija", "search_name": "Litija"}}, {"pk": 85, "model": "pingpong.knownclub", "fields": {"name": "Ljutomer", "search_name": "Ljutomer"}}, {"pk": 86, "model": "pingpong.knownclub", "fields": {"name": "M. Sobota", "search_name": "M. Sobota"}}, {"pk": 87, "model": "pingpong.knownclub", "fields": {"name": "MB", "search_name": "MB"}}, {"pk": 88, "model": "pingpong.knownclub", "fields": {"name": "Metlika", "search_name": "Metlika"}}, {"pk": 89, "model": "pingpong.knownclub", "fields": {"name": "Postojna", "search_name": "Postojna"}}, {"pk": 90, "model": "pingpong.knownclub", "fields": {"name": "Prestranek", "search_name": "Prestranek"}}, {"pk": 91, "model": "pingpong.knownclub", "fields": {"name": "Puconci", "search_name": "Puconci"}}, {"pk": 92, "model": "pingpong.knownclub", "fields": {"name": "Radlje", "search_name": "Radlje"}}, {"pk": 93, "model": "pingpong.knownclub", "fields": {"name": "Rakek", "search_name": "Rakek"}}, {"pk": 94, "model": "pingpong.knownclub", "fields": {"name": "Ravne", "search_name": "Ravne"}}, {"pk": 95, "model": "pingpong.knownclub", "fields": {"name": "Sl. Bistrica", "search_name": "Sl. Bistrica"}}, {"pk": 96, "model": "pingpong.knownclub", "fields": {"name": "Sti\u010dna", "search_name": "Sticna"}}, {"pk": 97, "model": "pingpong.knownclub", "fields": {"name": "Trbovlje", "search_name": "Trbovlje"}}, {"pk": 98, "model": "pingpong.knownclub", "fields": {"name": "Trojane", "search_name": "Trojane"}}, {"pk": 99, "model": "pingpong.knownclub", "fields": {"name": "Tr\u017ei\u010d", "search_name": "Trzic"}}, {"pk": 100, "model": "pingpong.knownclub", "fields": {"name": "Velenje", "search_name": "Velenje"}}, {"pk": 101, "model": "pingpong.knownclub", "fields": {"name": "Vi\u010d", "search_name": "Vic"}}, {"pk": 102, "model": "pingpong.knownclub", "fields": {"name": "Zalog", "search_name": "Zalog"}}, {"pk": 103, "model": "pingpong.knownclub", "fields": {"name": "vl", "search_name": "vl"}}, {"pk": 104, "model": "pingpong.knownclub", "fields": {"name": "\u0160empas", "search_name": "Sempas"}}, {"pk": 105, "model": "pingpong.knownclub", "fields": {"name": "\u0160en\u010dur", "search_name": "Sencur"}}, {"pk": 106, "model": "pingpong.knownclub", "fields": {"name": "\u017diri", "search_name": "Ziri"}}, {"pk": 107, "model": "pingpong.knownclub", "fields": {"name": "\u0160kofja Loka", "search_name": "Skofja Loka"}}, {"pk": 108, "model": "pingpong.knownclub", "fields": {"name": "\u0160marje", "search_name": "Smarje"}}, {"pk": 3, "model": "pingpong.bracket", "fields": {"category": 10, "levels": 4, "name": "ZMAGOVALNA SKUPINA", "description": ""}}, {"pk": 4, "model": "pingpong.bracket", "fields": {"category": 10, "levels": 4, "name": "TOLAZILNA SKUPINA", "description": ""}}, {"pk": 5, "model": "pingpong.bracket", "fields": {"category": 2, "levels": 4, "name": "ZMAGOVALNA SKUPINA", "description": ""}}, {"pk": 6, "model": "pingpong.bracket", "fields": {"category": 2, "levels": 4, "name": "TOLAZILNA SKUPINA", "description": ""}}, {"pk": 7, "model": "pingpong.bracket", "fields": {"category": 3, "levels": 5, "name": "ZMAGOVALNA SKUPINA", "description": ""}}, {"pk": 8, "model": "pingpong.bracket", "fields": {"category": 3, "levels": 5, "name": "TOLAZILNA SKUPINA", "description": ""}}, {"pk": 9, "model": "pingpong.bracket", "fields": {"category": 4, "levels": 3, "name": "ZMAGOVALNA SKUPINA", "description": ""}}, {"pk": 10, "model": "pingpong.bracket", "fields": {"category": 4, "levels": 3, "name": "TOLAZILNA SKUPINA", "description": ""}}, {"pk": 11, "model": "pingpong.bracket", "fields": {"category": 5, "levels": 3, "name": "ZMAGOVALNA SKUPINA", "description": ""}}, {"pk": 12, "model": "pingpong.bracket", "fields": {"category": 5, "levels": 4, "name": "TOLAZILNA SKUPINA", "description": ""}}, {"pk": 25, "model": "pingpong.bracket", "fields": {"category": 9, "levels": 2, "name": "ZMAGOVALNA SKUPINA", "description": ""}}, {"pk": 26, "model": "pingpong.bracket", "fields": {"category": 9, "levels": 2, "name": "TOLAZILNA SKUPINA", "description": ""}}, {"pk": 31, "model": "pingpong.bracketslot", "fields": {"status": 0, "match_end": null, "score": null, "level": 0, "match_start": null, "no_player": false, "player": null, "bracket": 3, "winner_goes_to": null, "loser_goes_to": null, "table": null}}, {"pk": 32, "model": "pingpong.bracketslot", "fields": {"status": 0, "match_end": null, "score": null, "level": 1, "match_start": null, "no_player": false, "player": null, "bracket": 3, "winner_goes_to": 31, "loser_goes_to": null, "table": null}}, {"pk": 33, "model": "pingpong.bracketslot", "fields": {"status": 0, "match_end": null, "score": null, "level": 2, "match_start": null, "no_player": false, "player": 48, "bracket": 3, "winner_goes_to": 32, "loser_goes_to": null, "table": null}}, {"pk": 34, "model": "pingpong.bracketslot", "fields": {"status": 0, "match_end": null, "score": null, "level": 3, "match_start": null, "no_player": false, "player": 48, "bracket": 3, "winner_goes_to": 33, "loser_goes_to": null, "table": null}}, {"pk": 35, "model": "pingpong.bracketslot", "fields": {"status": 0, "match_end": null, "score": null, "level": 3, "match_start": null, "no_player": true, "player": null, "bracket": 3, "winner_goes_to": 33, "loser_goes_to": null, "table": null}}, {"pk": 36, "model": "pingpong.bracketslot", "fields": {"status": 0, "match_end": null, "score": null, "level": 2, "match_start": null, "no_player": false, "player": 50, "bracket": 3, "winner_goes_to": 32, "loser_goes_to": null, "table": null}}, {"pk": 37, "model": "pingpong.bracketslot", "fields": {"status": 2, "match_end": "2017-11-18T11:13:45.354Z", "score": 2, "level": 3, "match_start": null, "no_player": false, "player": 54, "bracket": 3, "winner_goes_to": 36, "loser_goes_to": null, "table": null}}, {"pk": 38, "model": "pingpong.bracketslot", "fields": {"status": 2, "match_end": "2017-11-18T11:13:45.365Z", "score": 3, "level": 3, "match_start": null, "no_player": false, "player": 50, "bracket": 3, "winner_goes_to": 36, "loser_goes_to": null, "table": null}}, {"pk": 39, "model": "pingpong.bracketslot", "fields": {"status": 0, "match_end": null, "score": null, "level": 1, "match_start": null, "no_player": false, "player": null, "bracket": 3, "winner_goes_to": 31, "loser_goes_to": null, "table": null}}, {"pk": 40, "model": "pingpong.bracketslot", "fields": {"status": 0, "match_end": null, "score": null, "level": 2, "match_start": null, "no_player": false, "player": null, "bracket": 3, "winner_goes_to": 39, "loser_goes_to": null, "table": null}}, {"pk": 41, "model": "pingpong.bracketslot", "fields": {"status": 0, "match_end": null, "score": null, "level": 3, "match_start": null, "no_player": false, "player": 53, "bracket": 3, "winner_goes_to": 40, "loser_goes_to": null, "table": null}}, {"pk": 42, "model": "pingpong.bracketslot", "fields": {"status": 0, "match_end": null, "score": null, "level": 3, "match_start": null, "no_player": false, "player": 44, "bracket": 3, "winner_goes_to": 40, "loser_goes_to": null, "table": null}}, {"pk": 43, "model": "pingpong.bracketslot", "fields": {"status": 0, "match_end": null, "score": null, "level": 2, "match_start": null, "no_player": false, "player": 47, "bracket": 3, "winner_goes_to": 39, "loser_goes_to": null, "table": null}}, {"pk": 44, "model": "pingpong.bracketslot", "fields": {"status": 0, "match_end": null, "score": null, "level": 3, "match_start": null, "no_player": true, "player": null, "bracket": 3, "winner_goes_to": 43, "loser_goes_to": null, "table": null}}, {"pk": 45, "model": "pingpong.bracketslot", "fields": {"status": 0, "match_end": null, "score": null, "level": 3, "match_start": null, "no_player": false, "player": 47, "bracket": 3, "winner_goes_to": 43, "loser_goes_to": null, "table": null}}, {"pk": 46, "model": "pingpong.bracketslot", "fields": {"status": 0, "match_end": null, "score": null, "level": 0, "match_start": null, "no_player": false, "player": null, "bracket": 4, "winner_goes_to": null, "loser_goes_to": null, "table": null}}, {"pk": 47, "model": "pingpong.bracketslot", "fields": {"status": 0, "match_end": null, "score": null, "level": 1, "match_start": null, "no_player": false, "player": 49, "bracket": 4, "winner_goes_to": 46, "loser_goes_to": null, "table": null}}, {"pk": 48, "model": "pingpong.bracketslot", "fields": {"status": 2, "match_end": "2017-11-18T11:17:39.091Z", "score": 0, "level": 2, "match_start": null, "no_player": false, "player": 46, "bracket": 4, "winner_goes_to": 47, "loser_goes_to": null, "table": null}}, {"pk": 49, "model": "pingpong.bracketslot", "fields": {"status": 0, "match_end": null, "score": null, "level": 3, "match_start": null, "no_player": false, "player": 46, "bracket": 4, "winner_goes_to": 48, "loser_goes_to": null, "table": null}}, {"pk": 50, "model": "pingpong.bracketslot", "fields": {"status": 0, "match_end": null, "score": null, "level": 3, "match_start": null, "no_player": true, "player": null, "bracket": 4, "winner_goes_to": 48, "loser_goes_to": null, "table": null}}, {"pk": 51, "model": "pingpong.bracketslot", "fields": {"status": 2, "match_end": "2017-11-18T11:17:39.100Z", "score": 3, "level": 2, "match_start": null, "no_player": false, "player": 49, "bracket": 4, "winner_goes_to": 47, "loser_goes_to": null, "table": null}}, {"pk": 52, "model": "pingpong.bracketslot", "fields": {"status": 2, "match_end": "2017-11-18T10:32:36.216Z", "score": 0, "level": 3, "match_start": null, "no_player": false, "player": 45, "bracket": 4, "winner_goes_to": 51, "loser_goes_to": null, "table": null}}, {"pk": 53, "model": "pingpong.bracketslot", "fields": {"status": 2, "match_end": "2017-11-18T10:32:36.223Z", "score": 3, "level": 3, "match_start": null, "no_player": false, "player": 49, "bracket": 4, "winner_goes_to": 51, "loser_goes_to": null, "table": null}}, {"pk": 54, "model": "pingpong.bracketslot", "fields": {"status": 0, "match_end": null, "score": null, "level": 1, "match_start": null, "no_player": false, "player": 51, "bracket": 4, "winner_goes_to": 46, "loser_goes_to": null, "table": null}}, {"pk": 55, "model": "pingpong.bracketslot", "fields": {"status": 2, "match_end": "2017-11-18T10:47:59.565Z", "score": 1, "level": 2, "match_start": null, "no_player": false, "player": 55, "bracket": 4, "winner_goes_to": 54, "loser_goes_to": null, "table": null}}, {"pk": 56, "model": "pingpong.bracketslot", "fields": {"status": 2, "match_end": "2017-11-18T10:22:12.061Z", "score": 3, "level": 3, "match_start": null, "no_player": false, "player": 55, "bracket": 4, "winner_goes_to": 55, "loser_goes_to": null, "table": null}}, {"pk": 57, "model": "pingpong.bracketslot", "fields": {"status": 2, "match_end": "2017-11-18T10:22:12.071Z", "score": 0, "level": 3, "match_start": null, "no_player": false, "player": 52, "bracket": 4, "winner_goes_to": 55, "loser_goes_to": null, "table": null}}, {"pk": 58, "model": "pingpong.bracketslot", "fields": {"status": 2, "match_end": "2017-11-18T10:47:59.573Z", "score": 3, "level": 2, "match_start": null, "no_player": false, "player": 51, "bracket": 4, "winner_goes_to": 54, "loser_goes_to": null, "table": null}}, {"pk": 59, "model": "pingpong.bracketslot", "fields": {"status": 0, "match_end": null, "score": null, "level": 3, "match_start": null, "no_player": true, "player": null, "bracket": 4, "winner_goes_to": 58, "loser_goes_to": null, "table": null}}, {"pk": 60, "model": "pingpong.bracketslot", "fields": {"status": 0, "match_end": null, "score": null, "level": 3, "match_start": null, "no_player": false, "player": 51, "bracket": 4, "winner_goes_to": 58, "loser_goes_to": null, "table": null}}, {"pk": 61, "model": "pingpong.bracketslot", "fields": {"status": 0, "match_end": null, "score": null, "level": 0, "match_start": null, "no_player": false, "player": null, "bracket": 5, "winner_goes_to": null, "loser_goes_to": null, "table": null}}, {"pk": 62, "model": "pingpong.bracketslot", "fields": {"status": 0, "match_end": null, "score": null, "level": 1, "match_start": null, "no_player": false, "player": null, "bracket": 5, "winner_goes_to": 61, "loser_goes_to": null, "table": null}}, {"pk": 63, "model": "pingpong.bracketslot", "fields": {"status": 0, "match_end": null, "score": null, "level": 2, "match_start": null, "no_player": false, "player": 21, "bracket": 5, "winner_goes_to": 62, "loser_goes_to": null, "table": null}}, {"pk": 64, "model": "pingpong.bracketslot", "fields": {"status": 0, "match_end": null, "score": null, "level": 3, "match_start": null, "no_player": false, "player": 21, "bracket": 5, "winner_goes_to": 63, "loser_goes_to": null, "table": null}}, {"pk": 65, "model": "pingpong.bracketslot", "fields": {"status": 0, "match_end": null, "score": null, "level": 3, "match_start": null, "no_player": true, "player": null, "bracket": 5, "winner_goes_to": 63, "loser_goes_to": null, "table": null}}, {"pk": 66, "model": "pingpong.bracketslot", "fields": {"status": 0, "match_end": null, "score": null, "level": 2, "match_start": null, "no_player": false, "player": null, "bracket": 5, "winner_goes_to": 62, "loser_goes_to": null, "table": null}}, {"pk": 67, "model": "pingpong.bracketslot", "fields": {"status": 0, "match_end": null, "score": null, "level": 3, "match_start": null, "no_player": false, "player": 56, "bracket": 5, "winner_goes_to": 66, "loser_goes_to": null, "table": null}}, {"pk": 68, "model": "pingpong.bracketslot", "fields": {"status": 0, "match_end": null, "score": null, "level": 3, "match_start": null, "no_player": false, "player": 17, "bracket": 5, "winner_goes_to": 66, "loser_goes_to": null, "table": null}}, {"pk": 69, "model": "pingpong.bracketslot", "fields": {"status": 0, "match_end": null, "score": null, "level": 1, "match_start": null, "no_player": false, "player": null, "bracket": 5, "winner_goes_to": 61, "loser_goes_to": null, "table": null}}, {"pk": 70, "model": "pingpong.bracketslot", "fields": {"status": 0, "match_end": null, "score": null, "level": 2, "match_start": null, "no_player": false, "player": null, "bracket": 5, "winner_goes_to": 69, "loser_goes_to": null, "table": null}}, {"pk": 71, "model": "pingpong.bracketslot", "fields": {"status": 0, "match_end": null, "score": null, "level": 3, "match_start": null, "no_player": false, "player": 15, "bracket": 5, "winner_goes_to": 70, "loser_goes_to": null, "table": null}}, {"pk": 72, "model": "pingpong.bracketslot", "fields": {"status": 0, "match_end": null, "score": null, "level": 3, "match_start": null, "no_player": false, "player": 16, "bracket": 5, "winner_goes_to": 70, "loser_goes_to": null, "table": null}}, {"pk": 73, "model": "pingpong.bracketslot", "fields": {"status": 0, "match_end": null, "score": null, "level": 2, "match_start": null, "no_player": false, "player": 12, "bracket": 5, "winner_goes_to": 69, "loser_goes_to": null, "table": null}}, {"pk": 74, "model": "pingpong.bracketslot", "fields": {"status": 0, "match_end": null, "score": null, "level": 3, "match_start": null, "no_player": true, "player": null, "bracket": 5, "winner_goes_to": 73, "loser_goes_to": null, "table": null}}, {"pk": 75, "model": "pingpong.bracketslot", "fields": {"status": 0, "match_end": null, "score": null, "level": 3, "match_start": null, "no_player": false, "player": 12, "bracket": 5, "winner_goes_to": 73, "loser_goes_to": null, "table": null}}, {"pk": 76, "model": "pingpong.bracketslot", "fields": {"status": 0, "match_end": null, "score": null, "level": 0, "match_start": null, "no_player": false, "player": null, "bracket": 6, "winner_goes_to": null, "loser_goes_to": null, "table": null}}, {"pk": 77, "model": "pingpong.bracketslot", "fields": {"status": 0, "match_end": null, "score": null, "level": 1, "match_start": null, "no_player": false, "player": null, "bracket": 6, "winner_goes_to": 76, "loser_goes_to": null, "table": null}}, {"pk": 78, "model": "pingpong.bracketslot", "fields": {"status": 0, "match_end": null, "score": null, "level": 2, "match_start": null, "no_player": false, "player": 19, "bracket": 6, "winner_goes_to": 77, "loser_goes_to": null, "table": null}}, {"pk": 79, "model": "pingpong.bracketslot", "fields": {"status": 0, "match_end": null, "score": null, "level": 3, "match_start": null, "no_player": false, "player": 19, "bracket": 6, "winner_goes_to": 78, "loser_goes_to": null, "table": null}}, {"pk": 80, "model": "pingpong.bracketslot", "fields": {"status": 0, "match_end": null, "score": null, "level": 3, "match_start": null, "no_player": true, "player": null, "bracket": 6, "winner_goes_to": 78, "loser_goes_to": null, "table": null}}, {"pk": 81, "model": "pingpong.bracketslot", "fields": {"status": 0, "match_end": null, "score": null, "level": 2, "match_start": null, "no_player": false, "player": 14, "bracket": 6, "winner_goes_to": 77, "loser_goes_to": null, "table": null}}, {"pk": 82, "model": "pingpong.bracketslot", "fields": {"status": 0, "match_end": null, "score": null, "level": 3, "match_start": null, "no_player": true, "player": null, "bracket": 6, "winner_goes_to": 81, "loser_goes_to": null, "table": null}}, {"pk": 83, "model": "pingpong.bracketslot", "fields": {"status": 0, "match_end": null, "score": null, "level": 3, "match_start": null, "no_player": false, "player": 14, "bracket": 6, "winner_goes_to": 81, "loser_goes_to": null, "table": null}}, {"pk": 84, "model": "pingpong.bracketslot", "fields": {"status": 0, "match_end": null, "score": null, "level": 1, "match_start": null, "no_player": false, "player": null, "bracket": 6, "winner_goes_to": 76, "loser_goes_to": null, "table": null}}, {"pk": 85, "model": "pingpong.bracketslot", "fields": {"status": 0, "match_end": null, "score": null, "level": 2, "match_start": null, "no_player": false, "player": null, "bracket": 6, "winner_goes_to": 84, "loser_goes_to": null, "table": null}}, {"pk": 86, "model": "pingpong.bracketslot", "fields": {"status": 0, "match_end": null, "score": null, "level": 3, "match_start": null, "no_player": false, "player": 20, "bracket": 6, "winner_goes_to": 85, "loser_goes_to": null, "table": null}}, {"pk": 87, "model": "pingpong.bracketslot", "fields": {"status": 0, "match_end": null, "score": null, "level": 3, "match_start": null, "no_player": false, "player": 13, "bracket": 6, "winner_goes_to": 85, "loser_goes_to": null, "table": null}}, {"pk": 88, "model": "pingpong.bracketslot", "fields": {"status": 0, "match_end": null, "score": null, "level": 2, "match_start": null, "no_player": false, "player": 18, "bracket": 6, "winner_goes_to": 84, "loser_goes_to": null, "table": null}}, {"pk": 89, "model": "pingpong.bracketslot", "fields": {"status": 0, "match_end": null, "score": null, "level": 3, "match_start": null, "no_player": true, "player": null, "bracket": 6, "winner_goes_to": 88, "loser_goes_to": null, "table": null}}, {"pk": 90, "model": "pingpong.bracketslot", "fields": {"status": 0, "match_end": null, "score": null, "level": 3, "match_start": null, "no_player": false, "player": 18, "bracket": 6, "winner_goes_to": 88, "loser_goes_to": null, "table": null}}, {"pk": 91, "model": "pingpong.bracketslot", "fields": {"status": 0, "match_end": null, "score": null, "level": 0, "match_start": null, "no_player": false, "player": null, "bracket": 7, "winner_goes_to": null, "loser_goes_to": null, "table": null}}, {"pk": 92, "model": "pingpong.bracketslot", "fields": {"status": 0, "match_end": null, "score": null, "level": 1, "match_start": null, "no_player": false, "player": null, "bracket": 7, "winner_goes_to": 91, "loser_goes_to": null, "table": null}}, {"pk": 93, "model": "pingpong.bracketslot", "fields": {"status": 0, "match_end": null, "score": null, "level": 2, "match_start": null, "no_player": false, "player": null, "bracket": 7, "winner_goes_to": 92, "loser_goes_to": null, "table": null}}, {"pk": 94, "model": "pingpong.bracketslot", "fields": {"status": 0, "match_end": null, "score": null, "level": 3, "match_start": null, "no_player": false, "player": 84, "bracket": 7, "winner_goes_to": 93, "loser_goes_to": null, "table": null}}, {"pk": 95, "model": "pingpong.bracketslot", "fields": {"status": 0, "match_end": null, "score": null, "level": 4, "match_start": null, "no_player": false, "player": 84, "bracket": 7, "winner_goes_to": 94, "loser_goes_to": null, "table": null}}, {"pk": 96, "model": "pingpong.bracketslot", "fields": {"status": 0, "match_end": null, "score": null, "level": 4, "match_start": null, "no_player": true, "player": null, "bracket": 7, "winner_goes_to": 94, "loser_goes_to": null, "table": null}}, {"pk": 97, "model": "pingpong.bracketslot", "fields": {"status": 0, "match_end": null, "score": null, "level": 3, "match_start": null, "no_player": false, "player": 24, "bracket": 7, "winner_goes_to": 93, "loser_goes_to": null, "table": null}}, {"pk": 98, "model": "pingpong.bracketslot", "fields": {"status": 2, "match_end": "2017-11-18T11:23:06.594Z", "score": 3, "level": 4, "match_start": null, "no_player": false, "player": 24, "bracket": 7, "winner_goes_to": 97, "loser_goes_to": null, "table": null}}, {"pk": 99, "model": "pingpong.bracketslot", "fields": {"status": 2, "match_end": "2017-11-18T11:23:06.605Z", "score": 2, "level": 4, "match_start": null, "no_player": false, "player": 27, "bracket": 7, "winner_goes_to": 97, "loser_goes_to": null, "table": null}}, {"pk": 100, "model": "pingpong.bracketslot", "fields": {"status": 0, "match_end": null, "score": null, "level": 2, "match_start": null, "no_player": false, "player": null, "bracket": 7, "winner_goes_to": 92, "loser_goes_to": null, "table": null}}, {"pk": 101, "model": "pingpong.bracketslot", "fields": {"status": 0, "match_end": null, "score": null, "level": 3, "match_start": null, "no_player": false, "player": null, "bracket": 7, "winner_goes_to": 100, "loser_goes_to": null, "table": null}}, {"pk": 102, "model": "pingpong.bracketslot", "fields": {"status": 0, "match_end": null, "score": null, "level": 4, "match_start": null, "no_player": false, "player": 37, "bracket": 7, "winner_goes_to": 101, "loser_goes_to": null, "table": null}}, {"pk": 103, "model": "pingpong.bracketslot", "fields": {"status": 0, "match_end": null, "score": null, "level": 4, "match_start": null, "no_player": false, "player": 39, "bracket": 7, "winner_goes_to": 101, "loser_goes_to": null, "table": null}}, {"pk": 104, "model": "pingpong.bracketslot", "fields": {"status": 0, "match_end": null, "score": null, "level": 3, "match_start": null, "no_player": false, "player": 36, "bracket": 7, "winner_goes_to": 100, "loser_goes_to": null, "table": null}}, {"pk": 105, "model": "pingpong.bracketslot", "fields": {"status": 0, "match_end": null, "score": null, "level": 4, "match_start": null, "no_player": true, "player": null, "bracket": 7, "winner_goes_to": 104, "loser_goes_to": null, "table": null}}, {"pk": 106, "model": "pingpong.bracketslot", "fields": {"status": 0, "match_end": null, "score": null, "level": 4, "match_start": null, "no_player": false, "player": 36, "bracket": 7, "winner_goes_to": 104, "loser_goes_to": null, "table": null}}, {"pk": 107, "model": "pingpong.bracketslot", "fields": {"status": 0, "match_end": null, "score": null, "level": 1, "match_start": null, "no_player": false, "player": null, "bracket": 7, "winner_goes_to": 91, "loser_goes_to": null, "table": null}}, {"pk": 108, "model": "pingpong.bracketslot", "fields": {"status": 0, "match_end": null, "score": null, "level": 2, "match_start": null, "no_player": false, "player": null, "bracket": 7, "winner_goes_to": 107, "loser_goes_to": null, "table": null}}, {"pk": 109, "model": "pingpong.bracketslot", "fields": {"status": 0, "match_end": null, "score": null, "level": 3, "match_start": null, "no_player": false, "player": 31, "bracket": 7, "winner_goes_to": 108, "loser_goes_to": null, "table": null}}, {"pk": 110, "model": "pingpong.bracketslot", "fields": {"status": 0, "match_end": null, "score": null, "level": 4, "match_start": null, "no_player": false, "player": 31, "bracket": 7, "winner_goes_to": 109, "loser_goes_to": null, "table": null}}, {"pk": 111, "model": "pingpong.bracketslot", "fields": {"status": 0, "match_end": null, "score": null, "level": 4, "match_start": null, "no_player": true, "player": null, "bracket": 7, "winner_goes_to": 109, "loser_goes_to": null, "table": null}}, {"pk": 112, "model": "pingpong.bracketslot", "fields": {"status": 0, "match_end": null, "score": null, "level": 3, "match_start": null, "no_player": false, "player": null, "bracket": 7, "winner_goes_to": 108, "loser_goes_to": null, "table": null}}, {"pk": 113, "model": "pingpong.bracketslot", "fields": {"status": 0, "match_end": null, "score": null, "level": 4, "match_start": null, "no_player": false, "player": 42, "bracket": 7, "winner_goes_to": 112, "loser_goes_to": null, "table": null}}, {"pk": 114, "model": "pingpong.bracketslot", "fields": {"status": 0, "match_end": null, "score": null, "level": 4, "match_start": null, "no_player": false, "player": 26, "bracket": 7, "winner_goes_to": 112, "loser_goes_to": null, "table": null}}, {"pk": 115, "model": "pingpong.bracketslot", "fields": {"status": 0, "match_end": null, "score": null, "level": 2, "match_start": null, "no_player": false, "player": null, "bracket": 7, "winner_goes_to": 107, "loser_goes_to": null, "table": null}}, {"pk": 116, "model": "pingpong.bracketslot", "fields": {"status": 0, "match_end": null, "score": null, "level": 3, "match_start": null, "no_player": false, "player": 22, "bracket": 7, "winner_goes_to": 115, "loser_goes_to": null, "table": null}}, {"pk": 117, "model": "pingpong.bracketslot", "fields": {"status": 2, "match_end": "2017-11-18T11:43:55.782Z", "score": 3, "level": 4, "match_start": null, "no_player": false, "player": 22, "bracket": 7, "winner_goes_to": 116, "loser_goes_to": null, "table": null}}, {"pk": 118, "model": "pingpong.bracketslot", "fields": {"status": 2, "match_end": "2017-11-18T11:43:55.790Z", "score": 2, "level": 4, "match_start": null, "no_player": false, "player": 38, "bracket": 7, "winner_goes_to": 116, "loser_goes_to": null, "table": null}}, {"pk": 119, "model": "pingpong.bracketslot", "fields": {"status": 0, "match_end": null, "score": null, "level": 3, "match_start": null, "no_player": false, "player": 25, "bracket": 7, "winner_goes_to": 115, "loser_goes_to": null, "table": null}}, {"pk": 120, "model": "pingpong.bracketslot", "fields": {"status": 0, "match_end": null, "score": null, "level": 4, "match_start": null, "no_player": true, "player": null, "bracket": 7, "winner_goes_to": 119, "loser_goes_to": null, "table": null}}, {"pk": 121, "model": "pingpong.bracketslot", "fields": {"status": 0, "match_end": null, "score": null, "level": 4, "match_start": null, "no_player": false, "player": 25, "bracket": 7, "winner_goes_to": 119, "loser_goes_to": null, "table": null}}, {"pk": 122, "model": "pingpong.bracketslot", "fields": {"status": 0, "match_end": null, "score": null, "level": 0, "match_start": null, "no_player": false, "player": null, "bracket": 8, "winner_goes_to": null, "loser_goes_to": null, "table": null}}, {"pk": 123, "model": "pingpong.bracketslot", "fields": {"status": 0, "match_end": null, "score": null, "level": 1, "match_start": null, "no_player": false, "player": null, "bracket": 8, "winner_goes_to": 122, "loser_goes_to": null, "table": null}}, {"pk": 124, "model": "pingpong.bracketslot", "fields": {"status": 0, "match_end": null, "score": null, "level": 2, "match_start": null, "no_player": false, "player": null, "bracket": 8, "winner_goes_to": 123, "loser_goes_to": null, "table": null}}, {"pk": 125, "model": "pingpong.bracketslot", "fields": {"status": 0, "match_end": null, "score": null, "level": 3, "match_start": null, "no_player": false, "player": 28, "bracket": 8, "winner_goes_to": 124, "loser_goes_to": null, "table": null}}, {"pk": 126, "model": "pingpong.bracketslot", "fields": {"status": 0, "match_end": null, "score": null, "level": 4, "match_start": null, "no_player": false, "player": 28, "bracket": 8, "winner_goes_to": 125, "loser_goes_to": null, "table": null}}, {"pk": 127, "model": "pingpong.bracketslot", "fields": {"status": 0, "match_end": null, "score": null, "level": 4, "match_start": null, "no_player": true, "player": null, "bracket": 8, "winner_goes_to": 125, "loser_goes_to": null, "table": null}}, {"pk": 128, "model": "pingpong.bracketslot", "fields": {"status": 0, "match_end": null, "score": null, "level": 3, "match_start": null, "no_player": false, "player": 29, "bracket": 8, "winner_goes_to": 124, "loser_goes_to": null, "table": null}}, {"pk": 129, "model": "pingpong.bracketslot", "fields": {"status": 2, "match_end": "2017-11-18T11:48:36.051Z", "score": 0, "level": 4, "match_start": null, "no_player": false, "player": 41, "bracket": 8, "winner_goes_to": 128, "loser_goes_to": null, "table": null}}, {"pk": 130, "model": "pingpong.bracketslot", "fields": {"status": 2, "match_end": "2017-11-18T11:48:36.061Z", "score": 3, "level": 4, "match_start": null, "no_player": false, "player": 29, "bracket": 8, "winner_goes_to": 128, "loser_goes_to": null, "table": null}}, {"pk": 131, "model": "pingpong.bracketslot", "fields": {"status": 0, "match_end": null, "score": null, "level": 2, "match_start": null, "no_player": false, "player": null, "bracket": 8, "winner_goes_to": 123, "loser_goes_to": null, "table": null}}, {"pk": 132, "model": "pingpong.bracketslot", "fields": {"status": 0, "match_end": null, "score": null, "level": 3, "match_start": null, "no_player": false, "player": 35, "bracket": 8, "winner_goes_to": 131, "loser_goes_to": null, "table": null}}, {"pk": 133, "model": "pingpong.bracketslot", "fields": {"status": 0, "match_end": null, "score": null, "level": 4, "match_start": null, "no_player": false, "player": 35, "bracket": 8, "winner_goes_to": 132, "loser_goes_to": null, "table": null}}, {"pk": 134, "model": "pingpong.bracketslot", "fields": {"status": 0, "match_end": null, "score": null, "level": 4, "match_start": null, "no_player": true, "player": null, "bracket": 8, "winner_goes_to": 132, "loser_goes_to": null, "table": null}}, {"pk": 135, "model": "pingpong.bracketslot", "fields": {"status": 0, "match_end": null, "score": null, "level": 3, "match_start": null, "no_player": false, "player": 32, "bracket": 8, "winner_goes_to": 131, "loser_goes_to": null, "table": null}}, {"pk": 136, "model": "pingpong.bracketslot", "fields": {"status": 0, "match_end": null, "score": null, "level": 4, "match_start": null, "no_player": true, "player": null, "bracket": 8, "winner_goes_to": 135, "loser_goes_to": null, "table": null}}, {"pk": 137, "model": "pingpong.bracketslot", "fields": {"status": 0, "match_end": null, "score": null, "level": 4, "match_start": null, "no_player": false, "player": 32, "bracket": 8, "winner_goes_to": 135, "loser_goes_to": null, "table": null}}, {"pk": 138, "model": "pingpong.bracketslot", "fields": {"status": 0, "match_end": null, "score": null, "level": 1, "match_start": null, "no_player": false, "player": 40, "bracket": 8, "winner_goes_to": 122, "loser_goes_to": null, "table": null}}, {"pk": 139, "model": "pingpong.bracketslot", "fields": {"status": 2, "match_end": "2017-11-18T11:47:50.649Z", "score": 3, "level": 2, "match_start": null, "no_player": false, "player": 40, "bracket": 8, "winner_goes_to": 138, "loser_goes_to": null, "table": null}}, {"pk": 140, "model": "pingpong.bracketslot", "fields": {"status": 2, "match_end": "2017-11-18T11:01:50.876Z", "score": 3, "level": 3, "match_start": null, "no_player": false, "player": 40, "bracket": 8, "winner_goes_to": 139, "loser_goes_to": null, "table": null}}, {"pk": 141, "model": "pingpong.bracketslot", "fields": {"status": 0, "match_end": null, "score": null, "level": 4, "match_start": null, "no_player": false, "player": 40, "bracket": 8, "winner_goes_to": 140, "loser_goes_to": null, "table": null}}, {"pk": 142, "model": "pingpong.bracketslot", "fields": {"status": 0, "match_end": null, "score": null, "level": 4, "match_start": null, "no_player": true, "player": null, "bracket": 8, "winner_goes_to": 140, "loser_goes_to": null, "table": null}}, {"pk": 143, "model": "pingpong.bracketslot", "fields": {"status": 2, "match_end": "2017-11-18T11:01:50.886Z", "score": 0, "level": 3, "match_start": null, "no_player": false, "player": 33, "bracket": 8, "winner_goes_to": 139, "loser_goes_to": null, "table": null}}, {"pk": 144, "model": "pingpong.bracketslot", "fields": {"status": 0, "match_end": null, "score": null, "level": 4, "match_start": null, "no_player": true, "player": null, "bracket": 8, "winner_goes_to": 143, "loser_goes_to": null, "table": null}}, {"pk": 145, "model": "pingpong.bracketslot", "fields": {"status": 0, "match_end": null, "score": null, "level": 4, "match_start": null, "no_player": false, "player": 33, "bracket": 8, "winner_goes_to": 143, "loser_goes_to": null, "table": null}}, {"pk": 146, "model": "pingpong.bracketslot", "fields": {"status": 2, "match_end": "2017-11-18T11:47:50.659Z", "score": 2, "level": 2, "match_start": null, "no_player": false, "player": 34, "bracket": 8, "winner_goes_to": 138, "loser_goes_to": null, "table": null}}, {"pk": 147, "model": "pingpong.bracketslot", "fields": {"status": 2, "match_end": "2017-11-18T11:06:35.665Z", "score": 3, "level": 3, "match_start": null, "no_player": false, "player": 34, "bracket": 8, "winner_goes_to": 146, "loser_goes_to": null, "table": null}}, {"pk": 148, "model": "pingpong.bracketslot", "fields": {"status": 2, "match_end": "2017-11-18T10:44:00.662Z", "score": 0, "level": 4, "match_start": null, "no_player": false, "player": 30, "bracket": 8, "winner_goes_to": 147, "loser_goes_to": null, "table": null}}, {"pk": 149, "model": "pingpong.bracketslot", "fields": {"status": 2, "match_end": "2017-11-18T10:44:00.669Z", "score": 3, "level": 4, "match_start": null, "no_player": false, "player": 34, "bracket": 8, "winner_goes_to": 147, "loser_goes_to": null, "table": null}}, {"pk": 150, "model": "pingpong.bracketslot", "fields": {"status": 2, "match_end": "2017-11-18T11:06:35.674Z", "score": 0, "level": 3, "match_start": null, "no_player": false, "player": 23, "bracket": 8, "winner_goes_to": 146, "loser_goes_to": null, "table": null}}, {"pk": 151, "model": "pingpong.bracketslot", "fields": {"status": 0, "match_end": null, "score": null, "level": 4, "match_start": null, "no_player": true, "player": null, "bracket": 8, "winner_goes_to": 150, "loser_goes_to": null, "table": null}}, {"pk": 152, "model": "pingpong.bracketslot", "fields": {"status": 0, "match_end": null, "score": null, "level": 4, "match_start": null, "no_player": false, "player": 23, "bracket": 8, "winner_goes_to": 150, "loser_goes_to": null, "table": null}}, {"pk": 153, "model": "pingpong.bracketslot", "fields": {"status": 0, "match_end": null, "score": null, "level": 0, "match_start": null, "no_player": false, "player": null, "bracket": 9, "winner_goes_to": null, "loser_goes_to": null, "table": null}}, {"pk": 154, "model": "pingpong.bracketslot", "fields": {"status": 0, "match_end": null, "score": null, "level": 1, "match_start": null, "no_player": false, "player": null, "bracket": 9, "winner_goes_to": 153, "loser_goes_to": null, "table": null}}, {"pk": 155, "model": "pingpong.bracketslot", "fields": {"status": 0, "match_end": null, "score": null, "level": 2, "match_start": null, "no_player": false, "player": 58, "bracket": 9, "winner_goes_to": 154, "loser_goes_to": null, "table": null}}, {"pk": 156, "model": "pingpong.bracketslot", "fields": {"status": 0, "match_end": null, "score": null, "level": 2, "match_start": null, "no_player": false, "player": 60, "bracket": 9, "winner_goes_to": 154, "loser_goes_to": null, "table": null}}, {"pk": 157, "model": "pingpong.bracketslot", "fields": {"status": 0, "match_end": null, "score": null, "level": 1, "match_start": null, "no_player": false, "player": null, "bracket": 9, "winner_goes_to": 153, "loser_goes_to": null, "table": null}}, {"pk": 158, "model": "pingpong.bracketslot", "fields": {"status": 0, "match_end": null, "score": null, "level": 2, "match_start": null, "no_player": false, "player": 57, "bracket": 9, "winner_goes_to": 157, "loser_goes_to": null, "table": null}}, {"pk": 159, "model": "pingpong.bracketslot", "fields": {"status": 0, "match_end": null, "score": null, "level": 2, "match_start": null, "no_player": false, "player": 64, "bracket": 9, "winner_goes_to": 157, "loser_goes_to": null, "table": null}}, {"pk": 160, "model": "pingpong.bracketslot", "fields": {"status": 0, "match_end": null, "score": null, "level": 0, "match_start": null, "no_player": false, "player": null, "bracket": 10, "winner_goes_to": null, "loser_goes_to": null, "table": null}}, {"pk": 161, "model": "pingpong.bracketslot", "fields": {"status": 0, "match_end": null, "score": null, "level": 1, "match_start": null, "no_player": false, "player": null, "bracket": 10, "winner_goes_to": 160, "loser_goes_to": null, "table": null}}, {"pk": 162, "model": "pingpong.bracketslot", "fields": {"status": 0, "match_end": null, "score": null, "level": 2, "match_start": null, "no_player": false, "player": 61, "bracket": 10, "winner_goes_to": 161, "loser_goes_to": null, "table": null}}, {"pk": 163, "model": "pingpong.bracketslot", "fields": {"status": 0, "match_end": null, "score": null, "level": 2, "match_start": null, "no_player": false, "player": 59, "bracket": 10, "winner_goes_to": 161, "loser_goes_to": null, "table": null}}, {"pk": 164, "model": "pingpong.bracketslot", "fields": {"status": 0, "match_end": null, "score": null, "level": 1, "match_start": null, "no_player": false, "player": null, "bracket": 10, "winner_goes_to": 160, "loser_goes_to": null, "table": null}}, {"pk": 165, "model": "pingpong.bracketslot", "fields": {"status": 0, "match_end": null, "score": null, "level": 2, "match_start": null, "no_player": false, "player": 62, "bracket": 10, "winner_goes_to": 164, "loser_goes_to": null, "table": null}}, {"pk": 166, "model": "pingpong.bracketslot", "fields": {"status": 0, "match_end": null, "score": null, "level": 2, "match_start": null, "no_player": false, "player": 63, "bracket": 10, "winner_goes_to": 164, "loser_goes_to": null, "table": null}}, {"pk": 167, "model": "pingpong.bracketslot", "fields": {"status": 0, "match_end": null, "score": null, "level": 0, "match_start": null, "no_player": false, "player": null, "bracket": 11, "winner_goes_to": null, "loser_goes_to": null, "table": null}}, {"pk": 168, "model": "pingpong.bracketslot", "fields": {"status": 0, "match_end": null, "score": null, "level": 1, "match_start": null, "no_player": false, "player": null, "bracket": 11, "winner_goes_to": 167, "loser_goes_to": null, "table": null}}, {"pk": 169, "model": "pingpong.bracketslot", "fields": {"status": 0, "match_end": null, "score": null, "level": 2, "match_start": null, "no_player": false, "player": 69, "bracket": 11, "winner_goes_to": 168, "loser_goes_to": null, "table": null}}, {"pk": 170, "model": "pingpong.bracketslot", "fields": {"status": 0, "match_end": null, "score": null, "level": 2, "match_start": null, "no_player": false, "player": null, "bracket": 11, "winner_goes_to": 168, "loser_goes_to": null, "table": null}}, {"pk": 171, "model": "pingpong.bracketslot", "fields": {"status": 0, "match_end": null, "score": null, "level": 1, "match_start": null, "no_player": false, "player": null, "bracket": 11, "winner_goes_to": 167, "loser_goes_to": null, "table": null}}, {"pk": 172, "model": "pingpong.bracketslot", "fields": {"status": 0, "match_end": null, "score": null, "level": 2, "match_start": null, "no_player": false, "player": 65, "bracket": 11, "winner_goes_to": 171, "loser_goes_to": null, "table": null}}, {"pk": 173, "model": "pingpong.bracketslot", "fields": {"status": 0, "match_end": null, "score": null, "level": 2, "match_start": null, "no_player": false, "player": null, "bracket": 11, "winner_goes_to": 171, "loser_goes_to": null, "table": null}}, {"pk": 174, "model": "pingpong.bracketslot", "fields": {"status": 0, "match_end": null, "score": null, "level": 0, "match_start": null, "no_player": false, "player": null, "bracket": 12, "winner_goes_to": null, "loser_goes_to": null, "table": null}}, {"pk": 175, "model": "pingpong.bracketslot", "fields": {"status": 0, "match_end": null, "score": null, "level": 1, "match_start": null, "no_player": false, "player": null, "bracket": 12, "winner_goes_to": 174, "loser_goes_to": null, "table": null}}, {"pk": 176, "model": "pingpong.bracketslot", "fields": {"status": 0, "match_end": null, "score": null, "level": 2, "match_start": null, "no_player": false, "player": 70, "bracket": 12, "winner_goes_to": 175, "loser_goes_to": null, "table": null}}, {"pk": 177, "model": "pingpong.bracketslot", "fields": {"status": 0, "match_end": null, "score": null, "level": 3, "match_start": null, "no_player": false, "player": 70, "bracket": 12, "winner_goes_to": 176, "loser_goes_to": null, "table": null}}, {"pk": 178, "model": "pingpong.bracketslot", "fields": {"status": 0, "match_end": null, "score": null, "level": 3, "match_start": null, "no_player": true, "player": null, "bracket": 12, "winner_goes_to": 176, "loser_goes_to": null, "table": null}}, {"pk": 179, "model": "pingpong.bracketslot", "fields": {"status": 0, "match_end": null, "score": null, "level": 2, "match_start": null, "no_player": false, "player": null, "bracket": 12, "winner_goes_to": 175, "loser_goes_to": null, "table": null}}, {"pk": 180, "model": "pingpong.bracketslot", "fields": {"status": 0, "match_end": null, "score": null, "level": 3, "match_start": null, "no_player": false, "player": null, "bracket": 12, "winner_goes_to": 179, "loser_goes_to": null, "table": null}}, {"pk": 181, "model": "pingpong.bracketslot", "fields": {"status": 0, "match_end": null, "score": null, "level": 3, "match_start": null, "no_player": false, "player": null, "bracket": 12, "winner_goes_to": 179, "loser_goes_to": null, "table": null}}, {"pk": 182, "model": "pingpong.bracketslot", "fields": {"status": 0, "match_end": null, "score": null, "level": 1, "match_start": null, "no_player": false, "player": null, "bracket": 12, "winner_goes_to": 174, "loser_goes_to": null, "table": null}}, {"pk": 183, "model": "pingpong.bracketslot", "fields": {"status": 0, "match_end": null, "score": null, "level": 2, "match_start": null, "no_player": false, "player": 68, "bracket": 12, "winner_goes_to": 182, "loser_goes_to": null, "table": null}}, {"pk": 184, "model": "pingpong.bracketslot", "fields": {"status": 0, "match_end": null, "score": null, "level": 3, "match_start": null, "no_player": false, "player": 68, "bracket": 12, "winner_goes_to": 183, "loser_goes_to": null, "table": null}}, {"pk": 185, "model": "pingpong.bracketslot", "fields": {"status": 0, "match_end": null, "score": null, "level": 3, "match_start": null, "no_player": true, "player": null, "bracket": 12, "winner_goes_to": 183, "loser_goes_to": null, "table": null}}, {"pk": 186, "model": "pingpong.bracketslot", "fields": {"status": 0, "match_end": null, "score": null, "level": 2, "match_start": null, "no_player": false, "player": null, "bracket": 12, "winner_goes_to": 182, "loser_goes_to": null, "table": null}}, {"pk": 187, "model": "pingpong.bracketslot", "fields": {"status": 0, "match_end": null, "score": null, "level": 3, "match_start": null, "no_player": true, "player": null, "bracket": 12, "winner_goes_to": 186, "loser_goes_to": null, "table": null}}, {"pk": 188, "model": "pingpong.bracketslot", "fields": {"status": 0, "match_end": null, "score": null, "level": 3, "match_start": null, "no_player": false, "player": null, "bracket": 12, "winner_goes_to": 186, "loser_goes_to": null, "table": null}}, {"pk": 253, "model": "pingpong.bracketslot", "fields": {"status": 0, "match_end": null, "score": null, "level": 0, "match_start": null, "no_player": false, "player": null, "bracket": 25, "winner_goes_to": null, "loser_goes_to": null, "table": null}}, {"pk": 254, "model": "pingpong.bracketslot", "fields": {"status": 0, "match_end": null, "score": null, "level": 1, "match_start": null, "no_player": false, "player": null, "bracket": 25, "winner_goes_to": 253, "loser_goes_to": null, "table": null}}, {"pk": 255, "model": "pingpong.bracketslot", "fields": {"status": 0, "match_end": null, "score": null, "level": 1, "match_start": null, "no_player": false, "player": null, "bracket": 25, "winner_goes_to": 253, "loser_goes_to": null, "table": null}}, {"pk": 256, "model": "pingpong.bracketslot", "fields": {"status": 0, "match_end": null, "score": null, "level": 0, "match_start": null, "no_player": false, "player": null, "bracket": 26, "winner_goes_to": null, "loser_goes_to": null, "table": null}}, {"pk": 257, "model": "pingpong.bracketslot", "fields": {"status": 0, "match_end": null, "score": null, "level": 1, "match_start": null, "no_player": false, "player": null, "bracket": 26, "winner_goes_to": 256, "loser_goes_to": null, "table": null}}, {"pk": 258, "model": "pingpong.bracketslot", "fields": {"status": 0, "match_end": null, "score": null, "level": 1, "match_start": null, "no_player": false, "player": null, "bracket": 26, "winner_goes_to": 256, "loser_goes_to": null, "table": null}}, {"pk": 13, "model": "pingpong.grouptobrackettransition", "fields": {"slot": 34, "place": 1, "group": 4}}, {"pk": 14, "model": "pingpong.grouptobrackettransition", "fields": {"slot": 37, "place": 2, "group": 6}}, {"pk": 15, "model": "pingpong.grouptobrackettransition", "fields": {"slot": 38, "place": 2, "group": 5}}, {"pk": 16, "model": "pingpong.grouptobrackettransition", "fields": {"slot": 41, "place": 1, "group": 6}}, {"pk": 17, "model": "pingpong.grouptobrackettransition", "fields": {"slot": 42, "place": 2, "group": 4}}, {"pk": 18, "model": "pingpong.grouptobrackettransition", "fields": {"slot": 45, "place": 1, "group": 5}}, {"pk": 19, "model": "pingpong.grouptobrackettransition", "fields": {"slot": 49, "place": 3, "group": 4}}, {"pk": 20, "model": "pingpong.grouptobrackettransition", "fields": {"slot": 52, "place": 4, "group": 6}}, {"pk": 21, "model": "pingpong.grouptobrackettransition", "fields": {"slot": 53, "place": 4, "group": 5}}, {"pk": 22, "model": "pingpong.grouptobrackettransition", "fields": {"slot": 56, "place": 3, "group": 6}}, {"pk": 23, "model": "pingpong.grouptobrackettransition", "fields": {"slot": 57, "place": 4, "group": 4}}, {"pk": 24, "model": "pingpong.grouptobrackettransition", "fields": {"slot": 60, "place": 3, "group": 5}}, {"pk": 25, "model": "pingpong.grouptobrackettransition", "fields": {"slot": 64, "place": 1, "group": 7}}, {"pk": 26, "model": "pingpong.grouptobrackettransition", "fields": {"slot": 67, "place": 2, "group": 9}}, {"pk": 27, "model": "pingpong.grouptobrackettransition", "fields": {"slot": 68, "place": 2, "group": 8}}, {"pk": 28, "model": "pingpong.grouptobrackettransition", "fields": {"slot": 71, "place": 1, "group": 9}}, {"pk": 29, "model": "pingpong.grouptobrackettransition", "fields": {"slot": 72, "place": 2, "group": 7}}, {"pk": 30, "model": "pingpong.grouptobrackettransition", "fields": {"slot": 75, "place": 1, "group": 8}}, {"pk": 31, "model": "pingpong.grouptobrackettransition", "fields": {"slot": 79, "place": 3, "group": 7}}, {"pk": 32, "model": "pingpong.grouptobrackettransition", "fields": {"slot": 83, "place": 4, "group": 9}}, {"pk": 33, "model": "pingpong.grouptobrackettransition", "fields": {"slot": 86, "place": 3, "group": 9}}, {"pk": 34, "model": "pingpong.grouptobrackettransition", "fields": {"slot": 87, "place": 4, "group": 8}}, {"pk": 35, "model": "pingpong.grouptobrackettransition", "fields": {"slot": 90, "place": 3, "group": 8}}, {"pk": 36, "model": "pingpong.grouptobrackettransition", "fields": {"slot": 95, "place": 1, "group": 10}}, {"pk": 37, "model": "pingpong.grouptobrackettransition", "fields": {"slot": 98, "place": 2, "group": 12}}, {"pk": 38, "model": "pingpong.grouptobrackettransition", "fields": {"slot": 99, "place": 2, "group": 11}}, {"pk": 39, "model": "pingpong.grouptobrackettransition", "fields": {"slot": 102, "place": 1, "group": 14}}, {"pk": 40, "model": "pingpong.grouptobrackettransition", "fields": {"slot": 103, "place": 2, "group": 15}}, {"pk": 41, "model": "pingpong.grouptobrackettransition", "fields": {"slot": 106, "place": 1, "group": 13}}, {"pk": 42, "model": "pingpong.grouptobrackettransition", "fields": {"slot": 110, "place": 1, "group": 12}}, {"pk": 43, "model": "pingpong.grouptobrackettransition", "fields": {"slot": 113, "place": 2, "group": 14}}, {"pk": 44, "model": "pingpong.grouptobrackettransition", "fields": {"slot": 114, "place": 1, "group": 15}}, {"pk": 45, "model": "pingpong.grouptobrackettransition", "fields": {"slot": 117, "place": 2, "group": 10}}, {"pk": 46, "model": "pingpong.grouptobrackettransition", "fields": {"slot": 118, "place": 2, "group": 13}}, {"pk": 47, "model": "pingpong.grouptobrackettransition", "fields": {"slot": 121, "place": 1, "group": 11}}, {"pk": 48, "model": "pingpong.grouptobrackettransition", "fields": {"slot": 126, "place": 3, "group": 10}}, {"pk": 49, "model": "pingpong.grouptobrackettransition", "fields": {"slot": 129, "place": 4, "group": 14}}, {"pk": 50, "model": "pingpong.grouptobrackettransition", "fields": {"slot": 130, "place": 4, "group": 13}}, {"pk": 51, "model": "pingpong.grouptobrackettransition", "fields": {"slot": 133, "place": 3, "group": 14}}, {"pk": 52, "model": "pingpong.grouptobrackettransition", "fields": {"slot": 137, "place": 3, "group": 13}}, {"pk": 53, "model": "pingpong.grouptobrackettransition", "fields": {"slot": 141, "place": 3, "group": 12}}, {"pk": 54, "model": "pingpong.grouptobrackettransition", "fields": {"slot": 145, "place": 3, "group": 15}}, {"pk": 55, "model": "pingpong.grouptobrackettransition", "fields": {"slot": 148, "place": 4, "group": 12}}, {"pk": 56, "model": "pingpong.grouptobrackettransition", "fields": {"slot": 149, "place": 4, "group": 15}}, {"pk": 57, "model": "pingpong.grouptobrackettransition", "fields": {"slot": 152, "place": 3, "group": 11}}, {"pk": 58, "model": "pingpong.grouptobrackettransition", "fields": {"slot": 155, "place": 1, "group": 16}}, {"pk": 59, "model": "pingpong.grouptobrackettransition", "fields": {"slot": 156, "place": 2, "group": 17}}, {"pk": 60, "model": "pingpong.grouptobrackettransition", "fields": {"slot": 158, "place": 2, "group": 16}}, {"pk": 61, "model": "pingpong.grouptobrackettransition", "fields": {"slot": 159, "place": 1, "group": 17}}, {"pk": 62, "model": "pingpong.grouptobrackettransition", "fields": {"slot": 162, "place": 3, "group": 16}}, {"pk": 63, "model": "pingpong.grouptobrackettransition", "fields": {"slot": 163, "place": 4, "group": 17}}, {"pk": 64, "model": "pingpong.grouptobrackettransition", "fields": {"slot": 165, "place": 4, "group": 16}}, {"pk": 65, "model": "pingpong.grouptobrackettransition", "fields": {"slot": 166, "place": 3, "group": 17}}, {"pk": 66, "model": "pingpong.grouptobrackettransition", "fields": {"slot": 169, "place": 1, "group": 18}}, {"pk": 67, "model": "pingpong.grouptobrackettransition", "fields": {"slot": 170, "place": 2, "group": 19}}, {"pk": 68, "model": "pingpong.grouptobrackettransition", "fields": {"slot": 172, "place": 2, "group": 18}}, {"pk": 69, "model": "pingpong.grouptobrackettransition", "fields": {"slot": 173, "place": 1, "group": 19}}, {"pk": 70, "model": "pingpong.grouptobrackettransition", "fields": {"slot": 177, "place": 3, "group": 18}}, {"pk": 71, "model": "pingpong.grouptobrackettransition", "fields": {"slot": 180, "place": 5, "group": 19}}, {"pk": 72, "model": "pingpong.grouptobrackettransition", "fields": {"slot": 181, "place": 4, "group": 19}}, {"pk": 73, "model": "pingpong.grouptobrackettransition", "fields": {"slot": 184, "place": 4, "group": 18}}, {"pk": 74, "model": "pingpong.grouptobrackettransition", "fields": {"slot": 188, "place": 3, "group": 19}}, {"pk": 109, "model": "pingpong.grouptobrackettransition", "fields": {"slot": 254, "place": 1, "group": 26}}, {"pk": 110, "model": "pingpong.grouptobrackettransition", "fields": {"slot": 255, "place": 2, "group": 26}}, {"pk": 111, "model": "pingpong.grouptobrackettransition", "fields": {"slot": 257, "place": 3, "group": 26}}, {"pk": 112, "model": "pingpong.grouptobrackettransition", "fields": {"slot": 258, "place": 4, "group": 26}}]