[{"pk": 1, "model": "pingpong.player", "fields": {"club": "Izlake", "gender": null, "category": 1, "surname": "Zupan\u010di\u010d", "name": "Iztok"}}, {"pk": 2, "model": "pingpong.player", "fields": {"club": "Izlake", "gender": null, "category": 1, "surname": "Kova\u010di\u010d", "name": "Nejc"}}, {"pk": 3, "model": "pingpong.player", "fields": {"club": "Koper", "gender": null, "category": 1, "surname": "Re\u017eun", "name": "Miha"}}, {"pk": 4, "model": "pingpong.player", "fields": {"club": "Vrhnika", "gender": null, "category": 1, "surname": "Grasselli", "name": "Rok"}}, {"pk": 5, "model": "pingpong.player", "fields": {"club": "Vrhnika", "gender": null, "category": 1, "surname": "Semi\u010d", "name": "Rok"}}, {"pk": 6, "model": "pingpong.player", "fields": {"club": "\u0160marje", "gender": null, "category": 1, "surname": "Jane\u017ei\u010d", "name": "Martin"}}, {"pk": 7, "model": "pingpong.player", "fields": {"club": "vl", "gender": null, "category": 1, "surname": "Oblak", "name": "\u017diga"}}, {"pk": 8, "model": "pingpong.player", "fields": {"club": "", "gender": null, "category": 1, "surname": "Grad", "name": "Lucija"}}, {"pk": 9, "model": "pingpong.player", "fields": {"club": "Krka", "gender": null, "category": 1, "surname": "Vokal", "name": "Bojan"}}, {"pk": 10, "model": "pingpong.player", "fields": {"club": "Krka", "gender": null, "category": 1, "surname": "Mlakar", "name": "Luka"}}, {"pk": 11, "model": "pingpong.player", "fields": {"club": "Dolsko", "gender": null, "category": 3, "surname": "Mencigar", "name": "Marjan"}}, {"pk": 12, "model": "pingpong.player", "fields": {"club": "Ravne", "gender": null, "category": 3, "surname": "G\u00fcnter", "name": "Erih"}}, {"pk": 13, "model": "pingpong.player", "fields": {"club": "Koper", "gender": null, "category": 3, "surname": "Metlika", "name": "Darko"}}, {"pk": 14, "model": "pingpong.player", "fields": {"club": "LJ", "gender": null, "category": 3, "surname": "Merc", "name": "Miran"}}, {"pk": 15, "model": "pingpong.player", "fields": {"club": "LJ", "gender": null, "category": 3, "surname": "Horvat", "name": "Edo"}}, {"pk": 16, "model": "pingpong.player", "fields": {"club": "Dom\u017eale", "gender": null, "category": 3, "surname": "Mali", "name": "Robert"}}, {"pk": 17, "model": "pingpong.player", "fields": {"club": "Sinja Gorica", "gender": null, "category": 3, "surname": "Vrban\u010di\u010d", "name": "Peter"}}, {"pk": 18, "model": "pingpong.player", "fields": {"club": "Sinja Gorica", "gender": null, "category": 3, "surname": "\u0160urca", "name": "Marjan"}}, {"pk": 19, "model": "pingpong.player", "fields": {"club": "Sti\u010dna", "gender": null, "category": 3, "surname": "Oven", "name": "Robert"}}, {"pk": 20, "model": "pingpong.player", "fields": {"club": "Dobova", "gender": null, "category": 3, "surname": "Budi\u010d", "name": "Sandi"}}, {"pk": 21, "model": "pingpong.player", "fields": {"club": "Dobova", "gender": null, "category": 3, "surname": "Vidmar", "name": "Branko"}}, {"pk": 22, "model": "pingpong.player", "fields": {"club": "", "gender": null, "category": 3, "surname": "Petrovi\u010d", "name": "Zdenko"}}, {"pk": 23, "model": "pingpong.player", "fields": {"club": "\u0160entjo\u0161t", "gender": null, "category": 3, "surname": "Ko\u0161ir", "name": "Hinko"}}, {"pk": 24, "model": "pingpong.player", "fields": {"club": "", "gender": null, "category": 3, "surname": "\u0160tor", "name": "Vojteh"}}, {"pk": 25, "model": "pingpong.player", "fields": {"club": "LJ", "gender": null, "category": 2, "surname": "Bavdek", "name": "Matja\u017e"}}, {"pk": 26, "model": "pingpong.player", "fields": {"club": "LJ", "gender": null, "category": 2, "surname": "Komar", "name": "Tone"}}, {"pk": 27, "model": "pingpong.player", "fields": {"club": "Izlake", "gender": null, "category": 2, "surname": "Pal\u010di\u010d", "name": "Damjan"}}, {"pk": 28, "model": "pingpong.player", "fields": {"club": "Koper", "gender": null, "category": 2, "surname": "\u0160majgl", "name": "Matja\u017e"}}, {"pk": 29, "model": "pingpong.player", "fields": {"club": "Koper", "gender": null, "category": 2, "surname": "Ga\u0161peri\u010d", "name": "Mitja"}}, {"pk": 30, "model": "pingpong.player", "fields": {"club": "Krka", "gender": null, "category": 2, "surname": "Kuhelj", "name": "Bojan"}}, {"pk": 31, "model": "pingpong.player", "fields": {"club": "LJ", "gender": null, "category": 2, "surname": "Torkar", "name": "Drago"}}, {"pk": 32, "model": "pingpong.player", "fields": {"club": "Dobova", "gender": null, "category": 2, "surname": "\u0160kerl", "name": "Damir"}}, {"pk": 33, "model": "pingpong.player", "fields": {"club": "", "gender": null, "category": 2, "surname": "Miklav\u010di\u010d", "name": "Damjan"}}, {"pk": 34, "model": "pingpong.player", "fields": {"club": "Trojane", "gender": null, "category": 2, "surname": "Zore", "name": "Lojze"}}, {"pk": 35, "model": "pingpong.player", "fields": {"club": "", "gender": null, "category": 2, "surname": "Poropat", "name": "Aleksander"}}, {"pk": 36, "model": "pingpong.player", "fields": {"club": "LJ", "gender": null, "category": 4, "surname": "Supani\u010d", "name": "Bojan"}}, {"pk": 37, "model": "pingpong.player", "fields": {"club": "\u0160en\u010dur", "gender": null, "category": 4, "surname": "Kozjek", "name": "Ciril"}}, {"pk": 38, "model": "pingpong.player", "fields": {"club": "Zalog", "gender": null, "category": 4, "surname": "\u0160emrov", "name": "Miro"}}, {"pk": 39, "model": "pingpong.player", "fields": {"club": "Bohinj", "gender": null, "category": 4, "surname": "Repinc", "name": "Jo\u017ee"}}, {"pk": 40, "model": "pingpong.player", "fields": {"club": "Bohinj", "gender": null, "category": 4, "surname": "Ali\u0107", "name": "Zefir"}}, {"pk": 41, "model": "pingpong.player", "fields": {"club": "LJ", "gender": null, "category": 4, "surname": "Kova\u010di\u010d", "name": "Ljubo"}}, {"pk": 42, "model": "pingpong.player", "fields": {"club": "Dobova", "gender": null, "category": 4, "surname": "Zupan\u010di\u010d", "name": "Marjan"}}, {"pk": 43, "model": "pingpong.player", "fields": {"club": "", "gender": null, "category": 4, "surname": "Miklav\u010di\u010d", "name": "Jo\u017ee"}}, {"pk": 44, "model": "pingpong.player", "fields": {"club": "Lesce", "gender": null, "category": 4, "surname": "Muznik", "name": "Darjo"}}, {"pk": 45, "model": "pingpong.player", "fields": {"club": "Prebold", "gender": null, "category": 3, "surname": "\u0160tor", "name": "Gorazd"}}, {"pk": 46, "model": "pingpong.player", "fields": {"club": "Prestranek", "gender": null, "category": 3, "surname": "Nadoh", "name": "Iztok"}}, {"pk": 47, "model": "pingpong.player", "fields": {"club": "Dobova", "gender": null, "category": 1, "surname": "\u0160kerl", "name": "Goran"}}, {"pk": 48, "model": "pingpong.player", "fields": {"club": "Celje", "gender": null, "category": 1, "surname": "Ivanovski", "name": "Sa\u0161o"}}, {"pk": 49, "model": "pingpong.player", "fields": {"club": "Petrov\u010de", "gender": null, "category": 1, "surname": "Lenko", "name": "Jernej"}}, {"pk": 50, "model": "pingpong.player", "fields": {"club": "vl", "gender": null, "category": 2, "surname": "Sever", "name": "Igor"}}, {"pk": 51, "model": "pingpong.player", "fields": {"club": "Postojna", "gender": null, "category": 4, "surname": "Gla\u017ear", "name": "Stane"}}, {"pk": 52, "model": "pingpong.player", "fields": {"club": "LJ", "gender": null, "category": 4, "surname": "Burger", "name": "Maks"}}, {"pk": 53, "model": "pingpong.player", "fields": {"club": "Postojna", "gender": null, "category": 4, "surname": "Bergo\u010d", "name": "Dario"}}, {"pk": 54, "model": "pingpong.player", "fields": {"club": "LJ", "gender": null, "category": 4, "surname": "Hafner", "name": "Jo\u017ee"}}, {"pk": 55, "model": "pingpong.player", "fields": {"club": "Ribnica", "gender": null, "category": 4, "surname": "Simi\u010d", "name": "Radovan"}}, {"pk": 59, "model": "pingpong.player", "fields": {"club": "", "gender": null, "category": 7, "surname": "Grad", "name": "Lucija"}}, {"pk": 60, "model": "pingpong.player", "fields": {"club": "vl", "gender": null, "category": 7, "surname": "Zidar Zupan", "name": "Alenka"}}, {"pk": 61, "model": "pingpong.player", "fields": {"club": "LJ", "gender": null, "category": 6, "surname": "Hafner", "name": "Jo\u017ee"}}, {"pk": 62, "model": "pingpong.player", "fields": {"club": "", "gender": null, "category": 6, "surname": "Simi\u010d", "name": "Radovan"}}, {"pk": 63, "model": "pingpong.player", "fields": {"club": "LJ", "gender": null, "category": 5, "surname": "Burger", "name": "Maks"}}, {"pk": 64, "model": "pingpong.player", "fields": {"club": "Postojna", "gender": null, "category": 5, "surname": "Bergo\u010d", "name": "Dario"}}, {"pk": 65, "model": "pingpong.player", "fields": {"club": "", "gender": null, "category": 7, "surname": "Lapanja", "name": "Dragica"}}, {"pk": 66, "model": "pingpong.player", "fields": {"club": "", "gender": null, "category": 7, "surname": "Mertelj", "name": "Bianka"}}, {"pk": 67, "model": "pingpong.player", "fields": {"club": "", "gender": null, "category": 7, "surname": "\u0160ebjani\u010d Pupis", "name": "Jasna"}}, {"pk": 68, "model": "pingpong.player", "fields": {"club": "", "gender": null, "category": 12, "surname": "M. Mencigar", "name": "L. Grad"}}, {"pk": 69, "model": "pingpong.player", "fields": {"club": "", "gender": null, "category": 12, "surname": "L. Mlakar", "name": "B. Kuhelj"}}, {"pk": 70, "model": "pingpong.player", "fields": {"club": "", "gender": null, "category": 12, "surname": "M. Ga\u0161peri\u010d", "name": "M. Re\u017eun"}}, {"pk": 71, "model": "pingpong.player", "fields": {"club": "", "gender": null, "category": 12, "surname": "D. Pal\u010di\u010d", "name": "I. Zupan\u010di\u010d"}}, {"pk": 72, "model": "pingpong.player", "fields": {"club": "", "gender": null, "category": 12, "surname": "J. Miklav\u010di\u010d", "name": "D. Miklav\u010di\u010d"}}, {"pk": 73, "model": "pingpong.player", "fields": {"club": "", "gender": null, "category": 12, "surname": "G. \u0160tor", "name": "A. Poropat"}}, {"pk": 74, "model": "pingpong.player", "fields": {"club": "", "gender": null, "category": 12, "surname": "G. \u0160kerl", "name": "N. Kova\u010di\u010d"}}, {"pk": 75, "model": "pingpong.player", "fields": {"club": "", "gender": null, "category": 12, "surname": "S. Budi\u010d", "name": "D. \u0160kerl"}}, {"pk": 76, "model": "pingpong.player", "fields": {"club": "", "gender": null, "category": 12, "surname": "Z. Petrovi\u010d", "name": "J. Hafner"}}, {"pk": 77, "model": "pingpong.player", "fields": {"club": "", "gender": null, "category": 12, "surname": "M. \u0160majgl", "name": "D. Metlika"}}, {"pk": 78, "model": "pingpong.player", "fields": {"club": "", "gender": null, "category": 12, "surname": "J. Lenko", "name": "L. Zore"}}, {"pk": 79, "model": "pingpong.player", "fields": {"club": "", "gender": null, "category": 12, "surname": "T. Komar", "name": "B. Vokal"}}, {"pk": 80, "model": "pingpong.player", "fields": {"club": "", "gender": null, "category": 12, "surname": "R. Grasselli", "name": "R. Semi\u010d"}}, {"pk": 81, "model": "pingpong.player", "fields": {"club": "", "gender": null, "category": 12, "surname": "D. Torkar", "name": "S. Ivanovski"}}, {"pk": 82, "model": "pingpong.player", "fields": {"club": "", "gender": null, "category": 13, "surname": "S. Gla\u017ear", "name": "M. Burger"}}, {"pk": 83, "model": "pingpong.player", "fields": {"club": "", "gender": null, "category": 13, "surname": "J. Repinc", "name": "Z. Ali\u0107"}}, {"pk": 84, "model": "pingpong.player", "fields": {"club": "", "gender": null, "category": 13, "surname": "B. Supani\u010d", "name": "E. Horvat"}}, {"pk": 85, "model": "pingpong.player", "fields": {"club": "", "gender": null, "category": 13, "surname": "M. \u0160emrov", "name": "C. Kozjek"}}, {"pk": 86, "model": "pingpong.player", "fields": {"club": "", "gender": null, "category": 13, "surname": "M. Merc", "name": "E. G\u00fcnter"}}, {"pk": 88, "model": "pingpong.player", "fields": {"club": "", "gender": null, "category": 13, "surname": "B. Vidmar", "name": "M. Zupan\u010di\u010d"}}, {"pk": 89, "model": "pingpong.player", "fields": {"club": "", "gender": null, "category": 13, "surname": "I. Nadoh", "name": "V. \u0160tor"}}, {"pk": 90, "model": "pingpong.player", "fields": {"club": "", "gender": null, "category": 13, "surname": "H. Ko\u0161ir", "name": "I. Sever"}}, {"pk": 91, "model": "pingpong.player", "fields": {"club": "", "gender": null, "category": 15, "surname": "Sever", "name": "Sa\u0161a"}}, {"pk": 93, "model": "pingpong.player", "fields": {"club": "", "gender": null, "category": 14, "surname": "S. Sever", "name": "B. Mertelj"}}, {"pk": 94, "model": "pingpong.player", "fields": {"club": "", "gender": null, "category": 14, "surname": "A. Zidar Zupan", "name": "L. Grad"}}, {"pk": 95, "model": "pingpong.player", "fields": {"club": "", "gender": null, "category": 14, "surname": "D. Lapanja", "name": "J. \u0160ebjani\u010d Pupis"}}, {"pk": 1, "model": "pingpong.category", "fields": {"max_age": null, "name": "M<39", "gender": null, "min_age": null, "type": 0, "description": "Mo\u0161ki do 39"}}, {"pk": 2, "model": "pingpong.category", "fields": {"max_age": null, "name": "M40-49", "gender": null, "min_age": null, "type": 0, "description": "Mo\u0161ki 40 do 49"}}, {"pk": 3, "model": "pingpong.category", "fields": {"max_age": null, "name": "M50-59", "gender": null, "min_age": null, "type": 0, "description": "Mo\u0161ki 50 do 59"}}, {"pk": 4, "model": "pingpong.category", "fields": {"max_age": null, "name": "M60-69", "gender": null, "min_age": null, "type": 0, "description": "Mo\u0161ki 60 do 69"}}, {"pk": 5, "model": "pingpong.category", "fields": {"max_age": null, "name": "M70-74", "gender": null, "min_age": null, "type": 0, "description": "Mo\u0161ki 70 do 74"}}, {"pk": 6, "model": "pingpong.category", "fields": {"max_age": null, "name": "M>75", "gender": null, "min_age": null, "type": 0, "description": "Mo\u0161ki nad 75"}}, {"pk": 7, "model": "pingpong.category", "fields": {"max_age": null, "name": "\u017d<49", "gender": null, "min_age": null, "type": 0, "description": "\u017denske do 49"}}, {"pk": 12, "model": "pingpong.category", "fields": {"max_age": null, "name": "DM<49", "gender": null, "min_age": null, "type": 1, "description": "Mo\u0161ke dvojice do 49"}}, {"pk": 13, "model": "pingpong.category", "fields": {"max_age": null, "name": "DM>50", "gender": null, "min_age": null, "type": 1, "description": "Mo\u0161ke dvojice nad 50"}}, {"pk": 14, "model": "pingpong.category", "fields": {"max_age": null, "name": "D\u017d", "gender": null, "min_age": null, "type": 1, "description": "\u017denske dvojice"}}, {"pk": 15, "model": "pingpong.category", "fields": {"max_age": null, "name": "\u017dE", "gender": null, "min_age": null, "type": 0, "description": ""}}, {"pk": 1, "model": "pingpong.table", "fields": {"display_order": 9, "name": "Miza 1", "short_name": "1"}}, {"pk": 2, "model": "pingpong.table", "fields": {"display_order": 10, "name": "Miza 2", "short_name": "2"}}, {"pk": 3, "model": "pingpong.table", "fields": {"display_order": 11, "name": "Miza 3", "short_name": "3"}}, {"pk": 4, "model": "pingpong.table", "fields": {"display_order": 12, "name": "Miza 4", "short_name": "4"}}, {"pk": 5, "model": "pingpong.table", "fields": {"display_order": 5, "name": "Miza 5", "short_name": "5"}}, {"pk": 6, "model": "pingpong.table", "fields": {"display_order": 6, "name": "Miza 6", "short_name": "6"}}, {"pk": 7, "model": "pingpong.table", "fields": {"display_order": 7, "name": "Miza 7", "short_name": "7"}}, {"pk": 8, "model": "pingpong.table", "fields": {"display_order": 8, "name": "Miza 8", "short_name": "8"}}, {"pk": 9, "model": "pingpong.table", "fields": {"display_order": 1, "name": "Miza 9", "short_name": "9"}}, {"pk": 10, "model": "pingpong.table", "fields": {"display_order": 2, "name": "Miza 10", "short_name": "10"}}, {"pk": 11, "model": "pingpong.table", "fields": {"display_order": 3, "name": "Miza 11", "short_name": "11"}}, {"pk": 12, "model": "pingpong.table", "fields": {"display_order": 4, "name": "Miza 12", "short_name": "12"}}, {"pk": 1, "model": "pingpong.match", "fields": {"status": 3, "player1_bracket_slot": null, "group": 1, "player2_bracket_slot": null, "player2_score": null, "start_time": null, "player2": 46, "ready_time": null, "player1": 45, "end_time": "2017-01-28T10:30:34.717Z", "player1_score": null, "table": null}}, {"pk": 2, "model": "pingpong.match", "fields": {"status": 3, "player1_bracket_slot": null, "group": 1, "player2_bracket_slot": null, "player2_score": null, "start_time": null, "player2": 22, "ready_time": null, "player1": 17, "end_time": "2017-01-28T10:30:34.717Z", "player1_score": null, "table": null}}, {"pk": 3, "model": "pingpong.match", "fields": {"status": 3, "player1_bracket_slot": null, "group": 1, "player2_bracket_slot": null, "player2_score": null, "start_time": null, "player2": 22, "ready_time": null, "player1": 46, "end_time": "2017-01-28T10:30:34.717Z", "player1_score": null, "table": null}}, {"pk": 4, "model": "pingpong.match", "fields": {"status": 3, "player1_bracket_slot": null, "group": 1, "player2_bracket_slot": null, "player2_score": null, "start_time": null, "player2": 17, "ready_time": null, "player1": 45, "end_time": "2017-01-28T10:30:34.717Z", "player1_score": null, "table": null}}, {"pk": 5, "model": "pingpong.match", "fields": {"status": 3, "player1_bracket_slot": null, "group": 1, "player2_bracket_slot": null, "player2_score": null, "start_time": null, "player2": 46, "ready_time": null, "player1": 17, "end_time": "2017-01-28T10:30:34.717Z", "player1_score": null, "table": null}}, {"pk": 6, "model": "pingpong.match", "fields": {"status": 3, "player1_bracket_slot": null, "group": 1, "player2_bracket_slot": null, "player2_score": null, "start_time": null, "player2": 45, "ready_time": null, "player1": 22, "end_time": "2017-01-28T10:30:34.717Z", "player1_score": null, "table": null}}, {"pk": 7, "model": "pingpong.match", "fields": {"status": 3, "player1_bracket_slot": null, "group": 1, "player2_bracket_slot": null, "player2_score": null, "start_time": "2017-01-28T08:34:44.239Z", "player2": null, "ready_time": null, "player1": null, "end_time": "2017-01-28T10:30:34.717Z", "player1_score": null, "table": 1}}, {"pk": 8, "model": "pingpong.match", "fields": {"status": 3, "player1_bracket_slot": null, "group": 2, "player2_bracket_slot": null, "player2_score": null, "start_time": null, "player2": 11, "ready_time": null, "player1": 15, "end_time": "2017-01-28T10:20:56.286Z", "player1_score": null, "table": null}}, {"pk": 9, "model": "pingpong.match", "fields": {"status": 3, "player1_bracket_slot": null, "group": 2, "player2_bracket_slot": null, "player2_score": null, "start_time": null, "player2": 18, "ready_time": null, "player1": 21, "end_time": "2017-01-28T10:20:56.286Z", "player1_score": null, "table": null}}, {"pk": 10, "model": "pingpong.match", "fields": {"status": 3, "player1_bracket_slot": null, "group": 2, "player2_bracket_slot": null, "player2_score": null, "start_time": null, "player2": 18, "ready_time": null, "player1": 11, "end_time": "2017-01-28T10:20:56.286Z", "player1_score": null, "table": null}}, {"pk": 11, "model": "pingpong.match", "fields": {"status": 3, "player1_bracket_slot": null, "group": 2, "player2_bracket_slot": null, "player2_score": null, "start_time": null, "player2": 21, "ready_time": null, "player1": 15, "end_time": "2017-01-28T10:20:56.286Z", "player1_score": null, "table": null}}, {"pk": 12, "model": "pingpong.match", "fields": {"status": 3, "player1_bracket_slot": null, "group": 2, "player2_bracket_slot": null, "player2_score": null, "start_time": null, "player2": 11, "ready_time": null, "player1": 21, "end_time": "2017-01-28T10:20:56.286Z", "player1_score": null, "table": null}}, {"pk": 13, "model": "pingpong.match", "fields": {"status": 3, "player1_bracket_slot": null, "group": 2, "player2_bracket_slot": null, "player2_score": null, "start_time": null, "player2": 15, "ready_time": null, "player1": 18, "end_time": "2017-01-28T10:20:56.286Z", "player1_score": null, "table": null}}, {"pk": 14, "model": "pingpong.match", "fields": {"status": 3, "player1_bracket_slot": null, "group": 2, "player2_bracket_slot": null, "player2_score": null, "start_time": "2017-01-28T08:34:48.739Z", "player2": null, "ready_time": null, "player1": null, "end_time": "2017-01-28T10:20:56.286Z", "player1_score": null, "table": 2}}, {"pk": 15, "model": "pingpong.match", "fields": {"status": 3, "player1_bracket_slot": null, "group": 3, "player2_bracket_slot": null, "player2_score": null, "start_time": null, "player2": 14, "ready_time": null, "player1": 16, "end_time": "2017-01-28T10:57:49.137Z", "player1_score": null, "table": null}}, {"pk": 16, "model": "pingpong.match", "fields": {"status": 3, "player1_bracket_slot": null, "group": 3, "player2_bracket_slot": null, "player2_score": null, "start_time": null, "player2": 23, "ready_time": null, "player1": 24, "end_time": "2017-01-28T10:57:49.137Z", "player1_score": null, "table": null}}, {"pk": 17, "model": "pingpong.match", "fields": {"status": 3, "player1_bracket_slot": null, "group": 3, "player2_bracket_slot": null, "player2_score": null, "start_time": null, "player2": 23, "ready_time": null, "player1": 14, "end_time": "2017-01-28T10:57:49.137Z", "player1_score": null, "table": null}}, {"pk": 18, "model": "pingpong.match", "fields": {"status": 3, "player1_bracket_slot": null, "group": 3, "player2_bracket_slot": null, "player2_score": null, "start_time": null, "player2": 24, "ready_time": null, "player1": 16, "end_time": "2017-01-28T10:57:49.137Z", "player1_score": null, "table": null}}, {"pk": 19, "model": "pingpong.match", "fields": {"status": 3, "player1_bracket_slot": null, "group": 3, "player2_bracket_slot": null, "player2_score": null, "start_time": null, "player2": 14, "ready_time": null, "player1": 24, "end_time": "2017-01-28T10:57:49.137Z", "player1_score": null, "table": null}}, {"pk": 20, "model": "pingpong.match", "fields": {"status": 3, "player1_bracket_slot": null, "group": 3, "player2_bracket_slot": null, "player2_score": null, "start_time": null, "player2": 16, "ready_time": null, "player1": 23, "end_time": "2017-01-28T10:57:49.137Z", "player1_score": null, "table": null}}, {"pk": 21, "model": "pingpong.match", "fields": {"status": 3, "player1_bracket_slot": null, "group": 3, "player2_bracket_slot": null, "player2_score": null, "start_time": "2017-01-28T08:34:51.400Z", "player2": null, "ready_time": null, "player1": null, "end_time": "2017-01-28T10:57:49.137Z", "player1_score": null, "table": 3}}, {"pk": 22, "model": "pingpong.match", "fields": {"status": 3, "player1_bracket_slot": null, "group": 4, "player2_bracket_slot": null, "player2_score": null, "start_time": null, "player2": 20, "ready_time": null, "player1": 19, "end_time": "2017-01-28T10:22:03.622Z", "player1_score": null, "table": null}}, {"pk": 23, "model": "pingpong.match", "fields": {"status": 3, "player1_bracket_slot": null, "group": 4, "player2_bracket_slot": null, "player2_score": null, "start_time": null, "player2": 12, "ready_time": null, "player1": 13, "end_time": "2017-01-28T10:22:03.622Z", "player1_score": null, "table": null}}, {"pk": 24, "model": "pingpong.match", "fields": {"status": 3, "player1_bracket_slot": null, "group": 4, "player2_bracket_slot": null, "player2_score": null, "start_time": null, "player2": 12, "ready_time": null, "player1": 20, "end_time": "2017-01-28T10:22:03.622Z", "player1_score": null, "table": null}}, {"pk": 25, "model": "pingpong.match", "fields": {"status": 3, "player1_bracket_slot": null, "group": 4, "player2_bracket_slot": null, "player2_score": null, "start_time": null, "player2": 13, "ready_time": null, "player1": 19, "end_time": "2017-01-28T10:22:03.622Z", "player1_score": null, "table": null}}, {"pk": 26, "model": "pingpong.match", "fields": {"status": 3, "player1_bracket_slot": null, "group": 4, "player2_bracket_slot": null, "player2_score": null, "start_time": null, "player2": 20, "ready_time": null, "player1": 13, "end_time": "2017-01-28T10:22:03.622Z", "player1_score": null, "table": null}}, {"pk": 27, "model": "pingpong.match", "fields": {"status": 3, "player1_bracket_slot": null, "group": 4, "player2_bracket_slot": null, "player2_score": null, "start_time": null, "player2": 19, "ready_time": null, "player1": 12, "end_time": "2017-01-28T10:22:03.622Z", "player1_score": null, "table": null}}, {"pk": 28, "model": "pingpong.match", "fields": {"status": 3, "player1_bracket_slot": null, "group": 4, "player2_bracket_slot": null, "player2_score": null, "start_time": "2017-01-28T08:34:53.758Z", "player2": null, "ready_time": null, "player1": null, "end_time": "2017-01-28T10:22:03.622Z", "player1_score": null, "table": 4}}, {"pk": 29, "model": "pingpong.match", "fields": {"status": 3, "player1_bracket_slot": 4, "group": null, "player2_bracket_slot": 5, "player2_score": 2, "start_time": "2017-01-28T10:58:08.236Z", "player2": 16, "ready_time": null, "player1": 45, "end_time": "2017-01-28T11:25:22.681Z", "player1_score": 3, "table": 3}}, {"pk": 30, "model": "pingpong.match", "fields": {"status": 3, "player1_bracket_slot": 7, "group": null, "player2_bracket_slot": 8, "player2_score": 3, "start_time": "2017-01-28T10:40:54.168Z", "player2": 12, "ready_time": null, "player1": 18, "end_time": "2017-01-28T10:51:40.028Z", "player1_score": 0, "table": 4}}, {"pk": 31, "model": "pingpong.match", "fields": {"status": 3, "player1_bracket_slot": 3, "group": null, "player2_bracket_slot": 6, "player2_score": 3, "start_time": "2017-01-28T11:26:49.955Z", "player2": 12, "ready_time": null, "player1": 45, "end_time": "2017-01-28T11:53:21.892Z", "player1_score": 1, "table": 1}}, {"pk": 32, "model": "pingpong.match", "fields": {"status": 3, "player1_bracket_slot": 11, "group": null, "player2_bracket_slot": 12, "player2_score": 2, "start_time": "2017-01-28T11:02:37.002Z", "player2": 46, "ready_time": null, "player1": 24, "end_time": "2017-01-28T11:30:51.030Z", "player1_score": 3, "table": 6}}, {"pk": 33, "model": "pingpong.match", "fields": {"status": 3, "player1_bracket_slot": 14, "group": null, "player2_bracket_slot": 15, "player2_score": 3, "start_time": "2017-01-28T10:56:48.948Z", "player2": 15, "ready_time": null, "player1": 20, "end_time": "2017-01-28T11:15:53.509Z", "player1_score": 0, "table": 7}}, {"pk": 34, "model": "pingpong.match", "fields": {"status": 3, "player1_bracket_slot": 10, "group": null, "player2_bracket_slot": 13, "player2_score": 3, "start_time": "2017-01-28T11:31:10.585Z", "player2": 15, "ready_time": null, "player1": 24, "end_time": "2017-01-28T11:47:16.950Z", "player1_score": 0, "table": 3}}, {"pk": 35, "model": "pingpong.match", "fields": {"status": 3, "player1_bracket_slot": 2, "group": null, "player2_bracket_slot": 9, "player2_score": 1, "start_time": "2017-01-28T12:12:33.756Z", "player2": 15, "ready_time": null, "player1": 12, "end_time": "2017-01-28T12:35:21.325Z", "player1_score": 3, "table": 2}}, {"pk": 36, "model": "pingpong.match", "fields": {"status": 3, "player1_bracket_slot": 19, "group": null, "player2_bracket_slot": 20, "player2_score": 0, "start_time": "2017-01-28T10:57:58.988Z", "player2": 23, "ready_time": null, "player1": 22, "end_time": "2017-01-28T11:31:04.070Z", "player1_score": 3, "table": 10}}, {"pk": 37, "model": "pingpong.match", "fields": {"status": 3, "player1_bracket_slot": 22, "group": null, "player2_bracket_slot": 23, "player2_score": 3, "start_time": "2017-01-28T10:31:39.876Z", "player2": 19, "ready_time": null, "player1": 21, "end_time": "2017-01-28T10:57:33.204Z", "player1_score": 2, "table": 10}}, {"pk": 38, "model": "pingpong.match", "fields": {"status": 3, "player1_bracket_slot": 18, "group": null, "player2_bracket_slot": 21, "player2_score": 3, "start_time": "2017-01-28T11:31:13.603Z", "player2": 19, "ready_time": null, "player1": 22, "end_time": "2017-01-28T11:58:24.814Z", "player1_score": 1, "table": 5}}, {"pk": 39, "model": "pingpong.match", "fields": {"status": 3, "player1_bracket_slot": 26, "group": null, "player2_bracket_slot": 27, "player2_score": 1, "start_time": "2017-01-28T10:58:02.472Z", "player2": 17, "ready_time": null, "player1": 14, "end_time": "2017-01-28T11:25:35.736Z", "player1_score": 3, "table": 9}}, {"pk": 40, "model": "pingpong.match", "fields": {"status": 3, "player1_bracket_slot": 29, "group": null, "player2_bracket_slot": 30, "player2_score": 3, "start_time": "2017-01-28T10:27:26.027Z", "player2": 11, "ready_time": null, "player1": 13, "end_time": "2017-01-28T10:56:39.752Z", "player1_score": 1, "table": 7}}, {"pk": 41, "model": "pingpong.match", "fields": {"status": 3, "player1_bracket_slot": 25, "group": null, "player2_bracket_slot": 28, "player2_score": 2, "start_time": "2017-01-28T11:26:00.640Z", "player2": 11, "ready_time": null, "player1": 14, "end_time": "2017-01-28T12:03:00.348Z", "player1_score": 3, "table": 9}}, {"pk": 42, "model": "pingpong.match", "fields": {"status": 3, "player1_bracket_slot": 17, "group": null, "player2_bracket_slot": 24, "player2_score": 3, "start_time": "2017-01-28T12:03:05.796Z", "player2": 14, "ready_time": null, "player1": 19, "end_time": "2017-01-28T12:23:06.225Z", "player1_score": 1, "table": 5}}, {"pk": 43, "model": "pingpong.match", "fields": {"status": 3, "player1_bracket_slot": null, "group": 5, "player2_bracket_slot": null, "player2_score": null, "start_time": null, "player2": 1, "ready_time": null, "player1": 10, "end_time": "2017-01-28T10:10:34.581Z", "player1_score": null, "table": null}}, {"pk": 44, "model": "pingpong.match", "fields": {"status": 3, "player1_bracket_slot": null, "group": 5, "player2_bracket_slot": null, "player2_score": null, "start_time": null, "player2": 6, "ready_time": null, "player1": 47, "end_time": "2017-01-28T10:10:34.581Z", "player1_score": null, "table": null}}, {"pk": 45, "model": "pingpong.match", "fields": {"status": 3, "player1_bracket_slot": null, "group": 5, "player2_bracket_slot": null, "player2_score": null, "start_time": null, "player2": 6, "ready_time": null, "player1": 1, "end_time": "2017-01-28T10:10:34.581Z", "player1_score": null, "table": null}}, {"pk": 46, "model": "pingpong.match", "fields": {"status": 3, "player1_bracket_slot": null, "group": 5, "player2_bracket_slot": null, "player2_score": null, "start_time": null, "player2": 47, "ready_time": null, "player1": 10, "end_time": "2017-01-28T10:10:34.581Z", "player1_score": null, "table": null}}, {"pk": 47, "model": "pingpong.match", "fields": {"status": 3, "player1_bracket_slot": null, "group": 5, "player2_bracket_slot": null, "player2_score": null, "start_time": null, "player2": 1, "ready_time": null, "player1": 47, "end_time": "2017-01-28T10:10:34.581Z", "player1_score": null, "table": null}}, {"pk": 48, "model": "pingpong.match", "fields": {"status": 3, "player1_bracket_slot": null, "group": 5, "player2_bracket_slot": null, "player2_score": null, "start_time": null, "player2": 10, "ready_time": null, "player1": 6, "end_time": "2017-01-28T10:10:34.581Z", "player1_score": null, "table": null}}, {"pk": 49, "model": "pingpong.match", "fields": {"status": 3, "player1_bracket_slot": null, "group": 5, "player2_bracket_slot": null, "player2_score": null, "start_time": "2017-01-28T08:35:04.818Z", "player2": null, "ready_time": null, "player1": null, "end_time": "2017-01-28T10:10:34.581Z", "player1_score": null, "table": 5}}, {"pk": 50, "model": "pingpong.match", "fields": {"status": 3, "player1_bracket_slot": null, "group": 6, "player2_bracket_slot": null, "player2_score": null, "start_time": null, "player2": 2, "ready_time": null, "player1": 49, "end_time": "2017-01-28T09:11:49.051Z", "player1_score": null, "table": null}}, {"pk": 51, "model": "pingpong.match", "fields": {"status": 3, "player1_bracket_slot": null, "group": 6, "player2_bracket_slot": null, "player2_score": null, "start_time": null, "player2": 49, "ready_time": null, "player1": 3, "end_time": "2017-01-28T09:11:49.051Z", "player1_score": null, "table": null}}, {"pk": 52, "model": "pingpong.match", "fields": {"status": 3, "player1_bracket_slot": null, "group": 6, "player2_bracket_slot": null, "player2_score": null, "start_time": null, "player2": 3, "ready_time": null, "player1": 2, "end_time": "2017-01-28T09:11:49.051Z", "player1_score": null, "table": null}}, {"pk": 53, "model": "pingpong.match", "fields": {"status": 3, "player1_bracket_slot": null, "group": 6, "player2_bracket_slot": null, "player2_score": null, "start_time": "2017-01-28T08:35:07.678Z", "player2": null, "ready_time": null, "player1": null, "end_time": "2017-01-28T09:11:49.051Z", "player1_score": null, "table": 6}}, {"pk": 54, "model": "pingpong.match", "fields": {"status": 3, "player1_bracket_slot": null, "group": 7, "player2_bracket_slot": null, "player2_score": null, "start_time": null, "player2": 5, "ready_time": null, "player1": 48, "end_time": "2017-01-28T09:57:02.750Z", "player1_score": null, "table": null}}, {"pk": 55, "model": "pingpong.match", "fields": {"status": 3, "player1_bracket_slot": null, "group": 7, "player2_bracket_slot": null, "player2_score": null, "start_time": null, "player2": 48, "ready_time": null, "player1": 9, "end_time": "2017-01-28T09:57:02.750Z", "player1_score": null, "table": null}}, {"pk": 56, "model": "pingpong.match", "fields": {"status": 3, "player1_bracket_slot": null, "group": 7, "player2_bracket_slot": null, "player2_score": null, "start_time": null, "player2": 9, "ready_time": null, "player1": 5, "end_time": "2017-01-28T09:57:02.750Z", "player1_score": null, "table": null}}, {"pk": 57, "model": "pingpong.match", "fields": {"status": 3, "player1_bracket_slot": null, "group": 7, "player2_bracket_slot": null, "player2_score": null, "start_time": "2017-01-28T08:35:10.563Z", "player2": null, "ready_time": null, "player1": null, "end_time": "2017-01-28T09:57:02.750Z", "player1_score": null, "table": 7}}, {"pk": 58, "model": "pingpong.match", "fields": {"status": 3, "player1_bracket_slot": null, "group": 8, "player2_bracket_slot": null, "player2_score": null, "start_time": null, "player2": 7, "ready_time": null, "player1": 4, "end_time": "2017-01-28T09:33:39.476Z", "player1_score": null, "table": null}}, {"pk": 59, "model": "pingpong.match", "fields": {"status": 3, "player1_bracket_slot": null, "group": 8, "player2_bracket_slot": null, "player2_score": null, "start_time": null, "player2": 4, "ready_time": null, "player1": 8, "end_time": "2017-01-28T09:33:39.476Z", "player1_score": null, "table": null}}, {"pk": 60, "model": "pingpong.match", "fields": {"status": 3, "player1_bracket_slot": null, "group": 8, "player2_bracket_slot": null, "player2_score": null, "start_time": null, "player2": 8, "ready_time": null, "player1": 7, "end_time": "2017-01-28T09:33:39.476Z", "player1_score": null, "table": null}}, {"pk": 61, "model": "pingpong.match", "fields": {"status": 3, "player1_bracket_slot": null, "group": 8, "player2_bracket_slot": null, "player2_score": null, "start_time": "2017-01-28T08:35:13.650Z", "player2": null, "ready_time": null, "player1": null, "end_time": "2017-01-28T09:33:39.476Z", "player1_score": null, "table": 8}}, {"pk": 62, "model": "pingpong.match", "fields": {"status": 3, "player1_bracket_slot": 34, "group": null, "player2_bracket_slot": 35, "player2_score": 3, "start_time": "2017-01-28T10:18:29.004Z", "player2": 9, "ready_time": null, "player1": 10, "end_time": "2017-01-28T10:52:09.445Z", "player1_score": 0, "table": 1}}, {"pk": 63, "model": "pingpong.match", "fields": {"status": 3, "player1_bracket_slot": 37, "group": null, "player2_bracket_slot": 38, "player2_score": 3, "start_time": "2017-01-28T10:21:00.901Z", "player2": 4, "ready_time": null, "player1": 49, "end_time": "2017-01-28T10:50:39.366Z", "player1_score": 2, "table": 2}}, {"pk": 64, "model": "pingpong.match", "fields": {"status": 3, "player1_bracket_slot": 33, "group": null, "player2_bracket_slot": 36, "player2_score": 0, "start_time": "2017-01-28T11:03:31.170Z", "player2": 4, "ready_time": null, "player1": 9, "end_time": "2017-01-28T11:26:37.445Z", "player1_score": 3, "table": 5}}, {"pk": 65, "model": "pingpong.match", "fields": {"status": 3, "player1_bracket_slot": 41, "group": null, "player2_bracket_slot": 42, "player2_score": 0, "start_time": "2017-01-28T10:50:48.557Z", "player2": 6, "ready_time": null, "player1": 5, "end_time": "2017-01-28T11:12:44.450Z", "player1_score": 3, "table": 2}}, {"pk": 66, "model": "pingpong.match", "fields": {"status": 3, "player1_bracket_slot": 44, "group": null, "player2_bracket_slot": 45, "player2_score": 3, "start_time": "2017-01-28T09:50:04.293Z", "player2": 3, "ready_time": null, "player1": 8, "end_time": "2017-01-28T10:16:27.101Z", "player1_score": 0, "table": 10}}, {"pk": 67, "model": "pingpong.match", "fields": {"status": 3, "player1_bracket_slot": 40, "group": null, "player2_bracket_slot": 43, "player2_score": 3, "start_time": "2017-01-28T11:16:09.628Z", "player2": 3, "ready_time": null, "player1": 5, "end_time": "2017-01-28T11:35:28.950Z", "player1_score": 0, "table": 7}}, {"pk": 68, "model": "pingpong.match", "fields": {"status": 3, "player1_bracket_slot": 32, "group": null, "player2_bracket_slot": 39, "player2_score": 3, "start_time": "2017-01-28T11:44:01.846Z", "player2": 3, "ready_time": null, "player1": 9, "end_time": "2017-01-28T12:11:49.246Z", "player1_score": 1, "table": 2}}, {"pk": 69, "model": "pingpong.match", "fields": {"status": 3, "player1_bracket_slot": 49, "group": null, "player2_bracket_slot": 50, "player2_score": null, "start_time": null, "player2": null, "ready_time": null, "player1": 1, "end_time": null, "player1_score": null, "table": null}}, {"pk": 70, "model": "pingpong.match", "fields": {"status": 3, "player1_bracket_slot": 52, "group": null, "player2_bracket_slot": 53, "player2_score": null, "start_time": null, "player2": 7, "ready_time": null, "player1": null, "end_time": null, "player1_score": null, "table": null}}, {"pk": 71, "model": "pingpong.match", "fields": {"status": 3, "player1_bracket_slot": 48, "group": null, "player2_bracket_slot": 51, "player2_score": 0, "start_time": "2017-01-28T10:16:41.218Z", "player2": 7, "ready_time": null, "player1": 1, "end_time": "2017-01-28T10:31:32.935Z", "player1_score": 3, "table": 10}}, {"pk": 72, "model": "pingpong.match", "fields": {"status": 3, "player1_bracket_slot": 56, "group": null, "player2_bracket_slot": 57, "player2_score": 0, "start_time": "2017-01-28T10:19:40.004Z", "player2": 47, "ready_time": null, "player1": 48, "end_time": "2017-01-28T10:36:20.393Z", "player1_score": 3, "table": 6}}, {"pk": 73, "model": "pingpong.match", "fields": {"status": 3, "player1_bracket_slot": 59, "group": null, "player2_bracket_slot": 60, "player2_score": null, "start_time": null, "player2": 2, "ready_time": null, "player1": null, "end_time": null, "player1_score": null, "table": null}}, {"pk": 74, "model": "pingpong.match", "fields": {"status": 3, "player1_bracket_slot": 55, "group": null, "player2_bracket_slot": 58, "player2_score": 0, "start_time": "2017-01-28T11:07:25.511Z", "player2": 2, "ready_time": null, "player1": 48, "end_time": "2017-01-28T11:20:55.384Z", "player1_score": 3, "table": 1}}, {"pk": 75, "model": "pingpong.match", "fields": {"status": 3, "player1_bracket_slot": 47, "group": null, "player2_bracket_slot": 54, "player2_score": 3, "start_time": "2017-01-28T11:21:19.376Z", "player2": 48, "ready_time": null, "player1": 1, "end_time": "2017-01-28T11:43:04.929Z", "player1_score": 0, "table": 4}}, {"pk": 132, "model": "pingpong.match", "fields": {"status": 3, "player1_bracket_slot": null, "group": 11, "player2_bracket_slot": null, "player2_score": null, "start_time": null, "player2": 27, "ready_time": null, "player1": 29, "end_time": "2017-01-28T09:43:36.345Z", "player1_score": null, "table": null}}, {"pk": 133, "model": "pingpong.match", "fields": {"status": 3, "player1_bracket_slot": null, "group": 11, "player2_bracket_slot": null, "player2_score": null, "start_time": null, "player2": 29, "ready_time": null, "player1": 26, "end_time": "2017-01-28T09:43:36.345Z", "player1_score": null, "table": null}}, {"pk": 134, "model": "pingpong.match", "fields": {"status": 3, "player1_bracket_slot": null, "group": 11, "player2_bracket_slot": null, "player2_score": null, "start_time": null, "player2": 26, "ready_time": null, "player1": 27, "end_time": "2017-01-28T09:43:36.345Z", "player1_score": null, "table": null}}, {"pk": 135, "model": "pingpong.match", "fields": {"status": 3, "player1_bracket_slot": null, "group": 11, "player2_bracket_slot": null, "player2_score": null, "start_time": "2017-01-28T08:37:40.303Z", "player2": null, "ready_time": null, "player1": null, "end_time": "2017-01-28T09:43:36.345Z", "player1_score": null, "table": 9}}, {"pk": 136, "model": "pingpong.match", "fields": {"status": 3, "player1_bracket_slot": null, "group": 12, "player2_bracket_slot": null, "player2_score": null, "start_time": null, "player2": 28, "ready_time": null, "player1": 31, "end_time": "2017-01-28T09:49:02.001Z", "player1_score": null, "table": null}}, {"pk": 137, "model": "pingpong.match", "fields": {"status": 3, "player1_bracket_slot": null, "group": 12, "player2_bracket_slot": null, "player2_score": null, "start_time": null, "player2": 31, "ready_time": null, "player1": 34, "end_time": "2017-01-28T09:49:02.001Z", "player1_score": null, "table": null}}, {"pk": 138, "model": "pingpong.match", "fields": {"status": 3, "player1_bracket_slot": null, "group": 12, "player2_bracket_slot": null, "player2_score": null, "start_time": null, "player2": 34, "ready_time": null, "player1": 28, "end_time": "2017-01-28T09:49:02.001Z", "player1_score": null, "table": null}}, {"pk": 139, "model": "pingpong.match", "fields": {"status": 3, "player1_bracket_slot": null, "group": 12, "player2_bracket_slot": null, "player2_score": null, "start_time": "2017-01-28T08:38:13.433Z", "player2": null, "ready_time": null, "player1": null, "end_time": "2017-01-28T09:49:02.001Z", "player1_score": null, "table": 10}}, {"pk": 140, "model": "pingpong.match", "fields": {"status": 3, "player1_bracket_slot": null, "group": 13, "player2_bracket_slot": null, "player2_score": null, "start_time": null, "player2": 25, "ready_time": null, "player1": 50, "end_time": "2017-01-28T09:44:49.453Z", "player1_score": null, "table": null}}, {"pk": 141, "model": "pingpong.match", "fields": {"status": 3, "player1_bracket_slot": null, "group": 13, "player2_bracket_slot": null, "player2_score": null, "start_time": null, "player2": 50, "ready_time": null, "player1": 35, "end_time": "2017-01-28T09:44:49.453Z", "player1_score": null, "table": null}}, {"pk": 142, "model": "pingpong.match", "fields": {"status": 3, "player1_bracket_slot": null, "group": 13, "player2_bracket_slot": null, "player2_score": null, "start_time": null, "player2": 35, "ready_time": null, "player1": 25, "end_time": "2017-01-28T09:44:49.453Z", "player1_score": null, "table": null}}, {"pk": 143, "model": "pingpong.match", "fields": {"status": 3, "player1_bracket_slot": null, "group": 13, "player2_bracket_slot": null, "player2_score": null, "start_time": "2017-01-28T08:38:16.815Z", "player2": null, "ready_time": null, "player1": null, "end_time": "2017-01-28T09:44:49.453Z", "player1_score": null, "table": 11}}, {"pk": 144, "model": "pingpong.match", "fields": {"status": 3, "player1_bracket_slot": null, "group": 14, "player2_bracket_slot": null, "player2_score": null, "start_time": null, "player2": 33, "ready_time": null, "player1": 30, "end_time": "2017-01-28T09:43:09.309Z", "player1_score": null, "table": null}}, {"pk": 145, "model": "pingpong.match", "fields": {"status": 3, "player1_bracket_slot": null, "group": 14, "player2_bracket_slot": null, "player2_score": null, "start_time": null, "player2": 30, "ready_time": null, "player1": 32, "end_time": "2017-01-28T09:43:09.309Z", "player1_score": null, "table": null}}, {"pk": 146, "model": "pingpong.match", "fields": {"status": 3, "player1_bracket_slot": null, "group": 14, "player2_bracket_slot": null, "player2_score": null, "start_time": null, "player2": 32, "ready_time": null, "player1": 33, "end_time": "2017-01-28T09:43:09.309Z", "player1_score": null, "table": null}}, {"pk": 147, "model": "pingpong.match", "fields": {"status": 3, "player1_bracket_slot": null, "group": 14, "player2_bracket_slot": null, "player2_score": null, "start_time": "2017-01-28T08:38:46.406Z", "player2": null, "ready_time": null, "player1": null, "end_time": "2017-01-28T09:43:09.309Z", "player1_score": null, "table": 12}}, {"pk": 148, "model": "pingpong.match", "fields": {"status": 3, "player1_bracket_slot": 102, "group": null, "player2_bracket_slot": 103, "player2_score": 1, "start_time": "2017-01-28T09:57:47.339Z", "player2": 25, "ready_time": null, "player1": 26, "end_time": "2017-01-28T10:27:06.384Z", "player1_score": 3, "table": 7}}, {"pk": 149, "model": "pingpong.match", "fields": {"status": 3, "player1_bracket_slot": 105, "group": null, "player2_bracket_slot": 106, "player2_score": 3, "start_time": "2017-01-28T10:22:15.039Z", "player2": 32, "ready_time": null, "player1": 31, "end_time": "2017-01-28T10:40:45.697Z", "player1_score": 0, "table": 4}}, {"pk": 150, "model": "pingpong.match", "fields": {"status": 3, "player1_bracket_slot": 101, "group": null, "player2_bracket_slot": 104, "player2_score": 0, "start_time": "2017-01-28T10:52:21.068Z", "player2": 32, "ready_time": null, "player1": 26, "end_time": "2017-01-28T11:07:13.835Z", "player1_score": 3, "table": 1}}, {"pk": 151, "model": "pingpong.match", "fields": {"status": 3, "player1_bracket_slot": 109, "group": null, "player2_bracket_slot": 110, "player2_score": 1, "start_time": "2017-01-28T10:10:42.608Z", "player2": 27, "ready_time": null, "player1": 35, "end_time": "2017-01-28T10:29:27.703Z", "player1_score": 3, "table": 5}}, {"pk": 152, "model": "pingpong.match", "fields": {"status": 3, "player1_bracket_slot": 112, "group": null, "player2_bracket_slot": 113, "player2_score": 3, "start_time": "2017-01-28T10:29:40.578Z", "player2": 34, "ready_time": null, "player1": 30, "end_time": "2017-01-28T11:03:21.512Z", "player1_score": 2, "table": 5}}, {"pk": 153, "model": "pingpong.match", "fields": {"status": 3, "player1_bracket_slot": 108, "group": null, "player2_bracket_slot": 111, "player2_score": 3, "start_time": "2017-01-28T11:12:50.279Z", "player2": 34, "ready_time": null, "player1": 35, "end_time": "2017-01-28T11:42:35.696Z", "player1_score": 1, "table": 2}}, {"pk": 154, "model": "pingpong.match", "fields": {"status": 3, "player1_bracket_slot": 100, "group": null, "player2_bracket_slot": 107, "player2_score": 2, "start_time": "2017-01-28T11:53:41.225Z", "player2": 34, "ready_time": null, "player1": 26, "end_time": "2017-01-28T12:37:35.204Z", "player1_score": 3, "table": 1}}, {"pk": 155, "model": "pingpong.match", "fields": {"status": 3, "player1_bracket_slot": 116, "group": null, "player2_bracket_slot": 117, "player2_score": 3, "start_time": "2017-01-28T10:43:09.031Z", "player2": 33, "ready_time": null, "player1": 29, "end_time": "2017-01-28T11:08:02.476Z", "player1_score": 1, "table": 11}}, {"pk": 156, "model": "pingpong.match", "fields": {"status": 3, "player1_bracket_slot": 119, "group": null, "player2_bracket_slot": 120, "player2_score": 2, "start_time": "2017-01-28T10:33:26.269Z", "player2": 28, "ready_time": null, "player1": 50, "end_time": "2017-01-28T10:57:23.680Z", "player1_score": 3, "table": 9}}, {"pk": 157, "model": "pingpong.match", "fields": {"status": 3, "player1_bracket_slot": 115, "group": null, "player2_bracket_slot": 118, "player2_score": 3, "start_time": "2017-01-28T11:09:47.135Z", "player2": 50, "ready_time": null, "player1": 33, "end_time": "2017-01-28T11:30:43.556Z", "player1_score": 2, "table": 11}}, {"pk": 158, "model": "pingpong.match", "fields": {"status": 3, "player1_bracket_slot": null, "group": 15, "player2_bracket_slot": null, "player2_score": null, "start_time": null, "player2": 41, "ready_time": null, "player1": 37, "end_time": "2017-01-28T10:19:18.981Z", "player1_score": null, "table": null}}, {"pk": 159, "model": "pingpong.match", "fields": {"status": 3, "player1_bracket_slot": null, "group": 15, "player2_bracket_slot": null, "player2_score": null, "start_time": null, "player2": 51, "ready_time": null, "player1": 55, "end_time": "2017-01-28T10:19:18.981Z", "player1_score": null, "table": null}}, {"pk": 160, "model": "pingpong.match", "fields": {"status": 3, "player1_bracket_slot": null, "group": 15, "player2_bracket_slot": null, "player2_score": null, "start_time": null, "player2": 51, "ready_time": null, "player1": 41, "end_time": "2017-01-28T10:19:18.981Z", "player1_score": null, "table": null}}, {"pk": 161, "model": "pingpong.match", "fields": {"status": 3, "player1_bracket_slot": null, "group": 15, "player2_bracket_slot": null, "player2_score": null, "start_time": null, "player2": 55, "ready_time": null, "player1": 37, "end_time": "2017-01-28T10:19:18.981Z", "player1_score": null, "table": null}}, {"pk": 162, "model": "pingpong.match", "fields": {"status": 3, "player1_bracket_slot": null, "group": 15, "player2_bracket_slot": null, "player2_score": null, "start_time": null, "player2": 41, "ready_time": null, "player1": 55, "end_time": "2017-01-28T10:19:18.981Z", "player1_score": null, "table": null}}, {"pk": 163, "model": "pingpong.match", "fields": {"status": 3, "player1_bracket_slot": null, "group": 15, "player2_bracket_slot": null, "player2_score": null, "start_time": null, "player2": 37, "ready_time": null, "player1": 51, "end_time": "2017-01-28T10:19:18.981Z", "player1_score": null, "table": null}}, {"pk": 164, "model": "pingpong.match", "fields": {"status": 3, "player1_bracket_slot": null, "group": 15, "player2_bracket_slot": null, "player2_score": null, "start_time": "2017-01-28T09:11:53.977Z", "player2": null, "ready_time": null, "player1": null, "end_time": "2017-01-28T10:19:18.981Z", "player1_score": null, "table": 6}}, {"pk": 165, "model": "pingpong.match", "fields": {"status": 3, "player1_bracket_slot": null, "group": 16, "player2_bracket_slot": null, "player2_score": null, "start_time": null, "player2": 36, "ready_time": null, "player1": 38, "end_time": "2017-01-28T11:36:23.354Z", "player1_score": null, "table": null}}, {"pk": 166, "model": "pingpong.match", "fields": {"status": 3, "player1_bracket_slot": null, "group": 16, "player2_bracket_slot": null, "player2_score": null, "start_time": null, "player2": 42, "ready_time": null, "player1": 53, "end_time": "2017-01-28T11:36:23.354Z", "player1_score": null, "table": null}}, {"pk": 167, "model": "pingpong.match", "fields": {"status": 3, "player1_bracket_slot": null, "group": 16, "player2_bracket_slot": null, "player2_score": null, "start_time": null, "player2": 42, "ready_time": null, "player1": 36, "end_time": "2017-01-28T11:36:23.354Z", "player1_score": null, "table": null}}, {"pk": 168, "model": "pingpong.match", "fields": {"status": 3, "player1_bracket_slot": null, "group": 16, "player2_bracket_slot": null, "player2_score": null, "start_time": null, "player2": 53, "ready_time": null, "player1": 38, "end_time": "2017-01-28T11:36:23.354Z", "player1_score": null, "table": null}}, {"pk": 169, "model": "pingpong.match", "fields": {"status": 3, "player1_bracket_slot": null, "group": 16, "player2_bracket_slot": null, "player2_score": null, "start_time": null, "player2": 36, "ready_time": null, "player1": 53, "end_time": "2017-01-28T11:36:23.354Z", "player1_score": null, "table": null}}, {"pk": 170, "model": "pingpong.match", "fields": {"status": 3, "player1_bracket_slot": null, "group": 16, "player2_bracket_slot": null, "player2_score": null, "start_time": null, "player2": 38, "ready_time": null, "player1": 42, "end_time": "2017-01-28T11:36:23.354Z", "player1_score": null, "table": null}}, {"pk": 171, "model": "pingpong.match", "fields": {"status": 3, "player1_bracket_slot": null, "group": 16, "player2_bracket_slot": null, "player2_score": null, "start_time": "2017-01-28T09:43:15.716Z", "player2": null, "ready_time": null, "player1": null, "end_time": "2017-01-28T11:36:23.354Z", "player1_score": null, "table": 12}}, {"pk": 172, "model": "pingpong.match", "fields": {"status": 3, "player1_bracket_slot": null, "group": 17, "player2_bracket_slot": null, "player2_score": null, "start_time": null, "player2": 52, "ready_time": null, "player1": 40, "end_time": "2017-01-28T10:32:27.821Z", "player1_score": null, "table": null}}, {"pk": 173, "model": "pingpong.match", "fields": {"status": 3, "player1_bracket_slot": null, "group": 17, "player2_bracket_slot": null, "player2_score": null, "start_time": null, "player2": 40, "ready_time": null, "player1": 43, "end_time": "2017-01-28T10:32:27.821Z", "player1_score": null, "table": null}}, {"pk": 174, "model": "pingpong.match", "fields": {"status": 3, "player1_bracket_slot": null, "group": 17, "player2_bracket_slot": null, "player2_score": null, "start_time": null, "player2": 43, "ready_time": null, "player1": 52, "end_time": "2017-01-28T10:32:27.821Z", "player1_score": null, "table": null}}, {"pk": 175, "model": "pingpong.match", "fields": {"status": 3, "player1_bracket_slot": null, "group": 17, "player2_bracket_slot": null, "player2_score": null, "start_time": "2017-01-28T09:43:41.916Z", "player2": null, "ready_time": null, "player1": null, "end_time": "2017-01-28T10:32:27.821Z", "player1_score": null, "table": 9}}, {"pk": 176, "model": "pingpong.match", "fields": {"status": 3, "player1_bracket_slot": null, "group": 18, "player2_bracket_slot": null, "player2_score": null, "start_time": null, "player2": 44, "ready_time": null, "player1": 39, "end_time": "2017-01-28T10:43:01.494Z", "player1_score": null, "table": null}}, {"pk": 177, "model": "pingpong.match", "fields": {"status": 3, "player1_bracket_slot": null, "group": 18, "player2_bracket_slot": null, "player2_score": null, "start_time": null, "player2": 39, "ready_time": null, "player1": 54, "end_time": "2017-01-28T10:43:01.494Z", "player1_score": null, "table": null}}, {"pk": 178, "model": "pingpong.match", "fields": {"status": 3, "player1_bracket_slot": null, "group": 18, "player2_bracket_slot": null, "player2_score": null, "start_time": null, "player2": 54, "ready_time": null, "player1": 44, "end_time": "2017-01-28T10:43:01.494Z", "player1_score": null, "table": null}}, {"pk": 179, "model": "pingpong.match", "fields": {"status": 3, "player1_bracket_slot": null, "group": 18, "player2_bracket_slot": null, "player2_score": null, "start_time": "2017-01-28T09:44:52.785Z", "player2": null, "ready_time": null, "player1": null, "end_time": "2017-01-28T10:43:01.494Z", "player1_score": null, "table": 11}}, {"pk": 180, "model": "pingpong.match", "fields": {"status": 3, "player1_bracket_slot": 124, "group": null, "player2_bracket_slot": 125, "player2_score": 2, "start_time": "2017-01-28T10:36:31.820Z", "player2": 40, "ready_time": null, "player1": 37, "end_time": "2017-01-28T11:02:30.677Z", "player1_score": 3, "table": 6}}, {"pk": 181, "model": "pingpong.match", "fields": {"status": 3, "player1_bracket_slot": 127, "group": null, "player2_bracket_slot": 128, "player2_score": 1, "start_time": "2017-01-28T11:36:45.005Z", "player2": 44, "ready_time": null, "player1": 36, "end_time": "2017-01-28T12:03:40.390Z", "player1_score": 3, "table": 6}}, {"pk": 182, "model": "pingpong.match", "fields": {"status": 3, "player1_bracket_slot": 123, "group": null, "player2_bracket_slot": 126, "player2_score": 0, "start_time": "2017-01-28T12:04:25.423Z", "player2": 36, "ready_time": null, "player1": 37, "end_time": "2017-01-28T12:26:19.447Z", "player1_score": 3, "table": 3}}, {"pk": 183, "model": "pingpong.match", "fields": {"status": 3, "player1_bracket_slot": 131, "group": null, "player2_bracket_slot": 132, "player2_score": 2, "start_time": "2017-01-28T10:51:53.215Z", "player2": 51, "ready_time": null, "player1": 43, "end_time": "2017-01-28T11:17:21.078Z", "player1_score": 3, "table": 4}}, {"pk": 184, "model": "pingpong.match", "fields": {"status": 3, "player1_bracket_slot": 134, "group": null, "player2_bracket_slot": 135, "player2_score": 3, "start_time": "2017-01-28T11:36:48.016Z", "player2": 38, "ready_time": null, "player1": 54, "end_time": "2017-01-28T11:59:47.122Z", "player1_score": 0, "table": 7}}, {"pk": 185, "model": "pingpong.match", "fields": {"status": 3, "player1_bracket_slot": 130, "group": null, "player2_bracket_slot": 133, "player2_score": 3, "start_time": "2017-01-28T11:59:53.242Z", "player2": 38, "ready_time": null, "player1": 43, "end_time": "2017-01-28T12:23:58.106Z", "player1_score": 1, "table": 4}}, {"pk": 186, "model": "pingpong.match", "fields": {"status": 3, "player1_bracket_slot": 122, "group": null, "player2_bracket_slot": 129, "player2_score": 0, "start_time": "2017-01-28T12:26:38.274Z", "player2": 38, "ready_time": null, "player1": 37, "end_time": "2017-01-28T12:47:36.170Z", "player1_score": 3, "table": 4}}, {"pk": 187, "model": "pingpong.match", "fields": {"status": 3, "player1_bracket_slot": 139, "group": null, "player2_bracket_slot": 140, "player2_score": null, "start_time": null, "player2": null, "ready_time": null, "player1": 41, "end_time": null, "player1_score": null, "table": null}}, {"pk": 188, "model": "pingpong.match", "fields": {"status": 3, "player1_bracket_slot": 142, "group": null, "player2_bracket_slot": 143, "player2_score": 0, "start_time": "2017-01-28T11:36:54.658Z", "player2": 39, "ready_time": null, "player1": 53, "end_time": "2017-01-28T12:03:50.653Z", "player1_score": 3, "table": 11}}, {"pk": 189, "model": "pingpong.match", "fields": {"status": 3, "player1_bracket_slot": 138, "group": null, "player2_bracket_slot": 141, "player2_score": 3, "start_time": "2017-01-28T12:04:28.599Z", "player2": 53, "ready_time": null, "player1": 41, "end_time": "2017-01-28T12:20:43.995Z", "player1_score": 0, "table": 6}}, {"pk": 190, "model": "pingpong.match", "fields": {"status": 3, "player1_bracket_slot": 146, "group": null, "player2_bracket_slot": 147, "player2_score": 0, "start_time": "2017-01-28T10:32:37.424Z", "player2": 55, "ready_time": null, "player1": 52, "end_time": "2017-01-28T10:33:11.646Z", "player1_score": 3, "table": 9}}, {"pk": 191, "model": "pingpong.match", "fields": {"status": 3, "player1_bracket_slot": 149, "group": null, "player2_bracket_slot": 150, "player2_score": null, "start_time": null, "player2": 42, "ready_time": null, "player1": null, "end_time": null, "player1_score": null, "table": null}}, {"pk": 192, "model": "pingpong.match", "fields": {"status": 3, "player1_bracket_slot": 145, "group": null, "player2_bracket_slot": 148, "player2_score": 1, "start_time": "2017-01-28T11:36:52.479Z", "player2": 42, "ready_time": null, "player1": 52, "end_time": "2017-01-28T11:58:35.642Z", "player1_score": 3, "table": 10}}, {"pk": 193, "model": "pingpong.match", "fields": {"status": 3, "player1_bracket_slot": 137, "group": null, "player2_bracket_slot": 144, "player2_score": 3, "start_time": "2017-01-28T12:23:38.555Z", "player2": 52, "ready_time": null, "player1": 53, "end_time": "2017-01-28T12:48:32.589Z", "player1_score": 2, "table": 5}}, {"pk": 194, "model": "pingpong.match", "fields": {"status": 3, "player1_bracket_slot": null, "group": 19, "player2_bracket_slot": null, "player2_score": null, "start_time": null, "player2": 66, "ready_time": null, "player1": 65, "end_time": "2017-01-28T12:08:53.649Z", "player1_score": null, "table": null}}, {"pk": 195, "model": "pingpong.match", "fields": {"status": 3, "player1_bracket_slot": null, "group": 19, "player2_bracket_slot": null, "player2_score": null, "start_time": null, "player2": 67, "ready_time": null, "player1": 60, "end_time": "2017-01-28T12:08:53.649Z", "player1_score": null, "table": null}}, {"pk": 196, "model": "pingpong.match", "fields": {"status": 3, "player1_bracket_slot": null, "group": 19, "player2_bracket_slot": null, "player2_score": null, "start_time": null, "player2": 60, "ready_time": null, "player1": 66, "end_time": "2017-01-28T12:08:53.649Z", "player1_score": null, "table": null}}, {"pk": 197, "model": "pingpong.match", "fields": {"status": 3, "player1_bracket_slot": null, "group": 19, "player2_bracket_slot": null, "player2_score": null, "start_time": null, "player2": 65, "ready_time": null, "player1": 59, "end_time": "2017-01-28T12:08:53.649Z", "player1_score": null, "table": null}}, {"pk": 198, "model": "pingpong.match", "fields": {"status": 3, "player1_bracket_slot": null, "group": 19, "player2_bracket_slot": null, "player2_score": null, "start_time": null, "player2": 59, "ready_time": null, "player1": 60, "end_time": "2017-01-28T12:08:53.649Z", "player1_score": null, "table": null}}, {"pk": 199, "model": "pingpong.match", "fields": {"status": 3, "player1_bracket_slot": null, "group": 19, "player2_bracket_slot": null, "player2_score": null, "start_time": null, "player2": 66, "ready_time": null, "player1": 67, "end_time": "2017-01-28T12:08:53.649Z", "player1_score": null, "table": null}}, {"pk": 200, "model": "pingpong.match", "fields": {"status": 3, "player1_bracket_slot": null, "group": 19, "player2_bracket_slot": null, "player2_score": null, "start_time": null, "player2": 67, "ready_time": null, "player1": 59, "end_time": "2017-01-28T12:08:53.649Z", "player1_score": null, "table": null}}, {"pk": 201, "model": "pingpong.match", "fields": {"status": 3, "player1_bracket_slot": null, "group": 19, "player2_bracket_slot": null, "player2_score": null, "start_time": null, "player2": 60, "ready_time": null, "player1": 65, "end_time": "2017-01-28T12:08:53.649Z", "player1_score": null, "table": null}}, {"pk": 202, "model": "pingpong.match", "fields": {"status": 3, "player1_bracket_slot": null, "group": 19, "player2_bracket_slot": null, "player2_score": null, "start_time": null, "player2": 65, "ready_time": null, "player1": 67, "end_time": "2017-01-28T12:08:53.649Z", "player1_score": null, "table": null}}, {"pk": 203, "model": "pingpong.match", "fields": {"status": 3, "player1_bracket_slot": null, "group": 19, "player2_bracket_slot": null, "player2_score": null, "start_time": null, "player2": 59, "ready_time": null, "player1": 66, "end_time": "2017-01-28T12:08:53.649Z", "player1_score": null, "table": null}}, {"pk": 204, "model": "pingpong.match", "fields": {"status": 3, "player1_bracket_slot": null, "group": 19, "player2_bracket_slot": null, "player2_score": null, "start_time": "2017-01-28T09:33:46.068Z", "player2": null, "ready_time": null, "player1": null, "end_time": "2017-01-28T12:08:53.649Z", "player1_score": null, "table": 8}}, {"pk": 209, "model": "pingpong.match", "fields": {"status": 4, "player1_bracket_slot": 165, "group": null, "player2_bracket_slot": 166, "player2_score": null, "start_time": null, "player2": null, "ready_time": null, "player1": 71, "end_time": null, "player1_score": null, "table": null}}, {"pk": 210, "model": "pingpong.match", "fields": {"status": 3, "player1_bracket_slot": 168, "group": null, "player2_bracket_slot": 169, "player2_score": 3, "start_time": "2017-01-28T12:16:20.278Z", "player2": 73, "ready_time": null, "player1": 68, "end_time": "2017-01-28T12:44:32.878Z", "player1_score": 1, "table": 10}}, {"pk": 211, "model": "pingpong.match", "fields": {"status": 3, "player1_bracket_slot": 164, "group": null, "player2_bracket_slot": 167, "player2_score": 3, "start_time": "2017-01-28T12:44:37.155Z", "player2": 73, "ready_time": null, "player1": 71, "end_time": "2017-01-28T13:12:59.005Z", "player1_score": 1, "table": 7}}, {"pk": 212, "model": "pingpong.match", "fields": {"status": 3, "player1_bracket_slot": 172, "group": null, "player2_bracket_slot": 173, "player2_score": 0, "start_time": "2017-01-28T12:16:22.407Z", "player2": 76, "ready_time": null, "player1": 69, "end_time": "2017-01-28T12:43:05.530Z", "player1_score": 3, "table": 11}}, {"pk": 213, "model": "pingpong.match", "fields": {"status": 3, "player1_bracket_slot": 175, "group": null, "player2_bracket_slot": 176, "player2_score": 0, "start_time": "2017-01-28T12:37:42.286Z", "player2": 77, "ready_time": null, "player1": 79, "end_time": "2017-01-28T12:57:32.650Z", "player1_score": 3, "table": 1}}, {"pk": 214, "model": "pingpong.match", "fields": {"status": 3, "player1_bracket_slot": 171, "group": null, "player2_bracket_slot": 174, "player2_score": 3, "start_time": "2017-01-28T12:57:36.421Z", "player2": 79, "ready_time": null, "player1": 69, "end_time": "2017-01-28T13:17:43.842Z", "player1_score": 0, "table": 1}}, {"pk": 215, "model": "pingpong.match", "fields": {"status": 3, "player1_bracket_slot": 163, "group": null, "player2_bracket_slot": 170, "player2_score": 3, "start_time": "2017-01-28T13:17:48.935Z", "player2": 79, "ready_time": null, "player1": 73, "end_time": "2017-01-28T13:36:39.805Z", "player1_score": 1, "table": 1}}, {"pk": 216, "model": "pingpong.match", "fields": {"status": 3, "player1_bracket_slot": 180, "group": null, "player2_bracket_slot": 181, "player2_score": 3, "start_time": "2017-01-28T12:37:44.792Z", "player2": 78, "ready_time": null, "player1": 75, "end_time": "2017-01-28T12:55:58.750Z", "player1_score": 0, "table": 2}}, {"pk": 217, "model": "pingpong.match", "fields": {"status": 3, "player1_bracket_slot": 183, "group": null, "player2_bracket_slot": 184, "player2_score": 3, "start_time": "2017-01-28T12:16:17.416Z", "player2": 70, "ready_time": null, "player1": 81, "end_time": "2017-01-28T12:38:57.625Z", "player1_score": 1, "table": 9}}, {"pk": 218, "model": "pingpong.match", "fields": {"status": 3, "player1_bracket_slot": 179, "group": null, "player2_bracket_slot": 182, "player2_score": 0, "start_time": "2017-01-28T12:56:06.101Z", "player2": 70, "ready_time": null, "player1": 78, "end_time": "2017-01-28T13:12:44.276Z", "player1_score": 3, "table": 2}}, {"pk": 219, "model": "pingpong.match", "fields": {"status": 3, "player1_bracket_slot": 187, "group": null, "player2_bracket_slot": 188, "player2_score": 3, "start_time": "2017-01-28T12:24:08.895Z", "player2": 72, "ready_time": null, "player1": 74, "end_time": "2017-01-28T12:41:48.844Z", "player1_score": 0, "table": 6}}, {"pk": 220, "model": "pingpong.match", "fields": {"status": 4, "player1_bracket_slot": 190, "group": null, "player2_bracket_slot": 191, "player2_score": null, "start_time": null, "player2": 80, "ready_time": null, "player1": null, "end_time": null, "player1_score": null, "table": null}}, {"pk": 221, "model": "pingpong.match", "fields": {"status": 3, "player1_bracket_slot": 186, "group": null, "player2_bracket_slot": 189, "player2_score": 3, "start_time": "2017-01-28T12:41:56.283Z", "player2": 80, "ready_time": null, "player1": 72, "end_time": "2017-01-28T12:59:51.301Z", "player1_score": 0, "table": 6}}, {"pk": 222, "model": "pingpong.match", "fields": {"status": 3, "player1_bracket_slot": 178, "group": null, "player2_bracket_slot": 185, "player2_score": 1, "start_time": "2017-01-28T13:13:28.890Z", "player2": 80, "ready_time": null, "player1": 78, "end_time": "2017-01-28T13:36:13.764Z", "player1_score": 3, "table": 2}}, {"pk": 223, "model": "pingpong.match", "fields": {"status": 3, "player1_bracket_slot": 162, "group": null, "player2_bracket_slot": 177, "player2_score": 2, "start_time": "2017-01-28T13:37:21.320Z", "player2": 78, "ready_time": null, "player1": 79, "end_time": "2017-01-28T14:12:27.711Z", "player1_score": 3, "table": 1}}, {"pk": 224, "model": "pingpong.match", "fields": {"status": 4, "player1_bracket_slot": 196, "group": null, "player2_bracket_slot": 197, "player2_score": null, "start_time": null, "player2": null, "ready_time": null, "player1": 89, "end_time": null, "player1_score": null, "table": null}}, {"pk": 226, "model": "pingpong.match", "fields": {"status": 3, "player1_bracket_slot": 195, "group": null, "player2_bracket_slot": 198, "player2_score": 3, "start_time": "2017-01-28T13:03:24.362Z", "player2": 85, "ready_time": null, "player1": 89, "end_time": "2017-01-28T13:24:33.339Z", "player1_score": 2, "table": 5}}, {"pk": 227, "model": "pingpong.match", "fields": {"status": 4, "player1_bracket_slot": 203, "group": null, "player2_bracket_slot": 204, "player2_score": null, "start_time": null, "player2": null, "ready_time": null, "player1": 88, "end_time": null, "player1_score": null, "table": null}}, {"pk": 228, "model": "pingpong.match", "fields": {"status": 4, "player1_bracket_slot": 206, "group": null, "player2_bracket_slot": 207, "player2_score": null, "start_time": null, "player2": 90, "ready_time": null, "player1": null, "end_time": null, "player1_score": null, "table": null}}, {"pk": 229, "model": "pingpong.match", "fields": {"status": 3, "player1_bracket_slot": 202, "group": null, "player2_bracket_slot": 205, "player2_score": 3, "start_time": "2017-01-28T12:16:25.922Z", "player2": 90, "ready_time": null, "player1": 88, "end_time": "2017-01-28T12:33:38.298Z", "player1_score": 0, "table": 7}}, {"pk": 230, "model": "pingpong.match", "fields": {"status": 3, "player1_bracket_slot": 194, "group": null, "player2_bracket_slot": 201, "player2_score": 0, "start_time": "2017-01-28T13:24:47.243Z", "player2": 90, "ready_time": null, "player1": 85, "end_time": "2017-01-28T13:39:01.326Z", "player1_score": 3, "table": 5}}, {"pk": 231, "model": "pingpong.match", "fields": {"status": 4, "player1_bracket_slot": 211, "group": null, "player2_bracket_slot": 212, "player2_score": null, "start_time": null, "player2": null, "ready_time": null, "player1": 86, "end_time": null, "player1_score": null, "table": null}}, {"pk": 232, "model": "pingpong.match", "fields": {"status": 4, "player1_bracket_slot": 214, "group": null, "player2_bracket_slot": 215, "player2_score": null, "start_time": null, "player2": 84, "ready_time": null, "player1": null, "end_time": null, "player1_score": null, "table": null}}, {"pk": 233, "model": "pingpong.match", "fields": {"status": 3, "player1_bracket_slot": 210, "group": null, "player2_bracket_slot": 213, "player2_score": 3, "start_time": "2017-01-28T12:36:47.750Z", "player2": 84, "ready_time": null, "player1": 86, "end_time": "2017-01-28T13:11:21.991Z", "player1_score": 2, "table": 3}}, {"pk": 234, "model": "pingpong.match", "fields": {"status": 4, "player1_bracket_slot": 218, "group": null, "player2_bracket_slot": 219, "player2_score": null, "start_time": null, "player2": null, "ready_time": null, "player1": 82, "end_time": null, "player1_score": null, "table": null}}, {"pk": 235, "model": "pingpong.match", "fields": {"status": 4, "player1_bracket_slot": 221, "group": null, "player2_bracket_slot": 222, "player2_score": null, "start_time": null, "player2": 83, "ready_time": null, "player1": null, "end_time": null, "player1_score": null, "table": null}}, {"pk": 236, "model": "pingpong.match", "fields": {"status": 3, "player1_bracket_slot": 217, "group": null, "player2_bracket_slot": 220, "player2_score": 0, "start_time": "2017-01-28T12:49:24.282Z", "player2": 83, "ready_time": null, "player1": 82, "end_time": "2017-01-28T13:08:02.217Z", "player1_score": 3, "table": 4}}, {"pk": 237, "model": "pingpong.match", "fields": {"status": 3, "player1_bracket_slot": 209, "group": null, "player2_bracket_slot": 216, "player2_score": 1, "start_time": "2017-01-28T13:12:00.676Z", "player2": 82, "ready_time": null, "player1": 84, "end_time": "2017-01-28T13:53:30.575Z", "player1_score": 3, "table": 4}}, {"pk": 238, "model": "pingpong.match", "fields": {"status": 3, "player1_bracket_slot": 193, "group": null, "player2_bracket_slot": 208, "player2_score": 2, "start_time": "2017-01-28T13:54:17.778Z", "player2": 84, "ready_time": null, "player1": 85, "end_time": "2017-01-28T14:21:04.066Z", "player1_score": 3, "table": 3}}, {"pk": 248, "model": "pingpong.match", "fields": {"status": 3, "player1_bracket_slot": 237, "group": null, "player2_bracket_slot": 238, "player2_score": 0, "start_time": "2017-01-28T14:03:51.994Z", "player2": 62, "ready_time": null, "player1": 61, "end_time": "2017-01-28T14:03:55.619Z", "player1_score": 3, "table": 12}}, {"pk": 249, "model": "pingpong.match", "fields": {"status": 3, "player1_bracket_slot": 240, "group": null, "player2_bracket_slot": 241, "player2_score": 1, "start_time": "2017-01-28T14:04:15.076Z", "player2": 64, "ready_time": null, "player1": 63, "end_time": "2017-01-28T14:04:21.388Z", "player1_score": 3, "table": 12}}, {"pk": 250, "model": "pingpong.match", "fields": {"status": 3, "player1_bracket_slot": null, "group": 21, "player2_bracket_slot": null, "player2_score": null, "start_time": null, "player2": 94, "ready_time": null, "player1": 93, "end_time": "2017-01-28T14:07:57.647Z", "player1_score": null, "table": null}}, {"pk": 251, "model": "pingpong.match", "fields": {"status": 3, "player1_bracket_slot": null, "group": 21, "player2_bracket_slot": null, "player2_score": null, "start_time": null, "player2": 93, "ready_time": null, "player1": 95, "end_time": "2017-01-28T14:07:57.647Z", "player1_score": null, "table": null}}, {"pk": 252, "model": "pingpong.match", "fields": {"status": 3, "player1_bracket_slot": null, "group": 21, "player2_bracket_slot": null, "player2_score": null, "start_time": null, "player2": 95, "ready_time": null, "player1": 94, "end_time": "2017-01-28T14:07:57.647Z", "player1_score": null, "table": null}}, {"pk": 253, "model": "pingpong.match", "fields": {"status": 3, "player1_bracket_slot": null, "group": 21, "player2_bracket_slot": null, "player2_score": null, "start_time": "2017-01-28T14:07:10.683Z", "player2": null, "ready_time": null, "player1": null, "end_time": "2017-01-28T14:07:57.647Z", "player1_score": null, "table": 12}}, {"pk": 68, "model": "pingpong.double", "fields": {"player2": 11, "player1": 8}}, {"pk": 69, "model": "pingpong.double", "fields": {"player2": 10, "player1": 30}}, {"pk": 70, "model": "pingpong.double", "fields": {"player2": 29, "player1": 3}}, {"pk": 71, "model": "pingpong.double", "fields": {"player2": 27, "player1": 1}}, {"pk": 72, "model": "pingpong.double", "fields": {"player2": 43, "player1": 33}}, {"pk": 73, "model": "pingpong.double", "fields": {"player2": 45, "player1": 35}}, {"pk": 74, "model": "pingpong.double", "fields": {"player2": 47, "player1": 2}}, {"pk": 75, "model": "pingpong.double", "fields": {"player2": 20, "player1": 32}}, {"pk": 76, "model": "pingpong.double", "fields": {"player2": 22, "player1": 54}}, {"pk": 77, "model": "pingpong.double", "fields": {"player2": 28, "player1": 13}}, {"pk": 78, "model": "pingpong.double", "fields": {"player2": 49, "player1": 34}}, {"pk": 79, "model": "pingpong.double", "fields": {"player2": 26, "player1": 9}}, {"pk": 80, "model": "pingpong.double", "fields": {"player2": 4, "player1": 5}}, {"pk": 81, "model": "pingpong.double", "fields": {"player2": 31, "player1": 48}}, {"pk": 82, "model": "pingpong.double", "fields": {"player2": 51, "player1": 52}}, {"pk": 83, "model": "pingpong.double", "fields": {"player2": 39, "player1": 40}}, {"pk": 84, "model": "pingpong.double", "fields": {"player2": 36, "player1": 15}}, {"pk": 85, "model": "pingpong.double", "fields": {"player2": 38, "player1": 37}}, {"pk": 86, "model": "pingpong.double", "fields": {"player2": 14, "player1": 12}}, {"pk": 88, "model": "pingpong.double", "fields": {"player2": 21, "player1": 42}}, {"pk": 89, "model": "pingpong.double", "fields": {"player2": 46, "player1": 24}}, {"pk": 90, "model": "pingpong.double", "fields": {"player2": 23, "player1": 50}}, {"pk": 93, "model": "pingpong.double", "fields": {"player2": 91, "player1": 66}}, {"pk": 94, "model": "pingpong.double", "fields": {"player2": 60, "player1": 59}}, {"pk": 95, "model": "pingpong.double", "fields": {"player2": 65, "player1": 67}}, {"pk": 1, "model": "pingpong.group", "fields": {"category": 3, "table": null, "status": 0, "name": "A"}}, {"pk": 2, "model": "pingpong.group", "fields": {"category": 3, "table": null, "status": 0, "name": "B"}}, {"pk": 3, "model": "pingpong.group", "fields": {"category": 3, "table": null, "status": 0, "name": "C"}}, {"pk": 4, "model": "pingpong.group", "fields": {"category": 3, "table": null, "status": 0, "name": "D"}}, {"pk": 5, "model": "pingpong.group", "fields": {"category": 1, "table": null, "status": 0, "name": "A"}}, {"pk": 6, "model": "pingpong.group", "fields": {"category": 1, "table": null, "status": 0, "name": "B"}}, {"pk": 7, "model": "pingpong.group", "fields": {"category": 1, "table": null, "status": 0, "name": "C"}}, {"pk": 8, "model": "pingpong.group", "fields": {"category": 1, "table": null, "status": 0, "name": "D"}}, {"pk": 11, "model": "pingpong.group", "fields": {"category": 2, "table": null, "status": 0, "name": "A"}}, {"pk": 12, "model": "pingpong.group", "fields": {"category": 2, "table": null, "status": 0, "name": "B"}}, {"pk": 13, "model": "pingpong.group", "fields": {"category": 2, "table": null, "status": 0, "name": "C"}}, {"pk": 14, "model": "pingpong.group", "fields": {"category": 2, "table": null, "status": 0, "name": "D"}}, {"pk": 15, "model": "pingpong.group", "fields": {"category": 4, "table": null, "status": 0, "name": "A"}}, {"pk": 16, "model": "pingpong.group", "fields": {"category": 4, "table": null, "status": 0, "name": "B"}}, {"pk": 17, "model": "pingpong.group", "fields": {"category": 4, "table": null, "status": 0, "name": "C"}}, {"pk": 18, "model": "pingpong.group", "fields": {"category": 4, "table": null, "status": 0, "name": "D"}}, {"pk": 19, "model": "pingpong.group", "fields": {"category": 7, "table": null, "status": 0, "name": "A"}}, {"pk": 21, "model": "pingpong.group", "fields": {"category": 14, "table": null, "status": 0, "name": "A"}}, {"pk": 1, "model": "pingpong.groupmember", "fields": {"player": 45, "group": 1, "place": 1, "leader": true}}, {"pk": 2, "model": "pingpong.groupmember", "fields": {"player": 17, "group": 1, "place": 4, "leader": false}}, {"pk": 3, "model": "pingpong.groupmember", "fields": {"player": 22, "group": 1, "place": 3, "leader": false}}, {"pk": 4, "model": "pingpong.groupmember", "fields": {"player": 46, "group": 1, "place": 2, "leader": false}}, {"pk": 5, "model": "pingpong.groupmember", "fields": {"player": 15, "group": 2, "place": 1, "leader": true}}, {"pk": 6, "model": "pingpong.groupmember", "fields": {"player": 21, "group": 2, "place": 4, "leader": false}}, {"pk": 7, "model": "pingpong.groupmember", "fields": {"player": 18, "group": 2, "place": 2, "leader": false}}, {"pk": 8, "model": "pingpong.groupmember", "fields": {"player": 11, "group": 2, "place": 3, "leader": false}}, {"pk": 9, "model": "pingpong.groupmember", "fields": {"player": 16, "group": 3, "place": 2, "leader": true}}, {"pk": 10, "model": "pingpong.groupmember", "fields": {"player": 24, "group": 3, "place": 1, "leader": false}}, {"pk": 11, "model": "pingpong.groupmember", "fields": {"player": 23, "group": 3, "place": 4, "leader": false}}, {"pk": 12, "model": "pingpong.groupmember", "fields": {"player": 14, "group": 3, "place": 3, "leader": false}}, {"pk": 13, "model": "pingpong.groupmember", "fields": {"player": 19, "group": 4, "place": 3, "leader": true}}, {"pk": 14, "model": "pingpong.groupmember", "fields": {"player": 13, "group": 4, "place": 4, "leader": false}}, {"pk": 15, "model": "pingpong.groupmember", "fields": {"player": 12, "group": 4, "place": 1, "leader": false}}, {"pk": 16, "model": "pingpong.groupmember", "fields": {"player": 20, "group": 4, "place": 2, "leader": false}}, {"pk": 17, "model": "pingpong.groupmember", "fields": {"player": 10, "group": 5, "place": 1, "leader": true}}, {"pk": 18, "model": "pingpong.groupmember", "fields": {"player": 47, "group": 5, "place": 4, "leader": false}}, {"pk": 19, "model": "pingpong.groupmember", "fields": {"player": 6, "group": 5, "place": 2, "leader": false}}, {"pk": 20, "model": "pingpong.groupmember", "fields": {"player": 1, "group": 5, "place": 3, "leader": false}}, {"pk": 21, "model": "pingpong.groupmember", "fields": {"player": 3, "group": 6, "place": 1, "leader": true}}, {"pk": 22, "model": "pingpong.groupmember", "fields": {"player": 49, "group": 6, "place": 2, "leader": false}}, {"pk": 23, "model": "pingpong.groupmember", "fields": {"player": 2, "group": 6, "place": 3, "leader": false}}, {"pk": 24, "model": "pingpong.groupmember", "fields": {"player": 9, "group": 7, "place": 2, "leader": true}}, {"pk": 25, "model": "pingpong.groupmember", "fields": {"player": 48, "group": 7, "place": 3, "leader": false}}, {"pk": 26, "model": "pingpong.groupmember", "fields": {"player": 5, "group": 7, "place": 1, "leader": false}}, {"pk": 27, "model": "pingpong.groupmember", "fields": {"player": 8, "group": 8, "place": 2, "leader": true}}, {"pk": 28, "model": "pingpong.groupmember", "fields": {"player": 4, "group": 8, "place": 1, "leader": false}}, {"pk": 29, "model": "pingpong.groupmember", "fields": {"player": 7, "group": 8, "place": 3, "leader": false}}, {"pk": 43, "model": "pingpong.groupmember", "fields": {"player": 26, "group": 11, "place": 1, "leader": true}}, {"pk": 44, "model": "pingpong.groupmember", "fields": {"player": 29, "group": 11, "place": 3, "leader": false}}, {"pk": 45, "model": "pingpong.groupmember", "fields": {"player": 27, "group": 11, "place": 2, "leader": false}}, {"pk": 46, "model": "pingpong.groupmember", "fields": {"player": 34, "group": 12, "place": 1, "leader": true}}, {"pk": 47, "model": "pingpong.groupmember", "fields": {"player": 31, "group": 12, "place": 2, "leader": false}}, {"pk": 48, "model": "pingpong.groupmember", "fields": {"player": 28, "group": 12, "place": 3, "leader": false}}, {"pk": 49, "model": "pingpong.groupmember", "fields": {"player": 35, "group": 13, "place": 1, "leader": true}}, {"pk": 50, "model": "pingpong.groupmember", "fields": {"player": 50, "group": 13, "place": 3, "leader": false}}, {"pk": 51, "model": "pingpong.groupmember", "fields": {"player": 25, "group": 13, "place": 2, "leader": false}}, {"pk": 52, "model": "pingpong.groupmember", "fields": {"player": 32, "group": 14, "place": 1, "leader": true}}, {"pk": 53, "model": "pingpong.groupmember", "fields": {"player": 30, "group": 14, "place": 2, "leader": false}}, {"pk": 54, "model": "pingpong.groupmember", "fields": {"player": 33, "group": 14, "place": 3, "leader": false}}, {"pk": 55, "model": "pingpong.groupmember", "fields": {"player": 37, "group": 15, "place": 1, "leader": true}}, {"pk": 56, "model": "pingpong.groupmember", "fields": {"player": 55, "group": 15, "place": 4, "leader": false}}, {"pk": 57, "model": "pingpong.groupmember", "fields": {"player": 51, "group": 15, "place": 2, "leader": false}}, {"pk": 58, "model": "pingpong.groupmember", "fields": {"player": 41, "group": 15, "place": 3, "leader": false}}, {"pk": 59, "model": "pingpong.groupmember", "fields": {"player": 38, "group": 16, "place": 1, "leader": true}}, {"pk": 60, "model": "pingpong.groupmember", "fields": {"player": 53, "group": 16, "place": 4, "leader": false}}, {"pk": 61, "model": "pingpong.groupmember", "fields": {"player": 42, "group": 16, "place": 3, "leader": false}}, {"pk": 62, "model": "pingpong.groupmember", "fields": {"player": 36, "group": 16, "place": 2, "leader": false}}, {"pk": 63, "model": "pingpong.groupmember", "fields": {"player": 43, "group": 17, "place": 1, "leader": true}}, {"pk": 64, "model": "pingpong.groupmember", "fields": {"player": 40, "group": 17, "place": 2, "leader": false}}, {"pk": 65, "model": "pingpong.groupmember", "fields": {"player": 52, "group": 17, "place": 3, "leader": false}}, {"pk": 66, "model": "pingpong.groupmember", "fields": {"player": 54, "group": 18, "place": 2, "leader": true}}, {"pk": 67, "model": "pingpong.groupmember", "fields": {"player": 39, "group": 18, "place": 3, "leader": false}}, {"pk": 68, "model": "pingpong.groupmember", "fields": {"player": 44, "group": 18, "place": 1, "leader": false}}, {"pk": 69, "model": "pingpong.groupmember", "fields": {"player": 59, "group": 19, "place": 2, "leader": true}}, {"pk": 70, "model": "pingpong.groupmember", "fields": {"player": 65, "group": 19, "place": 1, "leader": false}}, {"pk": 71, "model": "pingpong.groupmember", "fields": {"player": 60, "group": 19, "place": 4, "leader": false}}, {"pk": 72, "model": "pingpong.groupmember", "fields": {"player": 67, "group": 19, "place": 3, "leader": false}}, {"pk": 73, "model": "pingpong.groupmember", "fields": {"player": 66, "group": 19, "place": 5, "leader": false}}, {"pk": 77, "model": "pingpong.groupmember", "fields": {"player": 95, "group": 21, "place": 2, "leader": true}}, {"pk": 78, "model": "pingpong.groupmember", "fields": {"player": 93, "group": 21, "place": 3, "leader": false}}, {"pk": 79, "model": "pingpong.groupmember", "fields": {"player": 94, "group": 21, "place": 1, "leader": false}}, {"pk": 261, "model": "pingpong.knownplayer", "fields": {"search_surname": "Vodusek", "club": "Velenje", "surname": "Vodu\u0161ek", "name": "Tadej", "search_name": "Tadej"}}, {"pk": 262, "model": "pingpong.knownplayer", "fields": {"search_surname": "Kokelj", "club": "Bled", "surname": "Kokelj", "name": "Drejc", "search_name": "Drejc"}}, {"pk": 263, "model": "pingpong.knownplayer", "fields": {"search_surname": "Zupancic", "club": "Izlake", "surname": "Zupan\u010di\u010d", "name": "Iztok", "search_name": "Iztok"}}, {"pk": 264, "model": "pingpong.knownplayer", "fields": {"search_surname": "Klenovsek", "club": "Hrastnik", "surname": "Klenov\u0161ek", "name": "Alja\u017e", "search_name": "Aljaz"}}, {"pk": 265, "model": "pingpong.knownplayer", "fields": {"search_surname": "Rezun", "club": "Trbovlje", "surname": "Re\u017eun", "name": "Miha", "search_name": "Miha"}}, {"pk": 266, "model": "pingpong.knownplayer", "fields": {"search_surname": "Premrl", "club": "Ajdov\u0161\u010dina", "surname": "Premrl", "name": "Dejan", "search_name": "Dejan"}}, {"pk": 267, "model": "pingpong.knownplayer", "fields": {"search_surname": "Cerar", "club": "LJ", "surname": "Cerar", "name": "Uro\u0161", "search_name": "Uros"}}, {"pk": 268, "model": "pingpong.knownplayer", "fields": {"search_surname": "Janezic", "club": "\u0160marje", "surname": "Jane\u017ei\u010d", "name": "Martin", "search_name": "Martin"}}, {"pk": 269, "model": "pingpong.knownplayer", "fields": {"search_surname": "Ori", "club": "Vi\u010d", "surname": "\u00d6ri", "name": "Janez", "search_name": "Janez"}}, {"pk": 270, "model": "pingpong.knownplayer", "fields": {"search_surname": "Smrekar", "club": "", "surname": "Smrekar", "name": "Ale\u0161", "search_name": "Ales"}}, {"pk": 271, "model": "pingpong.knownplayer", "fields": {"search_surname": "Petrin", "club": "Hrastnik", "surname": "Petrin", "name": "Lovro", "search_name": "Lovro"}}, {"pk": 272, "model": "pingpong.knownplayer", "fields": {"search_surname": "Ludvik", "club": "Izola", "surname": "Ludvik", "name": "Kristijan", "search_name": "Kristijan"}}, {"pk": 273, "model": "pingpong.knownplayer", "fields": {"search_surname": "Ulcnik", "club": "Tr\u017ei\u010d", "surname": "Ul\u010dnik", "name": "Matej", "search_name": "Matej"}}, {"pk": 274, "model": "pingpong.knownplayer", "fields": {"search_surname": "Bokal", "club": "\u0160kofja Loka", "surname": "Bokal", "name": "Ivo", "search_name": "Ivo"}}, {"pk": 275, "model": "pingpong.knownplayer", "fields": {"search_surname": "Lisac", "club": "Ko\u010devje", "surname": "Lisac", "name": "Ivan", "search_name": "Ivan"}}, {"pk": 276, "model": "pingpong.knownplayer", "fields": {"search_surname": "Maselj", "club": "Dom\u017eale", "surname": "Maselj", "name": "Bojan", "search_name": "Bojan"}}, {"pk": 277, "model": "pingpong.knownplayer", "fields": {"search_surname": "Zore", "club": "Trojane", "surname": "Zore", "name": "Lojze", "search_name": "Lojze"}}, {"pk": 278, "model": "pingpong.knownplayer", "fields": {"search_surname": "Torkar", "club": "Vi\u010d", "surname": "Torkar", "name": "Drago", "search_name": "Drago"}}, {"pk": 279, "model": "pingpong.knownplayer", "fields": {"search_surname": "Zore", "club": "Dom\u017eale", "surname": "Zore", "name": "Janez", "search_name": "Janez"}}, {"pk": 280, "model": "pingpong.knownplayer", "fields": {"search_surname": "Palcic", "club": "Izlake", "surname": "Pal\u010di\u010d", "name": "Damjan", "search_name": "Damjan"}}, {"pk": 281, "model": "pingpong.knownplayer", "fields": {"search_surname": "Smajgl", "club": "Izola", "surname": "\u0160majgl", "name": "Matja\u017e", "search_name": "Matjaz"}}, {"pk": 282, "model": "pingpong.knownplayer", "fields": {"search_surname": "Kuhelj", "club": "Sti\u010dna", "surname": "Kuhelj", "name": "Bojan", "search_name": "Bojan"}}, {"pk": 283, "model": "pingpong.knownplayer", "fields": {"search_surname": "Skerl", "club": "Dobova", "surname": "\u0160kerl", "name": "Damir", "search_name": "Damir"}}, {"pk": 284, "model": "pingpong.knownplayer", "fields": {"search_surname": "Sever", "club": "vl", "surname": "Sever", "name": "Igor", "search_name": "Igor"}}, {"pk": 285, "model": "pingpong.knownplayer", "fields": {"search_surname": "Vizjak", "club": "Rakek", "surname": "Vizjak", "name": "Darijan", "search_name": "Darijan"}}, {"pk": 286, "model": "pingpong.knownplayer", "fields": {"search_surname": "Veronik", "club": "", "surname": "Veronik", "name": "Rajko", "search_name": "Rajko"}}, {"pk": 287, "model": "pingpong.knownplayer", "fields": {"search_surname": "Urbajs", "club": "Hrastnik", "surname": "Urbajs", "name": "Vojteh", "search_name": "Vojteh"}}, {"pk": 288, "model": "pingpong.knownplayer", "fields": {"search_surname": "Gunther", "club": "Ravne", "surname": "G\u00fcnther", "name": "Erih", "search_name": "Erih"}}, {"pk": 289, "model": "pingpong.knownplayer", "fields": {"search_surname": "Oven", "club": "Sti\u010dna", "surname": "Oven", "name": "Robert", "search_name": "Robert"}}, {"pk": 290, "model": "pingpong.knownplayer", "fields": {"search_surname": "Zizmond", "club": "\u0160empas", "surname": "\u017di\u017emond", "name": "Milan", "search_name": "Milan"}}, {"pk": 291, "model": "pingpong.knownplayer", "fields": {"search_surname": "Gajsek", "club": "Dobova", "surname": "Gaj\u0161ek", "name": "Primo\u017e", "search_name": "Primoz"}}, {"pk": 292, "model": "pingpong.knownplayer", "fields": {"search_surname": "Jontez", "club": "Trbovlje", "surname": "Jontez", "name": "Janez", "search_name": "Janez"}}, {"pk": 293, "model": "pingpong.knownplayer", "fields": {"search_surname": "Vodlan", "club": "Trbovlje", "surname": "Vodlan", "name": "Bla\u017e", "search_name": "Blaz"}}, {"pk": 294, "model": "pingpong.knownplayer", "fields": {"search_surname": "Potrbin", "club": "Trbovlje", "surname": "Potrbin", "name": "Andrej", "search_name": "Andrej"}}, {"pk": 295, "model": "pingpong.knownplayer", "fields": {"search_surname": "Trbovc", "club": "Koper", "surname": "Trbovc", "name": "Drago", "search_name": "Drago"}}, {"pk": 296, "model": "pingpong.knownplayer", "fields": {"search_surname": "Vodusek", "club": "Velenje", "surname": "Vodu\u0161ek", "name": "Fredi", "search_name": "Fredi"}}, {"pk": 297, "model": "pingpong.knownplayer", "fields": {"search_surname": "Tesanovic", "club": "Gorenje", "surname": "Te\u0161anovi\u010d", "name": "Spasoje", "search_name": "Spasoje"}}, {"pk": 298, "model": "pingpong.knownplayer", "fields": {"search_surname": "Cargo", "club": "Gorica", "surname": "\u010cargo", "name": "Zdenko", "search_name": "Zdenko"}}, {"pk": 299, "model": "pingpong.knownplayer", "fields": {"search_surname": "Vodlan", "club": "Trbovlje", "surname": "Vodlan", "name": "Jo\u017ee", "search_name": "Joze"}}, {"pk": 300, "model": "pingpong.knownplayer", "fields": {"search_surname": "Strukelj", "club": "\u0160empas", "surname": "\u0160trukelj", "name": "Igor", "search_name": "Igor"}}, {"pk": 301, "model": "pingpong.knownplayer", "fields": {"search_surname": "Stor", "club": "Celje", "surname": "\u0160tor", "name": "Vojteh", "search_name": "Vojteh"}}, {"pk": 302, "model": "pingpong.knownplayer", "fields": {"search_surname": "Horvat", "club": "Kamnik", "surname": "Horvat", "name": "Edo", "search_name": "Edo"}}, {"pk": 303, "model": "pingpong.knownplayer", "fields": {"search_surname": "Makovec", "club": "\u017diri", "surname": "Makovec", "name": "Darko", "search_name": "Darko"}}, {"pk": 304, "model": "pingpong.knownplayer", "fields": {"search_surname": "Zalaznik", "club": "Celje", "surname": "Zalaznik", "name": "Jo\u017ee", "search_name": "Joze"}}, {"pk": 305, "model": "pingpong.knownplayer", "fields": {"search_surname": "Klep", "club": "Sl. Bistrica", "surname": "Klep", "name": "Drago", "search_name": "Drago"}}, {"pk": 306, "model": "pingpong.knownplayer", "fields": {"search_surname": "Hacin", "club": "Celje", "surname": "Hacin", "name": "Slavko", "search_name": "Slavko"}}, {"pk": 307, "model": "pingpong.knownplayer", "fields": {"search_surname": "Cikojevic", "club": "Celje", "surname": "\u010cikojevi\u010d", "name": "Nedeljko", "search_name": "Nedeljko"}}, {"pk": 308, "model": "pingpong.knownplayer", "fields": {"search_surname": "Skoberne", "club": "Celje", "surname": "\u0160koberne", "name": "Boris", "search_name": "Boris"}}, {"pk": 309, "model": "pingpong.knownplayer", "fields": {"search_surname": "Supanic", "club": "LJ", "surname": "Supani\u010d", "name": "Bojan", "search_name": "Bojan"}}, {"pk": 310, "model": "pingpong.knownplayer", "fields": {"search_surname": "Pogacar", "club": "Kranj", "surname": "Poga\u010dar", "name": "Jo\u017ee", "search_name": "Joze"}}, {"pk": 311, "model": "pingpong.knownplayer", "fields": {"search_surname": "Pretnar", "club": "Kranj", "surname": "Pretnar", "name": "Vinko", "search_name": "Vinko"}}, {"pk": 312, "model": "pingpong.knownplayer", "fields": {"search_surname": "Torkar", "club": "Bled", "surname": "Torkar", "name": "Miha", "search_name": "Miha"}}, {"pk": 313, "model": "pingpong.knownplayer", "fields": {"search_surname": "Govednik", "club": "Metlika", "surname": "Govednik", "name": "Boris", "search_name": "Boris"}}, {"pk": 314, "model": "pingpong.knownplayer", "fields": {"search_surname": "Varl", "club": "Gorica", "surname": "Varl", "name": "Igor", "search_name": "Igor"}}, {"pk": 315, "model": "pingpong.knownplayer", "fields": {"search_surname": "Dezelak", "club": "Litija", "surname": "De\u017eelak", "name": "Vladimir", "search_name": "Vladimir"}}, {"pk": 316, "model": "pingpong.knownplayer", "fields": {"search_surname": "Muzik", "club": "Kri\u017ee", "surname": "Muzik", "name": "Janez", "search_name": "Janez"}}, {"pk": 317, "model": "pingpong.knownplayer", "fields": {"search_surname": "Kunstelj", "club": "Bled", "surname": "Kunstelj", "name": "\u0160tefan", "search_name": "Stefan"}}, {"pk": 318, "model": "pingpong.knownplayer", "fields": {"search_surname": "Fijavz", "club": "Ljutomer", "surname": "Fijav\u017e", "name": "Darko", "search_name": "Darko"}}, {"pk": 319, "model": "pingpong.knownplayer", "fields": {"search_surname": "Vida", "club": "Bohinj", "surname": "Vida", "name": "Sre\u010do", "search_name": "Sreco"}}, {"pk": 320, "model": "pingpong.knownplayer", "fields": {"search_surname": "Glisic", "club": "Bohinj", "surname": "Gli\u0161i\u010d", "name": "Matja\u017e", "search_name": "Matjaz"}}, {"pk": 321, "model": "pingpong.knownplayer", "fields": {"search_surname": "Ajdic", "club": "Bohinj", "surname": "Ajdi\u010d", "name": "Iztok", "search_name": "Iztok"}}, {"pk": 322, "model": "pingpong.knownplayer", "fields": {"search_surname": "Mlakar", "club": "Borovnica", "surname": "Mlakar", "name": "Luka", "search_name": "Luka"}}, {"pk": 323, "model": "pingpong.knownplayer", "fields": {"search_surname": "Svetec", "club": "Kamnik", "surname": "Svetec", "name": "Gregor", "search_name": "Gregor"}}, {"pk": 324, "model": "pingpong.knownplayer", "fields": {"search_surname": "Konjicek", "club": "MB", "surname": "Konji\u010dek", "name": "Boris", "search_name": "Boris"}}, {"pk": 325, "model": "pingpong.knownplayer", "fields": {"search_surname": "Djuric", "club": "Kamnik", "surname": "Djuri\u010d", "name": "\u017deljko", "search_name": "Zeljko"}}, {"pk": 326, "model": "pingpong.knownplayer", "fields": {"search_surname": "Vincec", "club": "M. Sobota", "surname": "Vin\u010dec", "name": "Igor", "search_name": "Igor"}}, {"pk": 327, "model": "pingpong.knownplayer", "fields": {"search_surname": "Nadoh", "club": "Prestranek", "surname": "Nadoh", "name": "Iztok", "search_name": "Iztok"}}, {"pk": 328, "model": "pingpong.knownplayer", "fields": {"search_surname": "Bergoc", "club": "Postojna", "surname": "Bergo\u010d", "name": "Dario", "search_name": "Dario"}}, {"pk": 329, "model": "pingpong.knownplayer", "fields": {"search_surname": "Tkavc", "club": "LJ", "surname": "Tkavc", "name": "Emil", "search_name": "Emil"}}, {"pk": 330, "model": "pingpong.knownplayer", "fields": {"search_surname": "Lesnik", "club": "Radlje", "surname": "Lesnik", "name": "Doris", "search_name": "Doris"}}, {"pk": 331, "model": "pingpong.knownplayer", "fields": {"search_surname": "Zidar Zupan", "club": "vl", "surname": "Zidar Zupan", "name": "Alenka", "search_name": "Alenka"}}, {"pk": 332, "model": "pingpong.knownplayer", "fields": {"search_surname": "Lebaric", "club": "Ravne", "surname": "Lebari\u010d", "name": "Janja", "search_name": "Janja"}}, {"pk": 333, "model": "pingpong.knownplayer", "fields": {"search_surname": "Ramsak", "club": "", "surname": "Ram\u0161ak", "name": "Mirjana", "search_name": "Mirjana"}}, {"pk": 334, "model": "pingpong.knownplayer", "fields": {"search_surname": "Jan", "club": "", "surname": "Jan", "name": "Milena", "search_name": "Milena"}}, {"pk": 335, "model": "pingpong.knownplayer", "fields": {"search_surname": "Mlinar", "club": "\u017diri", "surname": "Mlinar", "name": "Vida", "search_name": "Vida"}}, {"pk": 336, "model": "pingpong.knownplayer", "fields": {"search_surname": "Sebjanic Pupis", "club": "", "surname": "\u0160ebjani\u010d Pupis", "name": "Jasna", "search_name": "Jasna"}}, {"pk": 337, "model": "pingpong.knownplayer", "fields": {"search_surname": "Prezelj", "club": "", "surname": "Prezelj", "name": "\u017diva", "search_name": "Ziva"}}, {"pk": 338, "model": "pingpong.knownplayer", "fields": {"search_surname": "Mocan", "club": "Dom\u017eale", "surname": "Mo\u010dan", "name": "Janez", "search_name": "Janez"}}, {"pk": 339, "model": "pingpong.knownplayer", "fields": {"search_surname": "Rakovec", "club": "Duplje", "surname": "Rakovec", "name": "Brane", "search_name": "Brane"}}, {"pk": 340, "model": "pingpong.knownplayer", "fields": {"search_surname": "Kozjek", "club": "\u0160en\u010dur", "surname": "Kozjek", "name": "Ciril", "search_name": "Ciril"}}, {"pk": 341, "model": "pingpong.knownplayer", "fields": {"search_surname": "Semrov", "club": "Zalog", "surname": "\u0160emrov", "name": "Miro", "search_name": "Miro"}}, {"pk": 342, "model": "pingpong.knownplayer", "fields": {"search_surname": "Hafner", "club": "LJ", "surname": "Hafner", "name": "Jo\u017ee", "search_name": "Joze"}}, {"pk": 343, "model": "pingpong.knownplayer", "fields": {"search_surname": "Burger", "club": "LJ", "surname": "Burger", "name": "Maks", "search_name": "Maks"}}, {"pk": 344, "model": "pingpong.knownplayer", "fields": {"search_surname": "Stankovic", "club": "LJ", "surname": "Stankovi\u010d", "name": "Dragutin", "search_name": "Dragutin"}}, {"pk": 345, "model": "pingpong.knownplayer", "fields": {"search_surname": "Pancur", "club": "Tr\u017ei\u010d", "surname": "Pan\u010dur", "name": "Rado", "search_name": "Rado"}}, {"pk": 346, "model": "pingpong.knownplayer", "fields": {"search_surname": "Krenker", "club": "LJ", "surname": "Krenker", "name": "Franjo", "search_name": "Franjo"}}, {"pk": 347, "model": "pingpong.knownplayer", "fields": {"search_surname": "Leber", "club": "Gorenje", "surname": "Leber", "name": "Tone", "search_name": "Tone"}}, {"pk": 348, "model": "pingpong.knownplayer", "fields": {"search_surname": "Tkavc", "club": "", "surname": "Tkavc", "name": "Emil", "search_name": "Emil"}}, {"pk": 349, "model": "pingpong.knownplayer", "fields": {"search_surname": "Pancur", "club": "", "surname": "Pan\u010dur", "name": "Rado", "search_name": "Rado"}}, {"pk": 350, "model": "pingpong.knownplayer", "fields": {"search_surname": "Klenovsek", "club": "Hrastnik", "surname": "Klenov\u0161ek", "name": "Jurij", "search_name": "Jurij"}}, {"pk": 351, "model": "pingpong.knownplayer", "fields": {"search_surname": "Lapanja", "club": "", "surname": "Lapanja", "name": "Dragica", "search_name": "Dragica"}}, {"pk": 352, "model": "pingpong.knownplayer", "fields": {"search_surname": "Gradisnik", "club": "", "surname": "Gradi\u0161nik", "name": "Sonja", "search_name": "Sonja"}}, {"pk": 353, "model": "pingpong.knownplayer", "fields": {"search_surname": "Krmelj", "club": "", "surname": "Krmelj", "name": "Milana", "search_name": "Milana"}}, {"pk": 354, "model": "pingpong.knownplayer", "fields": {"search_surname": "Smolej", "club": "Jesenice", "surname": "Smolej", "name": "Mojca", "search_name": "Mojca"}}, {"pk": 355, "model": "pingpong.knownplayer", "fields": {"search_surname": "Jancic", "club": "Jesenice", "surname": "Jan\u010di\u010d", "name": "Barbara", "search_name": "Barbara"}}, {"pk": 356, "model": "pingpong.knownplayer", "fields": {"search_surname": "Zeks", "club": "Puconci", "surname": "\u017dek\u0161", "name": "Jo\u017ee", "search_name": "Joze"}}, {"pk": 357, "model": "pingpong.knownplayer", "fields": {"search_surname": "Fartek", "club": "Puconci", "surname": "Fartek", "name": "Jo\u017ee", "search_name": "Joze"}}, {"pk": 358, "model": "pingpong.knownplayer", "fields": {"search_surname": "Strnisnik", "club": "Dom\u017eale", "surname": "Strni\u0161nik", "name": "Franc", "search_name": "Franc"}}, {"pk": 359, "model": "pingpong.knownplayer", "fields": {"search_surname": "Bernardini", "club": "Gorica", "surname": "Bernardini", "name": "Franco", "search_name": "Franco"}}, {"pk": 64, "model": "pingpong.knownclub", "fields": {"name": "Ajdov\u0161\u010dina", "search_name": "Ajdovscina"}}, {"pk": 65, "model": "pingpong.knownclub", "fields": {"name": "Bled", "search_name": "Bled"}}, {"pk": 66, "model": "pingpong.knownclub", "fields": {"name": "Bohinj", "search_name": "Bohinj"}}, {"pk": 67, "model": "pingpong.knownclub", "fields": {"name": "Borovnica", "search_name": "Borovnica"}}, {"pk": 68, "model": "pingpong.knownclub", "fields": {"name": "Celje", "search_name": "Celje"}}, {"pk": 69, "model": "pingpong.knownclub", "fields": {"name": "Dobova", "search_name": "Dobova"}}, {"pk": 70, "model": "pingpong.knownclub", "fields": {"name": "Dom\u017eale", "search_name": "Domzale"}}, {"pk": 71, "model": "pingpong.knownclub", "fields": {"name": "Duplje", "search_name": "Duplje"}}, {"pk": 72, "model": "pingpong.knownclub", "fields": {"name": "Gorenje", "search_name": "Gorenje"}}, {"pk": 73, "model": "pingpong.knownclub", "fields": {"name": "Gorica", "search_name": "Gorica"}}, {"pk": 74, "model": "pingpong.knownclub", "fields": {"name": "Hrastnik", "search_name": "Hrastnik"}}, {"pk": 75, "model": "pingpong.knownclub", "fields": {"name": "Izlake", "search_name": "Izlake"}}, {"pk": 76, "model": "pingpong.knownclub", "fields": {"name": "Izola", "search_name": "Izola"}}, {"pk": 77, "model": "pingpong.knownclub", "fields": {"name": "Jesenice", "search_name": "Jesenice"}}, {"pk": 78, "model": "pingpong.knownclub", "fields": {"name": "Kamnik", "search_name": "Kamnik"}}, {"pk": 79, "model": "pingpong.knownclub", "fields": {"name": "Koper", "search_name": "Koper"}}, {"pk": 80, "model": "pingpong.knownclub", "fields": {"name": "Ko\u010devje", "search_name": "Kocevje"}}, {"pk": 81, "model": "pingpong.knownclub", "fields": {"name": "Kranj", "search_name": "Kranj"}}, {"pk": 82, "model": "pingpong.knownclub", "fields": {"name": "Kri\u017ee", "search_name": "Krize"}}, {"pk": 83, "model": "pingpong.knownclub", "fields": {"name": "LJ", "search_name": "LJ"}}, {"pk": 84, "model": "pingpong.knownclub", "fields": {"name": "Litija", "search_name": "Litija"}}, {"pk": 85, "model": "pingpong.knownclub", "fields": {"name": "Ljutomer", "search_name": "Ljutomer"}}, {"pk": 86, "model": "pingpong.knownclub", "fields": {"name": "M. Sobota", "search_name": "M. Sobota"}}, {"pk": 87, "model": "pingpong.knownclub", "fields": {"name": "MB", "search_name": "MB"}}, {"pk": 88, "model": "pingpong.knownclub", "fields": {"name": "Metlika", "search_name": "Metlika"}}, {"pk": 89, "model": "pingpong.knownclub", "fields": {"name": "Postojna", "search_name": "Postojna"}}, {"pk": 90, "model": "pingpong.knownclub", "fields": {"name": "Prestranek", "search_name": "Prestranek"}}, {"pk": 91, "model": "pingpong.knownclub", "fields": {"name": "Puconci", "search_name": "Puconci"}}, {"pk": 92, "model": "pingpong.knownclub", "fields": {"name": "Radlje", "search_name": "Radlje"}}, {"pk": 93, "model": "pingpong.knownclub", "fields": {"name": "Rakek", "search_name": "Rakek"}}, {"pk": 94, "model": "pingpong.knownclub", "fields": {"name": "Ravne", "search_name": "Ravne"}}, {"pk": 95, "model": "pingpong.knownclub", "fields": {"name": "Sl. Bistrica", "search_name": "Sl. Bistrica"}}, {"pk": 96, "model": "pingpong.knownclub", "fields": {"name": "Sti\u010dna", "search_name": "Sticna"}}, {"pk": 97, "model": "pingpong.knownclub", "fields": {"name": "Trbovlje", "search_name": "Trbovlje"}}, {"pk": 98, "model": "pingpong.knownclub", "fields": {"name": "Trojane", "search_name": "Trojane"}}, {"pk": 99, "model": "pingpong.knownclub", "fields": {"name": "Tr\u017ei\u010d", "search_name": "Trzic"}}, {"pk": 100, "model": "pingpong.knownclub", "fields": {"name": "Velenje", "search_name": "Velenje"}}, {"pk": 101, "model": "pingpong.knownclub", "fields": {"name": "Vi\u010d", "search_name": "Vic"}}, {"pk": 102, "model": "pingpong.knownclub", "fields": {"name": "Zalog", "search_name": "Zalog"}}, {"pk": 103, "model": "pingpong.knownclub", "fields": {"name": "vl", "search_name": "vl"}}, {"pk": 104, "model": "pingpong.knownclub", "fields": {"name": "\u0160empas", "search_name": "Sempas"}}, {"pk": 105, "model": "pingpong.knownclub", "fields": {"name": "\u0160en\u010dur", "search_name": "Sencur"}}, {"pk": 106, "model": "pingpong.knownclub", "fields": {"name": "\u017diri", "search_name": "Ziri"}}, {"pk": 107, "model": "pingpong.knownclub", "fields": {"name": "\u0160kofja Loka", "search_name": "Skofja Loka"}}, {"pk": 108, "model": "pingpong.knownclub", "fields": {"name": "\u0160marje", "search_name": "Smarje"}}, {"pk": 1, "model": "pingpong.bracket", "fields": {"category": 3, "levels": 4, "name": "ZMAGOVALNA SKUPINA", "description": ""}}, {"pk": 2, "model": "pingpong.bracket", "fields": {"category": 3, "levels": 4, "name": "TOLAZILNA SKUPINA", "description": ""}}, {"pk": 3, "model": "pingpong.bracket", "fields": {"category": 1, "levels": 4, "name": "ZMAGOVALNA SKUPINA", "description": ""}}, {"pk": 4, "model": "pingpong.bracket", "fields": {"category": 1, "levels": 4, "name": "TOLAZILNA SKUPINA", "description": ""}}, {"pk": 7, "model": "pingpong.bracket", "fields": {"category": 2, "levels": 4, "name": "ZMAGOVALNA SKUPINA", "description": ""}}, {"pk": 8, "model": "pingpong.bracket", "fields": {"category": 2, "levels": 3, "name": "TOLAZILNA SKUPINA", "description": ""}}, {"pk": 9, "model": "pingpong.bracket", "fields": {"category": 4, "levels": 4, "name": "ZMAGOVALNA SKUPINA", "description": ""}}, {"pk": 10, "model": "pingpong.bracket", "fields": {"category": 4, "levels": 4, "name": "TOLAZILNA SKUPINA", "description": ""}}, {"pk": 13, "model": "pingpong.bracket", "fields": {"category": 12, "levels": 5, "name": "DVOJICE", "description": ""}}, {"pk": 14, "model": "pingpong.bracket", "fields": {"category": 13, "levels": 5, "name": "DVOJICE", "description": ""}}, {"pk": 18, "model": "pingpong.bracket", "fields": {"category": 6, "levels": 2, "name": "DVOJICE", "description": ""}}, {"pk": 19, "model": "pingpong.bracket", "fields": {"category": 5, "levels": 2, "name": "DVOJICE", "description": ""}}, {"pk": 1, "model": "pingpong.bracketslot", "fields": {"status": 2, "match_end": null, "score": null, "level": 0, "match_start": null, "no_player": false, "player": 12, "bracket": 1, "winner_goes_to": null, "loser_goes_to": null, "table": null}}, {"pk": 2, "model": "pingpong.bracketslot", "fields": {"status": 2, "match_end": "2017-01-28T12:35:21.303Z", "score": 3, "level": 1, "match_start": null, "no_player": false, "player": 12, "bracket": 1, "winner_goes_to": 1, "loser_goes_to": null, "table": null}}, {"pk": 3, "model": "pingpong.bracketslot", "fields": {"status": 2, "match_end": "2017-01-28T11:53:21.870Z", "score": 1, "level": 2, "match_start": null, "no_player": false, "player": 45, "bracket": 1, "winner_goes_to": 2, "loser_goes_to": null, "table": null}}, {"pk": 4, "model": "pingpong.bracketslot", "fields": {"status": 2, "match_end": "2017-01-28T11:25:22.659Z", "score": 3, "level": 3, "match_start": null, "no_player": false, "player": 45, "bracket": 1, "winner_goes_to": 3, "loser_goes_to": null, "table": null}}, {"pk": 5, "model": "pingpong.bracketslot", "fields": {"status": 2, "match_end": "2017-01-28T11:25:22.669Z", "score": 2, "level": 3, "match_start": null, "no_player": false, "player": 16, "bracket": 1, "winner_goes_to": 3, "loser_goes_to": null, "table": null}}, {"pk": 6, "model": "pingpong.bracketslot", "fields": {"status": 2, "match_end": "2017-01-28T11:53:21.881Z", "score": 3, "level": 2, "match_start": null, "no_player": false, "player": 12, "bracket": 1, "winner_goes_to": 2, "loser_goes_to": null, "table": null}}, {"pk": 7, "model": "pingpong.bracketslot", "fields": {"status": 2, "match_end": "2017-01-28T10:51:40.006Z", "score": 0, "level": 3, "match_start": null, "no_player": false, "player": 18, "bracket": 1, "winner_goes_to": 6, "loser_goes_to": null, "table": null}}, {"pk": 8, "model": "pingpong.bracketslot", "fields": {"status": 2, "match_end": "2017-01-28T10:51:40.016Z", "score": 3, "level": 3, "match_start": null, "no_player": false, "player": 12, "bracket": 1, "winner_goes_to": 6, "loser_goes_to": null, "table": null}}, {"pk": 9, "model": "pingpong.bracketslot", "fields": {"status": 2, "match_end": "2017-01-28T12:35:21.311Z", "score": 1, "level": 1, "match_start": null, "no_player": false, "player": 15, "bracket": 1, "winner_goes_to": 1, "loser_goes_to": null, "table": null}}, {"pk": 10, "model": "pingpong.bracketslot", "fields": {"status": 2, "match_end": "2017-01-28T11:47:16.919Z", "score": 0, "level": 2, "match_start": null, "no_player": false, "player": 24, "bracket": 1, "winner_goes_to": 9, "loser_goes_to": null, "table": null}}, {"pk": 11, "model": "pingpong.bracketslot", "fields": {"status": 2, "match_end": "2017-01-28T11:30:51.009Z", "score": 3, "level": 3, "match_start": null, "no_player": false, "player": 24, "bracket": 1, "winner_goes_to": 10, "loser_goes_to": null, "table": null}}, {"pk": 12, "model": "pingpong.bracketslot", "fields": {"status": 2, "match_end": "2017-01-28T11:30:51.019Z", "score": 2, "level": 3, "match_start": null, "no_player": false, "player": 46, "bracket": 1, "winner_goes_to": 10, "loser_goes_to": null, "table": null}}, {"pk": 13, "model": "pingpong.bracketslot", "fields": {"status": 2, "match_end": "2017-01-28T11:47:16.931Z", "score": 3, "level": 2, "match_start": null, "no_player": false, "player": 15, "bracket": 1, "winner_goes_to": 9, "loser_goes_to": null, "table": null}}, {"pk": 14, "model": "pingpong.bracketslot", "fields": {"status": 2, "match_end": "2017-01-28T11:15:53.489Z", "score": 0, "level": 3, "match_start": null, "no_player": false, "player": 20, "bracket": 1, "winner_goes_to": 13, "loser_goes_to": null, "table": null}}, {"pk": 15, "model": "pingpong.bracketslot", "fields": {"status": 2, "match_end": "2017-01-28T11:15:53.498Z", "score": 3, "level": 3, "match_start": null, "no_player": false, "player": 15, "bracket": 1, "winner_goes_to": 13, "loser_goes_to": null, "table": null}}, {"pk": 16, "model": "pingpong.bracketslot", "fields": {"status": 2, "match_end": null, "score": null, "level": 0, "match_start": null, "no_player": false, "player": 14, "bracket": 2, "winner_goes_to": null, "loser_goes_to": null, "table": null}}, {"pk": 17, "model": "pingpong.bracketslot", "fields": {"status": 2, "match_end": "2017-01-28T12:23:06.205Z", "score": 1, "level": 1, "match_start": null, "no_player": false, "player": 19, "bracket": 2, "winner_goes_to": 16, "loser_goes_to": null, "table": null}}, {"pk": 18, "model": "pingpong.bracketslot", "fields": {"status": 2, "match_end": "2017-01-28T11:58:24.791Z", "score": 1, "level": 2, "match_start": null, "no_player": false, "player": 22, "bracket": 2, "winner_goes_to": 17, "loser_goes_to": null, "table": null}}, {"pk": 19, "model": "pingpong.bracketslot", "fields": {"status": 2, "match_end": "2017-01-28T11:31:04.048Z", "score": 3, "level": 3, "match_start": null, "no_player": false, "player": 22, "bracket": 2, "winner_goes_to": 18, "loser_goes_to": null, "table": null}}, {"pk": 20, "model": "pingpong.bracketslot", "fields": {"status": 2, "match_end": "2017-01-28T11:31:04.058Z", "score": 0, "level": 3, "match_start": null, "no_player": false, "player": 23, "bracket": 2, "winner_goes_to": 18, "loser_goes_to": null, "table": null}}, {"pk": 21, "model": "pingpong.bracketslot", "fields": {"status": 2, "match_end": "2017-01-28T11:58:24.801Z", "score": 3, "level": 2, "match_start": null, "no_player": false, "player": 19, "bracket": 2, "winner_goes_to": 17, "loser_goes_to": null, "table": null}}, {"pk": 22, "model": "pingpong.bracketslot", "fields": {"status": 2, "match_end": "2017-01-28T10:57:33.184Z", "score": 2, "level": 3, "match_start": null, "no_player": false, "player": 21, "bracket": 2, "winner_goes_to": 21, "loser_goes_to": null, "table": null}}, {"pk": 23, "model": "pingpong.bracketslot", "fields": {"status": 2, "match_end": "2017-01-28T10:57:33.192Z", "score": 3, "level": 3, "match_start": null, "no_player": false, "player": 19, "bracket": 2, "winner_goes_to": 21, "loser_goes_to": null, "table": null}}, {"pk": 24, "model": "pingpong.bracketslot", "fields": {"status": 2, "match_end": "2017-01-28T12:23:06.214Z", "score": 3, "level": 1, "match_start": null, "no_player": false, "player": 14, "bracket": 2, "winner_goes_to": 16, "loser_goes_to": null, "table": null}}, {"pk": 25, "model": "pingpong.bracketslot", "fields": {"status": 2, "match_end": "2017-01-28T12:03:00.326Z", "score": 3, "level": 2, "match_start": null, "no_player": false, "player": 14, "bracket": 2, "winner_goes_to": 24, "loser_goes_to": null, "table": null}}, {"pk": 26, "model": "pingpong.bracketslot", "fields": {"status": 2, "match_end": "2017-01-28T11:25:35.563Z", "score": 3, "level": 3, "match_start": null, "no_player": false, "player": 14, "bracket": 2, "winner_goes_to": 25, "loser_goes_to": null, "table": null}}, {"pk": 27, "model": "pingpong.bracketslot", "fields": {"status": 2, "match_end": "2017-01-28T11:25:35.724Z", "score": 1, "level": 3, "match_start": null, "no_player": false, "player": 17, "bracket": 2, "winner_goes_to": 25, "loser_goes_to": null, "table": null}}, {"pk": 28, "model": "pingpong.bracketslot", "fields": {"status": 2, "match_end": "2017-01-28T12:03:00.337Z", "score": 2, "level": 2, "match_start": null, "no_player": false, "player": 11, "bracket": 2, "winner_goes_to": 24, "loser_goes_to": null, "table": null}}, {"pk": 29, "model": "pingpong.bracketslot", "fields": {"status": 2, "match_end": "2017-01-28T10:56:39.729Z", "score": 1, "level": 3, "match_start": null, "no_player": false, "player": 13, "bracket": 2, "winner_goes_to": 28, "loser_goes_to": null, "table": null}}, {"pk": 30, "model": "pingpong.bracketslot", "fields": {"status": 2, "match_end": "2017-01-28T10:56:39.739Z", "score": 3, "level": 3, "match_start": null, "no_player": false, "player": 11, "bracket": 2, "winner_goes_to": 28, "loser_goes_to": null, "table": null}}, {"pk": 31, "model": "pingpong.bracketslot", "fields": {"status": 2, "match_end": null, "score": null, "level": 0, "match_start": null, "no_player": false, "player": 3, "bracket": 3, "winner_goes_to": null, "loser_goes_to": null, "table": null}}, {"pk": 32, "model": "pingpong.bracketslot", "fields": {"status": 2, "match_end": "2017-01-28T12:11:49.225Z", "score": 1, "level": 1, "match_start": null, "no_player": false, "player": 9, "bracket": 3, "winner_goes_to": 31, "loser_goes_to": null, "table": null}}, {"pk": 33, "model": "pingpong.bracketslot", "fields": {"status": 2, "match_end": "2017-01-28T11:26:37.426Z", "score": 3, "level": 2, "match_start": null, "no_player": false, "player": 9, "bracket": 3, "winner_goes_to": 32, "loser_goes_to": null, "table": null}}, {"pk": 34, "model": "pingpong.bracketslot", "fields": {"status": 2, "match_end": "2017-01-28T10:52:09.424Z", "score": 0, "level": 3, "match_start": null, "no_player": false, "player": 10, "bracket": 3, "winner_goes_to": 33, "loser_goes_to": null, "table": null}}, {"pk": 35, "model": "pingpong.bracketslot", "fields": {"status": 2, "match_end": "2017-01-28T10:52:09.433Z", "score": 3, "level": 3, "match_start": null, "no_player": false, "player": 9, "bracket": 3, "winner_goes_to": 33, "loser_goes_to": null, "table": null}}, {"pk": 36, "model": "pingpong.bracketslot", "fields": {"status": 2, "match_end": "2017-01-28T11:26:37.434Z", "score": 0, "level": 2, "match_start": null, "no_player": false, "player": 4, "bracket": 3, "winner_goes_to": 32, "loser_goes_to": null, "table": null}}, {"pk": 37, "model": "pingpong.bracketslot", "fields": {"status": 2, "match_end": "2017-01-28T10:50:39.345Z", "score": 2, "level": 3, "match_start": null, "no_player": false, "player": 49, "bracket": 3, "winner_goes_to": 36, "loser_goes_to": null, "table": null}}, {"pk": 38, "model": "pingpong.bracketslot", "fields": {"status": 2, "match_end": "2017-01-28T10:50:39.352Z", "score": 3, "level": 3, "match_start": null, "no_player": false, "player": 4, "bracket": 3, "winner_goes_to": 36, "loser_goes_to": null, "table": null}}, {"pk": 39, "model": "pingpong.bracketslot", "fields": {"status": 2, "match_end": "2017-01-28T12:11:49.237Z", "score": 3, "level": 1, "match_start": null, "no_player": false, "player": 3, "bracket": 3, "winner_goes_to": 31, "loser_goes_to": null, "table": null}}, {"pk": 40, "model": "pingpong.bracketslot", "fields": {"status": 2, "match_end": "2017-01-28T11:35:28.925Z", "score": 0, "level": 2, "match_start": null, "no_player": false, "player": 5, "bracket": 3, "winner_goes_to": 39, "loser_goes_to": null, "table": null}}, {"pk": 41, "model": "pingpong.bracketslot", "fields": {"status": 2, "match_end": "2017-01-28T11:12:44.429Z", "score": 3, "level": 3, "match_start": null, "no_player": false, "player": 5, "bracket": 3, "winner_goes_to": 40, "loser_goes_to": null, "table": null}}, {"pk": 42, "model": "pingpong.bracketslot", "fields": {"status": 2, "match_end": "2017-01-28T11:12:44.439Z", "score": 0, "level": 3, "match_start": null, "no_player": false, "player": 6, "bracket": 3, "winner_goes_to": 40, "loser_goes_to": null, "table": null}}, {"pk": 43, "model": "pingpong.bracketslot", "fields": {"status": 2, "match_end": "2017-01-28T11:35:28.936Z", "score": 3, "level": 2, "match_start": null, "no_player": false, "player": 3, "bracket": 3, "winner_goes_to": 39, "loser_goes_to": null, "table": null}}, {"pk": 44, "model": "pingpong.bracketslot", "fields": {"status": 2, "match_end": "2017-01-28T10:16:27.081Z", "score": 0, "level": 3, "match_start": null, "no_player": false, "player": 8, "bracket": 3, "winner_goes_to": 43, "loser_goes_to": null, "table": null}}, {"pk": 45, "model": "pingpong.bracketslot", "fields": {"status": 2, "match_end": "2017-01-28T10:16:27.089Z", "score": 3, "level": 3, "match_start": null, "no_player": false, "player": 3, "bracket": 3, "winner_goes_to": 43, "loser_goes_to": null, "table": null}}, {"pk": 46, "model": "pingpong.bracketslot", "fields": {"status": 2, "match_end": null, "score": null, "level": 0, "match_start": null, "no_player": false, "player": 48, "bracket": 4, "winner_goes_to": null, "loser_goes_to": null, "table": null}}, {"pk": 47, "model": "pingpong.bracketslot", "fields": {"status": 2, "match_end": "2017-01-28T11:43:04.910Z", "score": 0, "level": 1, "match_start": null, "no_player": false, "player": 1, "bracket": 4, "winner_goes_to": 46, "loser_goes_to": null, "table": null}}, {"pk": 48, "model": "pingpong.bracketslot", "fields": {"status": 2, "match_end": "2017-01-28T10:31:32.914Z", "score": 3, "level": 2, "match_start": null, "no_player": false, "player": 1, "bracket": 4, "winner_goes_to": 47, "loser_goes_to": null, "table": null}}, {"pk": 49, "model": "pingpong.bracketslot", "fields": {"status": 0, "match_end": null, "score": null, "level": 3, "match_start": null, "no_player": false, "player": 1, "bracket": 4, "winner_goes_to": 48, "loser_goes_to": null, "table": null}}, {"pk": 50, "model": "pingpong.bracketslot", "fields": {"status": 0, "match_end": null, "score": null, "level": 3, "match_start": null, "no_player": true, "player": null, "bracket": 4, "winner_goes_to": 48, "loser_goes_to": null, "table": null}}, {"pk": 51, "model": "pingpong.bracketslot", "fields": {"status": 2, "match_end": "2017-01-28T10:31:32.924Z", "score": 0, "level": 2, "match_start": null, "no_player": false, "player": 7, "bracket": 4, "winner_goes_to": 47, "loser_goes_to": null, "table": null}}, {"pk": 52, "model": "pingpong.bracketslot", "fields": {"status": 0, "match_end": null, "score": null, "level": 3, "match_start": null, "no_player": true, "player": null, "bracket": 4, "winner_goes_to": 51, "loser_goes_to": null, "table": null}}, {"pk": 53, "model": "pingpong.bracketslot", "fields": {"status": 0, "match_end": null, "score": null, "level": 3, "match_start": null, "no_player": false, "player": 7, "bracket": 4, "winner_goes_to": 51, "loser_goes_to": null, "table": null}}, {"pk": 54, "model": "pingpong.bracketslot", "fields": {"status": 2, "match_end": "2017-01-28T11:43:04.920Z", "score": 3, "level": 1, "match_start": null, "no_player": false, "player": 48, "bracket": 4, "winner_goes_to": 46, "loser_goes_to": null, "table": null}}, {"pk": 55, "model": "pingpong.bracketslot", "fields": {"status": 2, "match_end": "2017-01-28T11:20:55.360Z", "score": 3, "level": 2, "match_start": null, "no_player": false, "player": 48, "bracket": 4, "winner_goes_to": 54, "loser_goes_to": null, "table": null}}, {"pk": 56, "model": "pingpong.bracketslot", "fields": {"status": 2, "match_end": "2017-01-28T10:36:20.370Z", "score": 3, "level": 3, "match_start": null, "no_player": false, "player": 48, "bracket": 4, "winner_goes_to": 55, "loser_goes_to": null, "table": null}}, {"pk": 57, "model": "pingpong.bracketslot", "fields": {"status": 2, "match_end": "2017-01-28T10:36:20.380Z", "score": 0, "level": 3, "match_start": null, "no_player": false, "player": 47, "bracket": 4, "winner_goes_to": 55, "loser_goes_to": null, "table": null}}, {"pk": 58, "model": "pingpong.bracketslot", "fields": {"status": 2, "match_end": "2017-01-28T11:20:55.367Z", "score": 0, "level": 2, "match_start": null, "no_player": false, "player": 2, "bracket": 4, "winner_goes_to": 54, "loser_goes_to": null, "table": null}}, {"pk": 59, "model": "pingpong.bracketslot", "fields": {"status": 0, "match_end": null, "score": null, "level": 3, "match_start": null, "no_player": true, "player": null, "bracket": 4, "winner_goes_to": 58, "loser_goes_to": null, "table": null}}, {"pk": 60, "model": "pingpong.bracketslot", "fields": {"status": 0, "match_end": null, "score": null, "level": 3, "match_start": null, "no_player": false, "player": 2, "bracket": 4, "winner_goes_to": 58, "loser_goes_to": null, "table": null}}, {"pk": 99, "model": "pingpong.bracketslot", "fields": {"status": 2, "match_end": null, "score": null, "level": 0, "match_start": null, "no_player": false, "player": 26, "bracket": 7, "winner_goes_to": null, "loser_goes_to": null, "table": null}}, {"pk": 100, "model": "pingpong.bracketslot", "fields": {"status": 2, "match_end": "2017-01-28T12:37:35.167Z", "score": 3, "level": 1, "match_start": null, "no_player": false, "player": 26, "bracket": 7, "winner_goes_to": 99, "loser_goes_to": null, "table": null}}, {"pk": 101, "model": "pingpong.bracketslot", "fields": {"status": 2, "match_end": "2017-01-28T11:07:13.813Z", "score": 3, "level": 2, "match_start": null, "no_player": false, "player": 26, "bracket": 7, "winner_goes_to": 100, "loser_goes_to": null, "table": null}}, {"pk": 102, "model": "pingpong.bracketslot", "fields": {"status": 2, "match_end": "2017-01-28T10:27:06.364Z", "score": 3, "level": 3, "match_start": null, "no_player": false, "player": 26, "bracket": 7, "winner_goes_to": 101, "loser_goes_to": null, "table": null}}, {"pk": 103, "model": "pingpong.bracketslot", "fields": {"status": 2, "match_end": "2017-01-28T10:27:06.373Z", "score": 1, "level": 3, "match_start": null, "no_player": false, "player": 25, "bracket": 7, "winner_goes_to": 101, "loser_goes_to": null, "table": null}}, {"pk": 104, "model": "pingpong.bracketslot", "fields": {"status": 2, "match_end": "2017-01-28T11:07:13.823Z", "score": 0, "level": 2, "match_start": null, "no_player": false, "player": 32, "bracket": 7, "winner_goes_to": 100, "loser_goes_to": null, "table": null}}, {"pk": 105, "model": "pingpong.bracketslot", "fields": {"status": 2, "match_end": "2017-01-28T10:40:45.670Z", "score": 0, "level": 3, "match_start": null, "no_player": false, "player": 31, "bracket": 7, "winner_goes_to": 104, "loser_goes_to": null, "table": null}}, {"pk": 106, "model": "pingpong.bracketslot", "fields": {"status": 2, "match_end": "2017-01-28T10:40:45.684Z", "score": 3, "level": 3, "match_start": null, "no_player": false, "player": 32, "bracket": 7, "winner_goes_to": 104, "loser_goes_to": null, "table": null}}, {"pk": 107, "model": "pingpong.bracketslot", "fields": {"status": 2, "match_end": "2017-01-28T12:37:35.181Z", "score": 2, "level": 1, "match_start": null, "no_player": false, "player": 34, "bracket": 7, "winner_goes_to": 99, "loser_goes_to": null, "table": null}}, {"pk": 108, "model": "pingpong.bracketslot", "fields": {"status": 2, "match_end": "2017-01-28T11:42:35.677Z", "score": 1, "level": 2, "match_start": null, "no_player": false, "player": 35, "bracket": 7, "winner_goes_to": 107, "loser_goes_to": null, "table": null}}, {"pk": 109, "model": "pingpong.bracketslot", "fields": {"status": 2, "match_end": "2017-01-28T10:29:27.680Z", "score": 3, "level": 3, "match_start": null, "no_player": false, "player": 35, "bracket": 7, "winner_goes_to": 108, "loser_goes_to": null, "table": null}}, {"pk": 110, "model": "pingpong.bracketslot", "fields": {"status": 2, "match_end": "2017-01-28T10:29:27.690Z", "score": 1, "level": 3, "match_start": null, "no_player": false, "player": 27, "bracket": 7, "winner_goes_to": 108, "loser_goes_to": null, "table": null}}, {"pk": 111, "model": "pingpong.bracketslot", "fields": {"status": 2, "match_end": "2017-01-28T11:42:35.685Z", "score": 3, "level": 2, "match_start": null, "no_player": false, "player": 34, "bracket": 7, "winner_goes_to": 107, "loser_goes_to": null, "table": null}}, {"pk": 112, "model": "pingpong.bracketslot", "fields": {"status": 2, "match_end": "2017-01-28T11:03:21.490Z", "score": 2, "level": 3, "match_start": null, "no_player": false, "player": 30, "bracket": 7, "winner_goes_to": 111, "loser_goes_to": null, "table": null}}, {"pk": 113, "model": "pingpong.bracketslot", "fields": {"status": 2, "match_end": "2017-01-28T11:03:21.500Z", "score": 3, "level": 3, "match_start": null, "no_player": false, "player": 34, "bracket": 7, "winner_goes_to": 111, "loser_goes_to": null, "table": null}}, {"pk": 114, "model": "pingpong.bracketslot", "fields": {"status": 2, "match_end": null, "score": null, "level": 0, "match_start": null, "no_player": false, "player": 50, "bracket": 8, "winner_goes_to": null, "loser_goes_to": null, "table": null}}, {"pk": 115, "model": "pingpong.bracketslot", "fields": {"status": 2, "match_end": "2017-01-28T11:30:43.536Z", "score": 2, "level": 1, "match_start": null, "no_player": false, "player": 33, "bracket": 8, "winner_goes_to": 114, "loser_goes_to": null, "table": null}}, {"pk": 116, "model": "pingpong.bracketslot", "fields": {"status": 2, "match_end": "2017-01-28T11:08:02.454Z", "score": 1, "level": 2, "match_start": null, "no_player": false, "player": 29, "bracket": 8, "winner_goes_to": 115, "loser_goes_to": null, "table": null}}, {"pk": 117, "model": "pingpong.bracketslot", "fields": {"status": 2, "match_end": "2017-01-28T11:08:02.464Z", "score": 3, "level": 2, "match_start": null, "no_player": false, "player": 33, "bracket": 8, "winner_goes_to": 115, "loser_goes_to": null, "table": null}}, {"pk": 118, "model": "pingpong.bracketslot", "fields": {"status": 2, "match_end": "2017-01-28T11:30:43.546Z", "score": 3, "level": 1, "match_start": null, "no_player": false, "player": 50, "bracket": 8, "winner_goes_to": 114, "loser_goes_to": null, "table": null}}, {"pk": 119, "model": "pingpong.bracketslot", "fields": {"status": 2, "match_end": "2017-01-28T10:57:23.659Z", "score": 3, "level": 2, "match_start": null, "no_player": false, "player": 50, "bracket": 8, "winner_goes_to": 118, "loser_goes_to": null, "table": null}}, {"pk": 120, "model": "pingpong.bracketslot", "fields": {"status": 2, "match_end": "2017-01-28T10:57:23.669Z", "score": 2, "level": 2, "match_start": null, "no_player": false, "player": 28, "bracket": 8, "winner_goes_to": 118, "loser_goes_to": null, "table": null}}, {"pk": 121, "model": "pingpong.bracketslot", "fields": {"status": 2, "match_end": null, "score": null, "level": 0, "match_start": null, "no_player": false, "player": 37, "bracket": 9, "winner_goes_to": null, "loser_goes_to": null, "table": null}}, {"pk": 122, "model": "pingpong.bracketslot", "fields": {"status": 2, "match_end": "2017-01-28T12:47:36.150Z", "score": 3, "level": 1, "match_start": null, "no_player": false, "player": 37, "bracket": 9, "winner_goes_to": 121, "loser_goes_to": null, "table": null}}, {"pk": 123, "model": "pingpong.bracketslot", "fields": {"status": 2, "match_end": "2017-01-28T12:26:19.424Z", "score": 3, "level": 2, "match_start": null, "no_player": false, "player": 37, "bracket": 9, "winner_goes_to": 122, "loser_goes_to": null, "table": null}}, {"pk": 124, "model": "pingpong.bracketslot", "fields": {"status": 2, "match_end": "2017-01-28T11:02:30.655Z", "score": 3, "level": 3, "match_start": null, "no_player": false, "player": 37, "bracket": 9, "winner_goes_to": 123, "loser_goes_to": null, "table": null}}, {"pk": 125, "model": "pingpong.bracketslot", "fields": {"status": 2, "match_end": "2017-01-28T11:02:30.665Z", "score": 2, "level": 3, "match_start": null, "no_player": false, "player": 40, "bracket": 9, "winner_goes_to": 123, "loser_goes_to": null, "table": null}}, {"pk": 126, "model": "pingpong.bracketslot", "fields": {"status": 2, "match_end": "2017-01-28T12:26:19.435Z", "score": 0, "level": 2, "match_start": null, "no_player": false, "player": 36, "bracket": 9, "winner_goes_to": 122, "loser_goes_to": null, "table": null}}, {"pk": 127, "model": "pingpong.bracketslot", "fields": {"status": 2, "match_end": "2017-01-28T12:03:40.368Z", "score": 3, "level": 3, "match_start": null, "no_player": false, "player": 36, "bracket": 9, "winner_goes_to": 126, "loser_goes_to": null, "table": null}}, {"pk": 128, "model": "pingpong.bracketslot", "fields": {"status": 2, "match_end": "2017-01-28T12:03:40.377Z", "score": 1, "level": 3, "match_start": null, "no_player": false, "player": 44, "bracket": 9, "winner_goes_to": 126, "loser_goes_to": null, "table": null}}, {"pk": 129, "model": "pingpong.bracketslot", "fields": {"status": 2, "match_end": "2017-01-28T12:47:36.160Z", "score": 0, "level": 1, "match_start": null, "no_player": false, "player": 38, "bracket": 9, "winner_goes_to": 121, "loser_goes_to": null, "table": null}}, {"pk": 130, "model": "pingpong.bracketslot", "fields": {"status": 2, "match_end": "2017-01-28T12:23:58.080Z", "score": 1, "level": 2, "match_start": null, "no_player": false, "player": 43, "bracket": 9, "winner_goes_to": 129, "loser_goes_to": null, "table": null}}, {"pk": 131, "model": "pingpong.bracketslot", "fields": {"status": 2, "match_end": "2017-01-28T11:17:21.059Z", "score": 3, "level": 3, "match_start": null, "no_player": false, "player": 43, "bracket": 9, "winner_goes_to": 130, "loser_goes_to": null, "table": null}}, {"pk": 132, "model": "pingpong.bracketslot", "fields": {"status": 2, "match_end": "2017-01-28T11:17:21.067Z", "score": 2, "level": 3, "match_start": null, "no_player": false, "player": 51, "bracket": 9, "winner_goes_to": 130, "loser_goes_to": null, "table": null}}, {"pk": 133, "model": "pingpong.bracketslot", "fields": {"status": 2, "match_end": "2017-01-28T12:23:58.091Z", "score": 3, "level": 2, "match_start": null, "no_player": false, "player": 38, "bracket": 9, "winner_goes_to": 129, "loser_goes_to": null, "table": null}}, {"pk": 134, "model": "pingpong.bracketslot", "fields": {"status": 2, "match_end": "2017-01-28T11:59:47.100Z", "score": 0, "level": 3, "match_start": null, "no_player": false, "player": 54, "bracket": 9, "winner_goes_to": 133, "loser_goes_to": null, "table": null}}, {"pk": 135, "model": "pingpong.bracketslot", "fields": {"status": 2, "match_end": "2017-01-28T11:59:47.110Z", "score": 3, "level": 3, "match_start": null, "no_player": false, "player": 38, "bracket": 9, "winner_goes_to": 133, "loser_goes_to": null, "table": null}}, {"pk": 136, "model": "pingpong.bracketslot", "fields": {"status": 2, "match_end": null, "score": null, "level": 0, "match_start": null, "no_player": false, "player": 52, "bracket": 10, "winner_goes_to": null, "loser_goes_to": null, "table": null}}, {"pk": 137, "model": "pingpong.bracketslot", "fields": {"status": 2, "match_end": "2017-01-28T12:48:32.568Z", "score": 2, "level": 1, "match_start": null, "no_player": false, "player": 53, "bracket": 10, "winner_goes_to": 136, "loser_goes_to": null, "table": null}}, {"pk": 138, "model": "pingpong.bracketslot", "fields": {"status": 2, "match_end": "2017-01-28T12:20:43.971Z", "score": 0, "level": 2, "match_start": null, "no_player": false, "player": 41, "bracket": 10, "winner_goes_to": 137, "loser_goes_to": null, "table": null}}, {"pk": 139, "model": "pingpong.bracketslot", "fields": {"status": 0, "match_end": null, "score": null, "level": 3, "match_start": null, "no_player": false, "player": 41, "bracket": 10, "winner_goes_to": 138, "loser_goes_to": null, "table": null}}, {"pk": 140, "model": "pingpong.bracketslot", "fields": {"status": 0, "match_end": null, "score": null, "level": 3, "match_start": null, "no_player": true, "player": null, "bracket": 10, "winner_goes_to": 138, "loser_goes_to": null, "table": null}}, {"pk": 141, "model": "pingpong.bracketslot", "fields": {"status": 2, "match_end": "2017-01-28T12:20:43.981Z", "score": 3, "level": 2, "match_start": null, "no_player": false, "player": 53, "bracket": 10, "winner_goes_to": 137, "loser_goes_to": null, "table": null}}, {"pk": 142, "model": "pingpong.bracketslot", "fields": {"status": 2, "match_end": "2017-01-28T12:03:50.632Z", "score": 3, "level": 3, "match_start": null, "no_player": false, "player": 53, "bracket": 10, "winner_goes_to": 141, "loser_goes_to": null, "table": null}}, {"pk": 143, "model": "pingpong.bracketslot", "fields": {"status": 2, "match_end": "2017-01-28T12:03:50.642Z", "score": 0, "level": 3, "match_start": null, "no_player": false, "player": 39, "bracket": 10, "winner_goes_to": 141, "loser_goes_to": null, "table": null}}, {"pk": 144, "model": "pingpong.bracketslot", "fields": {"status": 2, "match_end": "2017-01-28T12:48:32.579Z", "score": 3, "level": 1, "match_start": null, "no_player": false, "player": 52, "bracket": 10, "winner_goes_to": 136, "loser_goes_to": null, "table": null}}, {"pk": 145, "model": "pingpong.bracketslot", "fields": {"status": 2, "match_end": "2017-01-28T11:58:35.622Z", "score": 3, "level": 2, "match_start": null, "no_player": false, "player": 52, "bracket": 10, "winner_goes_to": 144, "loser_goes_to": null, "table": null}}, {"pk": 146, "model": "pingpong.bracketslot", "fields": {"status": 2, "match_end": "2017-01-28T10:33:11.624Z", "score": 3, "level": 3, "match_start": null, "no_player": false, "player": 52, "bracket": 10, "winner_goes_to": 145, "loser_goes_to": null, "table": null}}, {"pk": 147, "model": "pingpong.bracketslot", "fields": {"status": 2, "match_end": "2017-01-28T10:33:11.633Z", "score": 0, "level": 3, "match_start": null, "no_player": false, "player": 55, "bracket": 10, "winner_goes_to": 145, "loser_goes_to": null, "table": null}}, {"pk": 148, "model": "pingpong.bracketslot", "fields": {"status": 2, "match_end": "2017-01-28T11:58:35.630Z", "score": 1, "level": 2, "match_start": null, "no_player": false, "player": 42, "bracket": 10, "winner_goes_to": 144, "loser_goes_to": null, "table": null}}, {"pk": 149, "model": "pingpong.bracketslot", "fields": {"status": 0, "match_end": null, "score": null, "level": 3, "match_start": null, "no_player": true, "player": null, "bracket": 10, "winner_goes_to": 148, "loser_goes_to": null, "table": null}}, {"pk": 150, "model": "pingpong.bracketslot", "fields": {"status": 0, "match_end": null, "score": null, "level": 3, "match_start": null, "no_player": false, "player": 42, "bracket": 10, "winner_goes_to": 148, "loser_goes_to": null, "table": null}}, {"pk": 161, "model": "pingpong.bracketslot", "fields": {"status": 2, "match_end": null, "score": null, "level": 0, "match_start": null, "no_player": false, "player": 79, "bracket": 13, "winner_goes_to": null, "loser_goes_to": null, "table": null}}, {"pk": 162, "model": "pingpong.bracketslot", "fields": {"status": 2, "match_end": "2017-01-28T14:12:27.691Z", "score": 3, "level": 1, "match_start": null, "no_player": false, "player": 79, "bracket": 13, "winner_goes_to": 161, "loser_goes_to": null, "table": null}}, {"pk": 163, "model": "pingpong.bracketslot", "fields": {"status": 2, "match_end": "2017-01-28T13:36:39.783Z", "score": 1, "level": 2, "match_start": null, "no_player": false, "player": 73, "bracket": 13, "winner_goes_to": 162, "loser_goes_to": null, "table": null}}, {"pk": 164, "model": "pingpong.bracketslot", "fields": {"status": 2, "match_end": "2017-01-28T13:12:58.983Z", "score": 1, "level": 3, "match_start": null, "no_player": false, "player": 71, "bracket": 13, "winner_goes_to": 163, "loser_goes_to": null, "table": null}}, {"pk": 165, "model": "pingpong.bracketslot", "fields": {"status": 0, "match_end": null, "score": null, "level": 4, "match_start": null, "no_player": false, "player": 71, "bracket": 13, "winner_goes_to": 164, "loser_goes_to": null, "table": null}}, {"pk": 166, "model": "pingpong.bracketslot", "fields": {"status": 0, "match_end": null, "score": null, "level": 4, "match_start": null, "no_player": true, "player": null, "bracket": 13, "winner_goes_to": 164, "loser_goes_to": null, "table": null}}, {"pk": 167, "model": "pingpong.bracketslot", "fields": {"status": 2, "match_end": "2017-01-28T13:12:58.993Z", "score": 3, "level": 3, "match_start": null, "no_player": false, "player": 73, "bracket": 13, "winner_goes_to": 163, "loser_goes_to": null, "table": null}}, {"pk": 168, "model": "pingpong.bracketslot", "fields": {"status": 2, "match_end": "2017-01-28T12:44:32.856Z", "score": 1, "level": 4, "match_start": null, "no_player": false, "player": 68, "bracket": 13, "winner_goes_to": 167, "loser_goes_to": null, "table": null}}, {"pk": 169, "model": "pingpong.bracketslot", "fields": {"status": 2, "match_end": "2017-01-28T12:44:32.866Z", "score": 3, "level": 4, "match_start": null, "no_player": false, "player": 73, "bracket": 13, "winner_goes_to": 167, "loser_goes_to": null, "table": null}}, {"pk": 170, "model": "pingpong.bracketslot", "fields": {"status": 2, "match_end": "2017-01-28T13:36:39.794Z", "score": 3, "level": 2, "match_start": null, "no_player": false, "player": 79, "bracket": 13, "winner_goes_to": 162, "loser_goes_to": null, "table": null}}, {"pk": 171, "model": "pingpong.bracketslot", "fields": {"status": 2, "match_end": "2017-01-28T13:17:43.818Z", "score": 0, "level": 3, "match_start": null, "no_player": false, "player": 69, "bracket": 13, "winner_goes_to": 170, "loser_goes_to": null, "table": null}}, {"pk": 172, "model": "pingpong.bracketslot", "fields": {"status": 2, "match_end": "2017-01-28T12:43:05.509Z", "score": 3, "level": 4, "match_start": null, "no_player": false, "player": 69, "bracket": 13, "winner_goes_to": 171, "loser_goes_to": null, "table": null}}, {"pk": 173, "model": "pingpong.bracketslot", "fields": {"status": 2, "match_end": "2017-01-28T12:43:05.516Z", "score": 0, "level": 4, "match_start": null, "no_player": false, "player": 76, "bracket": 13, "winner_goes_to": 171, "loser_goes_to": null, "table": null}}, {"pk": 174, "model": "pingpong.bracketslot", "fields": {"status": 2, "match_end": "2017-01-28T13:17:43.829Z", "score": 3, "level": 3, "match_start": null, "no_player": false, "player": 79, "bracket": 13, "winner_goes_to": 170, "loser_goes_to": null, "table": null}}, {"pk": 175, "model": "pingpong.bracketslot", "fields": {"status": 2, "match_end": "2017-01-28T12:57:32.630Z", "score": 3, "level": 4, "match_start": null, "no_player": false, "player": 79, "bracket": 13, "winner_goes_to": 174, "loser_goes_to": null, "table": null}}, {"pk": 176, "model": "pingpong.bracketslot", "fields": {"status": 2, "match_end": "2017-01-28T12:57:32.639Z", "score": 0, "level": 4, "match_start": null, "no_player": false, "player": 77, "bracket": 13, "winner_goes_to": 174, "loser_goes_to": null, "table": null}}, {"pk": 177, "model": "pingpong.bracketslot", "fields": {"status": 2, "match_end": "2017-01-28T14:12:27.701Z", "score": 2, "level": 1, "match_start": null, "no_player": false, "player": 78, "bracket": 13, "winner_goes_to": 161, "loser_goes_to": null, "table": null}}, {"pk": 178, "model": "pingpong.bracketslot", "fields": {"status": 2, "match_end": "2017-01-28T13:36:13.745Z", "score": 3, "level": 2, "match_start": null, "no_player": false, "player": 78, "bracket": 13, "winner_goes_to": 177, "loser_goes_to": null, "table": null}}, {"pk": 179, "model": "pingpong.bracketslot", "fields": {"status": 2, "match_end": "2017-01-28T13:12:44.257Z", "score": 3, "level": 3, "match_start": null, "no_player": false, "player": 78, "bracket": 13, "winner_goes_to": 178, "loser_goes_to": null, "table": null}}, {"pk": 180, "model": "pingpong.bracketslot", "fields": {"status": 2, "match_end": "2017-01-28T12:55:58.728Z", "score": 0, "level": 4, "match_start": null, "no_player": false, "player": 75, "bracket": 13, "winner_goes_to": 179, "loser_goes_to": null, "table": null}}, {"pk": 181, "model": "pingpong.bracketslot", "fields": {"status": 2, "match_end": "2017-01-28T12:55:58.738Z", "score": 3, "level": 4, "match_start": null, "no_player": false, "player": 78, "bracket": 13, "winner_goes_to": 179, "loser_goes_to": null, "table": null}}, {"pk": 182, "model": "pingpong.bracketslot", "fields": {"status": 2, "match_end": "2017-01-28T13:12:44.264Z", "score": 0, "level": 3, "match_start": null, "no_player": false, "player": 70, "bracket": 13, "winner_goes_to": 178, "loser_goes_to": null, "table": null}}, {"pk": 183, "model": "pingpong.bracketslot", "fields": {"status": 2, "match_end": "2017-01-28T12:38:57.604Z", "score": 1, "level": 4, "match_start": null, "no_player": false, "player": 81, "bracket": 13, "winner_goes_to": 182, "loser_goes_to": null, "table": null}}, {"pk": 184, "model": "pingpong.bracketslot", "fields": {"status": 2, "match_end": "2017-01-28T12:38:57.613Z", "score": 3, "level": 4, "match_start": null, "no_player": false, "player": 70, "bracket": 13, "winner_goes_to": 182, "loser_goes_to": null, "table": null}}, {"pk": 185, "model": "pingpong.bracketslot", "fields": {"status": 2, "match_end": "2017-01-28T13:36:13.753Z", "score": 1, "level": 2, "match_start": null, "no_player": false, "player": 80, "bracket": 13, "winner_goes_to": 177, "loser_goes_to": null, "table": null}}, {"pk": 186, "model": "pingpong.bracketslot", "fields": {"status": 2, "match_end": "2017-01-28T12:59:51.280Z", "score": 0, "level": 3, "match_start": null, "no_player": false, "player": 72, "bracket": 13, "winner_goes_to": 185, "loser_goes_to": null, "table": null}}, {"pk": 187, "model": "pingpong.bracketslot", "fields": {"status": 2, "match_end": "2017-01-28T12:41:48.822Z", "score": 0, "level": 4, "match_start": null, "no_player": false, "player": 74, "bracket": 13, "winner_goes_to": 186, "loser_goes_to": null, "table": null}}, {"pk": 188, "model": "pingpong.bracketslot", "fields": {"status": 2, "match_end": "2017-01-28T12:41:48.832Z", "score": 3, "level": 4, "match_start": null, "no_player": false, "player": 72, "bracket": 13, "winner_goes_to": 186, "loser_goes_to": null, "table": null}}, {"pk": 189, "model": "pingpong.bracketslot", "fields": {"status": 2, "match_end": "2017-01-28T12:59:51.289Z", "score": 3, "level": 3, "match_start": null, "no_player": false, "player": 80, "bracket": 13, "winner_goes_to": 185, "loser_goes_to": null, "table": null}}, {"pk": 190, "model": "pingpong.bracketslot", "fields": {"status": 0, "match_end": null, "score": null, "level": 4, "match_start": null, "no_player": true, "player": null, "bracket": 13, "winner_goes_to": 189, "loser_goes_to": null, "table": null}}, {"pk": 191, "model": "pingpong.bracketslot", "fields": {"status": 0, "match_end": null, "score": null, "level": 4, "match_start": null, "no_player": false, "player": 80, "bracket": 13, "winner_goes_to": 189, "loser_goes_to": null, "table": null}}, {"pk": 192, "model": "pingpong.bracketslot", "fields": {"status": 2, "match_end": null, "score": null, "level": 0, "match_start": null, "no_player": false, "player": 85, "bracket": 14, "winner_goes_to": null, "loser_goes_to": null, "table": null}}, {"pk": 193, "model": "pingpong.bracketslot", "fields": {"status": 2, "match_end": "2017-01-28T14:21:04.047Z", "score": 3, "level": 1, "match_start": null, "no_player": false, "player": 85, "bracket": 14, "winner_goes_to": 192, "loser_goes_to": null, "table": null}}, {"pk": 194, "model": "pingpong.bracketslot", "fields": {"status": 2, "match_end": "2017-01-28T13:39:01.296Z", "score": 3, "level": 2, "match_start": null, "no_player": false, "player": 85, "bracket": 14, "winner_goes_to": 193, "loser_goes_to": null, "table": null}}, {"pk": 195, "model": "pingpong.bracketslot", "fields": {"status": 2, "match_end": "2017-01-28T13:24:33.317Z", "score": 2, "level": 3, "match_start": null, "no_player": false, "player": 89, "bracket": 14, "winner_goes_to": 194, "loser_goes_to": null, "table": null}}, {"pk": 196, "model": "pingpong.bracketslot", "fields": {"status": 0, "match_end": null, "score": null, "level": 4, "match_start": null, "no_player": false, "player": 89, "bracket": 14, "winner_goes_to": 195, "loser_goes_to": null, "table": null}}, {"pk": 197, "model": "pingpong.bracketslot", "fields": {"status": 0, "match_end": null, "score": null, "level": 4, "match_start": null, "no_player": true, "player": null, "bracket": 14, "winner_goes_to": 195, "loser_goes_to": null, "table": null}}, {"pk": 198, "model": "pingpong.bracketslot", "fields": {"status": 2, "match_end": "2017-01-28T13:24:33.326Z", "score": 3, "level": 3, "match_start": null, "no_player": false, "player": 85, "bracket": 14, "winner_goes_to": 194, "loser_goes_to": null, "table": null}}, {"pk": 199, "model": "pingpong.bracketslot", "fields": {"status": 2, "match_end": "2017-01-28T13:03:21.224Z", "score": 3, "level": 4, "match_start": null, "no_player": false, "player": 85, "bracket": 14, "winner_goes_to": 198, "loser_goes_to": null, "table": null}}, {"pk": 201, "model": "pingpong.bracketslot", "fields": {"status": 2, "match_end": "2017-01-28T13:39:01.307Z", "score": 0, "level": 2, "match_start": null, "no_player": false, "player": 90, "bracket": 14, "winner_goes_to": 193, "loser_goes_to": null, "table": null}}, {"pk": 202, "model": "pingpong.bracketslot", "fields": {"status": 2, "match_end": "2017-01-28T12:33:38.274Z", "score": 0, "level": 3, "match_start": null, "no_player": false, "player": 88, "bracket": 14, "winner_goes_to": 201, "loser_goes_to": null, "table": null}}, {"pk": 203, "model": "pingpong.bracketslot", "fields": {"status": 0, "match_end": null, "score": null, "level": 4, "match_start": null, "no_player": false, "player": 88, "bracket": 14, "winner_goes_to": 202, "loser_goes_to": null, "table": null}}, {"pk": 204, "model": "pingpong.bracketslot", "fields": {"status": 0, "match_end": null, "score": null, "level": 4, "match_start": null, "no_player": true, "player": null, "bracket": 14, "winner_goes_to": 202, "loser_goes_to": null, "table": null}}, {"pk": 205, "model": "pingpong.bracketslot", "fields": {"status": 2, "match_end": "2017-01-28T12:33:38.283Z", "score": 3, "level": 3, "match_start": null, "no_player": false, "player": 90, "bracket": 14, "winner_goes_to": 201, "loser_goes_to": null, "table": null}}, {"pk": 206, "model": "pingpong.bracketslot", "fields": {"status": 0, "match_end": null, "score": null, "level": 4, "match_start": null, "no_player": true, "player": null, "bracket": 14, "winner_goes_to": 205, "loser_goes_to": null, "table": null}}, {"pk": 207, "model": "pingpong.bracketslot", "fields": {"status": 0, "match_end": null, "score": null, "level": 4, "match_start": null, "no_player": false, "player": 90, "bracket": 14, "winner_goes_to": 205, "loser_goes_to": null, "table": null}}, {"pk": 208, "model": "pingpong.bracketslot", "fields": {"status": 2, "match_end": "2017-01-28T14:21:04.056Z", "score": 2, "level": 1, "match_start": null, "no_player": false, "player": 84, "bracket": 14, "winner_goes_to": 192, "loser_goes_to": null, "table": null}}, {"pk": 209, "model": "pingpong.bracketslot", "fields": {"status": 2, "match_end": "2017-01-28T13:53:30.553Z", "score": 3, "level": 2, "match_start": null, "no_player": false, "player": 84, "bracket": 14, "winner_goes_to": 208, "loser_goes_to": null, "table": null}}, {"pk": 210, "model": "pingpong.bracketslot", "fields": {"status": 2, "match_end": "2017-01-28T13:11:21.969Z", "score": 2, "level": 3, "match_start": null, "no_player": false, "player": 86, "bracket": 14, "winner_goes_to": 209, "loser_goes_to": null, "table": null}}, {"pk": 211, "model": "pingpong.bracketslot", "fields": {"status": 0, "match_end": null, "score": null, "level": 4, "match_start": null, "no_player": false, "player": 86, "bracket": 14, "winner_goes_to": 210, "loser_goes_to": null, "table": null}}, {"pk": 212, "model": "pingpong.bracketslot", "fields": {"status": 0, "match_end": null, "score": null, "level": 4, "match_start": null, "no_player": true, "player": null, "bracket": 14, "winner_goes_to": 210, "loser_goes_to": null, "table": null}}, {"pk": 213, "model": "pingpong.bracketslot", "fields": {"status": 2, "match_end": "2017-01-28T13:11:21.978Z", "score": 3, "level": 3, "match_start": null, "no_player": false, "player": 84, "bracket": 14, "winner_goes_to": 209, "loser_goes_to": null, "table": null}}, {"pk": 214, "model": "pingpong.bracketslot", "fields": {"status": 0, "match_end": null, "score": null, "level": 4, "match_start": null, "no_player": true, "player": null, "bracket": 14, "winner_goes_to": 213, "loser_goes_to": null, "table": null}}, {"pk": 215, "model": "pingpong.bracketslot", "fields": {"status": 0, "match_end": null, "score": null, "level": 4, "match_start": null, "no_player": false, "player": 84, "bracket": 14, "winner_goes_to": 213, "loser_goes_to": null, "table": null}}, {"pk": 216, "model": "pingpong.bracketslot", "fields": {"status": 2, "match_end": "2017-01-28T13:53:30.563Z", "score": 1, "level": 2, "match_start": null, "no_player": false, "player": 82, "bracket": 14, "winner_goes_to": 208, "loser_goes_to": null, "table": null}}, {"pk": 217, "model": "pingpong.bracketslot", "fields": {"status": 2, "match_end": "2017-01-28T13:08:02.195Z", "score": 3, "level": 3, "match_start": null, "no_player": false, "player": 82, "bracket": 14, "winner_goes_to": 216, "loser_goes_to": null, "table": null}}, {"pk": 218, "model": "pingpong.bracketslot", "fields": {"status": 0, "match_end": null, "score": null, "level": 4, "match_start": null, "no_player": false, "player": 82, "bracket": 14, "winner_goes_to": 217, "loser_goes_to": null, "table": null}}, {"pk": 219, "model": "pingpong.bracketslot", "fields": {"status": 0, "match_end": null, "score": null, "level": 4, "match_start": null, "no_player": true, "player": null, "bracket": 14, "winner_goes_to": 217, "loser_goes_to": null, "table": null}}, {"pk": 220, "model": "pingpong.bracketslot", "fields": {"status": 2, "match_end": "2017-01-28T13:08:02.205Z", "score": 0, "level": 3, "match_start": null, "no_player": false, "player": 83, "bracket": 14, "winner_goes_to": 216, "loser_goes_to": null, "table": null}}, {"pk": 221, "model": "pingpong.bracketslot", "fields": {"status": 0, "match_end": null, "score": null, "level": 4, "match_start": null, "no_player": true, "player": null, "bracket": 14, "winner_goes_to": 220, "loser_goes_to": null, "table": null}}, {"pk": 222, "model": "pingpong.bracketslot", "fields": {"status": 0, "match_end": null, "score": null, "level": 4, "match_start": null, "no_player": false, "player": 83, "bracket": 14, "winner_goes_to": 220, "loser_goes_to": null, "table": null}}, {"pk": 236, "model": "pingpong.bracketslot", "fields": {"status": 2, "match_end": null, "score": null, "level": 0, "match_start": null, "no_player": false, "player": 61, "bracket": 18, "winner_goes_to": null, "loser_goes_to": null, "table": null}}, {"pk": 237, "model": "pingpong.bracketslot", "fields": {"status": 2, "match_end": "2017-01-28T14:03:55.599Z", "score": 3, "level": 1, "match_start": null, "no_player": false, "player": 61, "bracket": 18, "winner_goes_to": 236, "loser_goes_to": null, "table": null}}, {"pk": 238, "model": "pingpong.bracketslot", "fields": {"status": 2, "match_end": "2017-01-28T14:03:55.609Z", "score": 0, "level": 1, "match_start": null, "no_player": false, "player": 62, "bracket": 18, "winner_goes_to": 236, "loser_goes_to": null, "table": null}}, {"pk": 239, "model": "pingpong.bracketslot", "fields": {"status": 2, "match_end": null, "score": null, "level": 0, "match_start": null, "no_player": false, "player": 63, "bracket": 19, "winner_goes_to": null, "loser_goes_to": null, "table": null}}, {"pk": 240, "model": "pingpong.bracketslot", "fields": {"status": 2, "match_end": "2017-01-28T14:04:21.367Z", "score": 3, "level": 1, "match_start": null, "no_player": false, "player": 63, "bracket": 19, "winner_goes_to": 239, "loser_goes_to": null, "table": null}}, {"pk": 241, "model": "pingpong.bracketslot", "fields": {"status": 2, "match_end": "2017-01-28T14:04:21.377Z", "score": 1, "level": 1, "match_start": null, "no_player": false, "player": 64, "bracket": 19, "winner_goes_to": 239, "loser_goes_to": null, "table": null}}, {"pk": 1, "model": "pingpong.grouptobrackettransition", "fields": {"slot": 4, "place": 1, "group": 1}}, {"pk": 2, "model": "pingpong.grouptobrackettransition", "fields": {"slot": 5, "place": 2, "group": 3}}, {"pk": 3, "model": "pingpong.grouptobrackettransition", "fields": {"slot": 7, "place": 2, "group": 2}}, {"pk": 4, "model": "pingpong.grouptobrackettransition", "fields": {"slot": 8, "place": 1, "group": 4}}, {"pk": 5, "model": "pingpong.grouptobrackettransition", "fields": {"slot": 11, "place": 1, "group": 3}}, {"pk": 6, "model": "pingpong.grouptobrackettransition", "fields": {"slot": 12, "place": 2, "group": 1}}, {"pk": 7, "model": "pingpong.grouptobrackettransition", "fields": {"slot": 14, "place": 2, "group": 4}}, {"pk": 8, "model": "pingpong.grouptobrackettransition", "fields": {"slot": 15, "place": 1, "group": 2}}, {"pk": 9, "model": "pingpong.grouptobrackettransition", "fields": {"slot": 19, "place": 3, "group": 1}}, {"pk": 10, "model": "pingpong.grouptobrackettransition", "fields": {"slot": 20, "place": 4, "group": 3}}, {"pk": 11, "model": "pingpong.grouptobrackettransition", "fields": {"slot": 22, "place": 4, "group": 2}}, {"pk": 12, "model": "pingpong.grouptobrackettransition", "fields": {"slot": 23, "place": 3, "group": 4}}, {"pk": 13, "model": "pingpong.grouptobrackettransition", "fields": {"slot": 26, "place": 3, "group": 3}}, {"pk": 14, "model": "pingpong.grouptobrackettransition", "fields": {"slot": 27, "place": 4, "group": 1}}, {"pk": 15, "model": "pingpong.grouptobrackettransition", "fields": {"slot": 29, "place": 4, "group": 4}}, {"pk": 16, "model": "pingpong.grouptobrackettransition", "fields": {"slot": 30, "place": 3, "group": 2}}, {"pk": 17, "model": "pingpong.grouptobrackettransition", "fields": {"slot": 34, "place": 1, "group": 5}}, {"pk": 18, "model": "pingpong.grouptobrackettransition", "fields": {"slot": 35, "place": 2, "group": 7}}, {"pk": 19, "model": "pingpong.grouptobrackettransition", "fields": {"slot": 37, "place": 2, "group": 6}}, {"pk": 20, "model": "pingpong.grouptobrackettransition", "fields": {"slot": 38, "place": 1, "group": 8}}, {"pk": 21, "model": "pingpong.grouptobrackettransition", "fields": {"slot": 41, "place": 1, "group": 7}}, {"pk": 22, "model": "pingpong.grouptobrackettransition", "fields": {"slot": 42, "place": 2, "group": 5}}, {"pk": 23, "model": "pingpong.grouptobrackettransition", "fields": {"slot": 44, "place": 2, "group": 8}}, {"pk": 24, "model": "pingpong.grouptobrackettransition", "fields": {"slot": 45, "place": 1, "group": 6}}, {"pk": 25, "model": "pingpong.grouptobrackettransition", "fields": {"slot": 49, "place": 3, "group": 5}}, {"pk": 26, "model": "pingpong.grouptobrackettransition", "fields": {"slot": 53, "place": 3, "group": 8}}, {"pk": 27, "model": "pingpong.grouptobrackettransition", "fields": {"slot": 56, "place": 3, "group": 7}}, {"pk": 28, "model": "pingpong.grouptobrackettransition", "fields": {"slot": 57, "place": 4, "group": 5}}, {"pk": 29, "model": "pingpong.grouptobrackettransition", "fields": {"slot": 60, "place": 3, "group": 6}}, {"pk": 43, "model": "pingpong.grouptobrackettransition", "fields": {"slot": 102, "place": 1, "group": 11}}, {"pk": 44, "model": "pingpong.grouptobrackettransition", "fields": {"slot": 103, "place": 2, "group": 13}}, {"pk": 45, "model": "pingpong.grouptobrackettransition", "fields": {"slot": 105, "place": 2, "group": 12}}, {"pk": 46, "model": "pingpong.grouptobrackettransition", "fields": {"slot": 106, "place": 1, "group": 14}}, {"pk": 47, "model": "pingpong.grouptobrackettransition", "fields": {"slot": 109, "place": 1, "group": 13}}, {"pk": 48, "model": "pingpong.grouptobrackettransition", "fields": {"slot": 110, "place": 2, "group": 11}}, {"pk": 49, "model": "pingpong.grouptobrackettransition", "fields": {"slot": 112, "place": 2, "group": 14}}, {"pk": 50, "model": "pingpong.grouptobrackettransition", "fields": {"slot": 113, "place": 1, "group": 12}}, {"pk": 51, "model": "pingpong.grouptobrackettransition", "fields": {"slot": 116, "place": 3, "group": 11}}, {"pk": 52, "model": "pingpong.grouptobrackettransition", "fields": {"slot": 117, "place": 3, "group": 14}}, {"pk": 53, "model": "pingpong.grouptobrackettransition", "fields": {"slot": 119, "place": 3, "group": 13}}, {"pk": 54, "model": "pingpong.grouptobrackettransition", "fields": {"slot": 120, "place": 3, "group": 12}}, {"pk": 55, "model": "pingpong.grouptobrackettransition", "fields": {"slot": 124, "place": 1, "group": 15}}, {"pk": 56, "model": "pingpong.grouptobrackettransition", "fields": {"slot": 125, "place": 2, "group": 17}}, {"pk": 57, "model": "pingpong.grouptobrackettransition", "fields": {"slot": 127, "place": 2, "group": 16}}, {"pk": 58, "model": "pingpong.grouptobrackettransition", "fields": {"slot": 128, "place": 1, "group": 18}}, {"pk": 59, "model": "pingpong.grouptobrackettransition", "fields": {"slot": 131, "place": 1, "group": 17}}, {"pk": 60, "model": "pingpong.grouptobrackettransition", "fields": {"slot": 132, "place": 2, "group": 15}}, {"pk": 61, "model": "pingpong.grouptobrackettransition", "fields": {"slot": 134, "place": 2, "group": 18}}, {"pk": 62, "model": "pingpong.grouptobrackettransition", "fields": {"slot": 135, "place": 1, "group": 16}}, {"pk": 63, "model": "pingpong.grouptobrackettransition", "fields": {"slot": 139, "place": 3, "group": 15}}, {"pk": 64, "model": "pingpong.grouptobrackettransition", "fields": {"slot": 142, "place": 4, "group": 16}}, {"pk": 65, "model": "pingpong.grouptobrackettransition", "fields": {"slot": 143, "place": 3, "group": 18}}, {"pk": 66, "model": "pingpong.grouptobrackettransition", "fields": {"slot": 146, "place": 3, "group": 17}}, {"pk": 67, "model": "pingpong.grouptobrackettransition", "fields": {"slot": 147, "place": 4, "group": 15}}, {"pk": 68, "model": "pingpong.grouptobrackettransition", "fields": {"slot": 150, "place": 3, "group": 16}}]