[{"pk": 1, "model": "contenttypes.contenttype", "fields": {"model": "logentry", "name": "log entry", "app_label": "admin"}}, {"pk": 2, "model": "contenttypes.contenttype", "fields": {"model": "permission", "name": "permission", "app_label": "auth"}}, {"pk": 3, "model": "contenttypes.contenttype", "fields": {"model": "group", "name": "group", "app_label": "auth"}}, {"pk": 4, "model": "contenttypes.contenttype", "fields": {"model": "user", "name": "user", "app_label": "auth"}}, {"pk": 5, "model": "contenttypes.contenttype", "fields": {"model": "contenttype", "name": "content type", "app_label": "contenttypes"}}, {"pk": 6, "model": "contenttypes.contenttype", "fields": {"model": "session", "name": "session", "app_label": "sessions"}}, {"pk": 7, "model": "contenttypes.contenttype", "fields": {"model": "migrationhistory", "name": "migration history", "app_label": "south"}}, {"pk": 8, "model": "contenttypes.contenttype", "fields": {"model": "player", "name": "player", "app_label": "pingpong"}}, {"pk": 9, "model": "contenttypes.contenttype", "fields": {"model": "category", "name": "category", "app_label": "pingpong"}}, {"pk": 10, "model": "contenttypes.contenttype", "fields": {"model": "table", "name": "table", "app_label": "pingpong"}}, {"pk": 11, "model": "contenttypes.contenttype", "fields": {"model": "match", "name": "Match", "app_label": "pingpong"}}, {"pk": 12, "model": "contenttypes.contenttype", "fields": {"model": "double", "name": "double", "app_label": "pingpong"}}, {"pk": 13, "model": "contenttypes.contenttype", "fields": {"model": "group", "name": "group", "app_label": "pingpong"}}, {"pk": 14, "model": "contenttypes.contenttype", "fields": {"model": "groupmember", "name": "group member", "app_label": "pingpong"}}, {"pk": 15, "model": "contenttypes.contenttype", "fields": {"model": "knownplayer", "name": "known player", "app_label": "pingpong"}}, {"pk": 16, "model": "contenttypes.contenttype", "fields": {"model": "knownclub", "name": "known club", "app_label": "pingpong"}}, {"pk": 17, "model": "contenttypes.contenttype", "fields": {"model": "bracket", "name": "bracket", "app_label": "pingpong"}}, {"pk": 18, "model": "contenttypes.contenttype", "fields": {"model": "bracketslot", "name": "bracket slot", "app_label": "pingpong"}}, {"pk": 19, "model": "contenttypes.contenttype", "fields": {"model": "grouptobrackettransition", "name": "group to bracket transition", "app_label": "pingpong"}}, {"pk": "1lr4l6vsjgyvcaazwmbgpfen0bvr10x4", "model": "sessions.session", "fields": {"expire_date": "2015-02-14T12:04:05.408Z", "session_data": "NmMzNGEyMWIyZGQ3M2U2ZGRiNGFjZTk5NTU1ZTI0NzgzZDJiNWFlYjp7Il9hdXRoX3VzZXJfYmFja2VuZCI6ImRqYW5nby5jb250cmliLmF1dGguYmFja2VuZHMuTW9kZWxCYWNrZW5kIiwiX2F1dGhfdXNlcl9pZCI6MX0="}}, {"pk": "2vlgzl8g5snh8216jrv5yf4chmi1si3p", "model": "sessions.session", "fields": {"expire_date": "2015-02-14T08:14:25.624Z", "session_data": "NmMzNGEyMWIyZGQ3M2U2ZGRiNGFjZTk5NTU1ZTI0NzgzZDJiNWFlYjp7Il9hdXRoX3VzZXJfYmFja2VuZCI6ImRqYW5nby5jb250cmliLmF1dGguYmFja2VuZHMuTW9kZWxCYWNrZW5kIiwiX2F1dGhfdXNlcl9pZCI6MX0="}}, {"pk": "5wqqfpozo7lokvz1pt2palaw3qt7tg5h", "model": "sessions.session", "fields": {"expire_date": "2015-02-14T08:48:45.309Z", "session_data": "NmMzNGEyMWIyZGQ3M2U2ZGRiNGFjZTk5NTU1ZTI0NzgzZDJiNWFlYjp7Il9hdXRoX3VzZXJfYmFja2VuZCI6ImRqYW5nby5jb250cmliLmF1dGguYmFja2VuZHMuTW9kZWxCYWNrZW5kIiwiX2F1dGhfdXNlcl9pZCI6MX0="}}, {"pk": "5zn2db4805s2ccuf37xpsrnnokeiyjb3", "model": "sessions.session", "fields": {"expire_date": "2015-02-14T07:20:14.351Z", "session_data": "Mzc5YzU0NzYxNTdiMjZiM2ZjYzI5MzBlMDUyNDRmNWMyOWRjMjk2ZTp7fQ=="}}, {"pk": "6isw7po0av9zs495rnw31i11su3yr2fm", "model": "sessions.session", "fields": {"expire_date": "2015-02-14T07:26:38.344Z", "session_data": "NmMzNGEyMWIyZGQ3M2U2ZGRiNGFjZTk5NTU1ZTI0NzgzZDJiNWFlYjp7Il9hdXRoX3VzZXJfYmFja2VuZCI6ImRqYW5nby5jb250cmliLmF1dGguYmFja2VuZHMuTW9kZWxCYWNrZW5kIiwiX2F1dGhfdXNlcl9pZCI6MX0="}}, {"pk": "e232qf94nbo2hkak7km9kugrnmkrypvq", "model": "sessions.session", "fields": {"expire_date": "2015-02-14T07:46:22.738Z", "session_data": "NmMzNGEyMWIyZGQ3M2U2ZGRiNGFjZTk5NTU1ZTI0NzgzZDJiNWFlYjp7Il9hdXRoX3VzZXJfYmFja2VuZCI6ImRqYW5nby5jb250cmliLmF1dGguYmFja2VuZHMuTW9kZWxCYWNrZW5kIiwiX2F1dGhfdXNlcl9pZCI6MX0="}}, {"pk": "liefpc9chegs2724zm5ui37jfov7z63n", "model": "sessions.session", "fields": {"expire_date": "2015-02-14T06:47:38.681Z", "session_data": "NmMzNGEyMWIyZGQ3M2U2ZGRiNGFjZTk5NTU1ZTI0NzgzZDJiNWFlYjp7Il9hdXRoX3VzZXJfYmFja2VuZCI6ImRqYW5nby5jb250cmliLmF1dGguYmFja2VuZHMuTW9kZWxCYWNrZW5kIiwiX2F1dGhfdXNlcl9pZCI6MX0="}}, {"pk": "o9to9146114406fo3h1bpbmvxkydw4xu", "model": "sessions.session", "fields": {"expire_date": "2015-02-14T08:22:18.258Z", "session_data": "NmMzNGEyMWIyZGQ3M2U2ZGRiNGFjZTk5NTU1ZTI0NzgzZDJiNWFlYjp7Il9hdXRoX3VzZXJfYmFja2VuZCI6ImRqYW5nby5jb250cmliLmF1dGguYmFja2VuZHMuTW9kZWxCYWNrZW5kIiwiX2F1dGhfdXNlcl9pZCI6MX0="}}, {"pk": "rvq3cyaswxf7a8zr5sj1wf1v3dsvyy8z", "model": "sessions.session", "fields": {"expire_date": "2015-02-14T07:29:06.500Z", "session_data": "NmMzNGEyMWIyZGQ3M2U2ZGRiNGFjZTk5NTU1ZTI0NzgzZDJiNWFlYjp7Il9hdXRoX3VzZXJfYmFja2VuZCI6ImRqYW5nby5jb250cmliLmF1dGguYmFja2VuZHMuTW9kZWxCYWNrZW5kIiwiX2F1dGhfdXNlcl9pZCI6MX0="}}, {"pk": 1, "model": "south.migrationhistory", "fields": {"applied": "2015-01-31T06:47:21.831Z", "app_name": "pingpong", "migration": "0001_initial"}}, {"pk": 2, "model": "south.migrationhistory", "fields": {"applied": "2015-01-31T06:47:21.833Z", "app_name": "pingpong", "migration": "0002_auto__chg_field_bracket_name"}}, {"pk": 1, "model": "pingpong.player", "fields": {"club": "LJ", "gender": null, "category": 1, "surname": "Komar", "name": "Tone"}}, {"pk": 2, "model": "pingpong.player", "fields": {"club": "Izlake", "gender": null, "category": 1, "surname": "Zupan\u010di\u010d", "name": "Iztok"}}, {"pk": 3, "model": "pingpong.player", "fields": {"club": "Trbovlje", "gender": null, "category": 1, "surname": "Re\u017eun", "name": "Miha"}}, {"pk": 4, "model": "pingpong.player", "fields": {"club": "Krka", "gender": null, "category": 1, "surname": "Vokal", "name": "Bojan"}}, {"pk": 5, "model": "pingpong.player", "fields": {"club": "Kamnik", "gender": null, "category": 1, "surname": "Svetec", "name": "Gregor"}}, {"pk": 6, "model": "pingpong.player", "fields": {"club": "Ravne", "gender": null, "category": 3, "surname": "G\u00fcnther", "name": "Erih"}}, {"pk": 8, "model": "pingpong.player", "fields": {"club": "\u0161empas", "gender": null, "category": 3, "surname": "\u0160trukelj", "name": "Igor"}}, {"pk": 9, "model": "pingpong.player", "fields": {"club": "ZG", "gender": null, "category": 4, "surname": "Paher", "name": "\u0110uro"}}, {"pk": 10, "model": "pingpong.player", "fields": {"club": "vl", "gender": null, "category": 4, "surname": "Samsa", "name": "Niko"}}, {"pk": 11, "model": "pingpong.player", "fields": {"club": "\u0160en\u010dur", "gender": null, "category": 4, "surname": "Kozjek", "name": "Ciril"}}, {"pk": 12, "model": "pingpong.player", "fields": {"club": "LJ", "gender": null, "category": 4, "surname": "Omahen", "name": "Ciril"}}, {"pk": 13, "model": "pingpong.player", "fields": {"club": "LJ", "gender": null, "category": 4, "surname": "Kova\u010di\u010d", "name": "Ljubo"}}, {"pk": 14, "model": "pingpong.player", "fields": {"club": "NG", "gender": null, "category": 4, "surname": "\u010cargo", "name": "Zdenko"}}, {"pk": 15, "model": "pingpong.player", "fields": {"club": "NG", "gender": null, "category": 4, "surname": "Varl", "name": "Igor"}}, {"pk": 16, "model": "pingpong.player", "fields": {"club": "KR", "gender": null, "category": 4, "surname": "Poga\u010dar", "name": "Jo\u017ee"}}, {"pk": 17, "model": "pingpong.player", "fields": {"club": "Postojna", "gender": null, "category": 4, "surname": "Gla\u017ear", "name": "Stane"}}, {"pk": 18, "model": "pingpong.player", "fields": {"club": "Postojna", "gender": null, "category": 4, "surname": "Keni\u010d", "name": "Ivan"}}, {"pk": 19, "model": "pingpong.player", "fields": {"club": "Celje", "gender": null, "category": 4, "surname": "\u0160koberne", "name": "Boris"}}, {"pk": 20, "model": "pingpong.player", "fields": {"club": "LJ", "gender": null, "category": 5, "surname": "Burger", "name": "Maks"}}, {"pk": 21, "model": "pingpong.player", "fields": {"club": "LJ", "gender": null, "category": 5, "surname": "Stankovi\u010d", "name": "Dragutin"}}, {"pk": 22, "model": "pingpong.player", "fields": {"club": "Kranj", "gender": null, "category": 5, "surname": "Pretnar", "name": "Vinko"}}, {"pk": 23, "model": "pingpong.player", "fields": {"club": "LJ", "gender": null, "category": 5, "surname": "Kuki\u010d", "name": "Slobodan"}}, {"pk": 24, "model": "pingpong.player", "fields": {"club": "Postojna", "gender": null, "category": 5, "surname": "Bergo\u010d", "name": "Dario"}}, {"pk": 25, "model": "pingpong.player", "fields": {"club": "", "gender": null, "category": 6, "surname": "Perha\u010d", "name": "Boris"}}, {"pk": 26, "model": "pingpong.player", "fields": {"club": "", "gender": null, "category": 6, "surname": "Hafner", "name": "Jo\u017ee"}}, {"pk": 27, "model": "pingpong.player", "fields": {"club": "", "gender": null, "category": 6, "surname": "\u017divunovi\u010d", "name": "Dragan"}}, {"pk": 28, "model": "pingpong.player", "fields": {"club": "Izola", "gender": null, "category": 3, "surname": "Metlika", "name": "Darko"}}, {"pk": 29, "model": "pingpong.player", "fields": {"club": "\u017diri", "gender": null, "category": 3, "surname": "Makovec", "name": "Darko"}}, {"pk": 30, "model": "pingpong.player", "fields": {"club": "NM", "gender": null, "category": 3, "surname": "\u0160pringer", "name": "Tone"}}, {"pk": 31, "model": "pingpong.player", "fields": {"club": "\u0160entjernej", "gender": 0, "category": 3, "surname": "Jakob\u010di\u010d", "name": "Darko"}}, {"pk": 32, "model": "pingpong.player", "fields": {"club": "NG", "gender": null, "category": 3, "surname": "Pavlin", "name": "Slavko"}}, {"pk": 33, "model": "pingpong.player", "fields": {"club": "NG", "gender": null, "category": 3, "surname": "Medja", "name": "Zdenko"}}, {"pk": 34, "model": "pingpong.player", "fields": {"club": "sti\u010dna", "gender": null, "category": 3, "surname": "Marun", "name": "Nader"}}, {"pk": 35, "model": "pingpong.player", "fields": {"club": "Rakek", "gender": null, "category": 3, "surname": "Vizjak", "name": "Darijan"}}, {"pk": 36, "model": "pingpong.player", "fields": {"club": "LJ", "gender": null, "category": 3, "surname": "Horvat", "name": "Edo"}}, {"pk": 37, "model": "pingpong.player", "fields": {"club": "LJ", "gender": null, "category": 3, "surname": "Supani\u010d", "name": "Bojan"}}, {"pk": 38, "model": "pingpong.player", "fields": {"club": "LJ", "gender": null, "category": 3, "surname": "Merc", "name": "Miran"}}, {"pk": 39, "model": "pingpong.player", "fields": {"club": "Postojna", "gender": null, "category": 3, "surname": "Nadoh", "name": "Iztok"}}, {"pk": 40, "model": "pingpong.player", "fields": {"club": "Celje", "gender": null, "category": 3, "surname": "\u0160tor", "name": "Gorazd"}}, {"pk": 41, "model": "pingpong.player", "fields": {"club": "Izlake", "gender": null, "category": 2, "surname": "Pal\u010di\u010d", "name": "Damjan"}}, {"pk": 42, "model": "pingpong.player", "fields": {"club": "Koper", "gender": null, "category": 2, "surname": "\u0160majgl", "name": "Matja\u017e"}}, {"pk": 43, "model": "pingpong.player", "fields": {"club": "Sodra\u017eica", "gender": null, "category": 2, "surname": "Ga\u0161peri\u010d", "name": "Mitja"}}, {"pk": 44, "model": "pingpong.player", "fields": {"club": "Sti\u010dna", "gender": null, "category": 2, "surname": "Oven", "name": "Robert"}}, {"pk": 45, "model": "pingpong.player", "fields": {"club": "Sti\u010dna", "gender": null, "category": 2, "surname": "Kuhelj", "name": "Bojan"}}, {"pk": 46, "model": "pingpong.player", "fields": {"club": "Kamnik", "gender": null, "category": 2, "surname": "Starc", "name": "Tone"}}, {"pk": 47, "model": "pingpong.player", "fields": {"club": "Trojane", "gender": null, "category": 2, "surname": "Zore", "name": "Lojze"}}, {"pk": 48, "model": "pingpong.player", "fields": {"club": "Vrhnika", "gender": null, "category": 2, "surname": "\u0160urca", "name": "Marjan"}}, {"pk": 49, "model": "pingpong.player", "fields": {"club": "Vrhnika", "gender": null, "category": 2, "surname": "Vrban\u010di\u010d", "name": "Peter"}}, {"pk": 50, "model": "pingpong.player", "fields": {"club": "Dom\u017eale", "gender": null, "category": 2, "surname": "Mali", "name": "Robert"}}, {"pk": 51, "model": "pingpong.player", "fields": {"club": "Celje", "gender": null, "category": 2, "surname": "\u0160tor", "name": "Vojteh"}}, {"pk": 52, "model": "pingpong.player", "fields": {"club": "Gomilsko", "gender": null, "category": 1, "surname": "Fridrih", "name": "Dejan"}}, {"pk": 53, "model": "pingpong.player", "fields": {"club": "Celje", "gender": null, "category": 1, "surname": "Ogorevc", "name": "Damjan"}}, {"pk": 54, "model": "pingpong.player", "fields": {"club": "LJ", "gender": null, "category": 1, "surname": "Cerar", "name": "Uro\u0161"}}, {"pk": 55, "model": "pingpong.player", "fields": {"club": "Grosuplje", "gender": null, "category": 3, "surname": "Triler", "name": "Viktor"}}, {"pk": 56, "model": "pingpong.player", "fields": {"club": "", "gender": null, "category": 7, "surname": "Lesnik", "name": "Doris"}}, {"pk": 57, "model": "pingpong.player", "fields": {"club": "", "gender": null, "category": 7, "surname": "Mo\u017eek", "name": "Nika"}}, {"pk": 58, "model": "pingpong.player", "fields": {"club": "vl", "gender": null, "category": 7, "surname": "Zidar Zupan", "name": "Alenka"}}, {"pk": 59, "model": "pingpong.player", "fields": {"club": "zg", "gender": null, "category": 8, "surname": "Menla", "name": "Vera"}}, {"pk": 60, "model": "pingpong.player", "fields": {"club": "zg", "gender": null, "category": 8, "surname": "Perho\u010d", "name": "Vesna"}}, {"pk": 61, "model": "pingpong.player", "fields": {"club": "\u0160en\u010dur", "gender": null, "category": 8, "surname": "Lapanja", "name": "Dragica"}}, {"pk": 63, "model": "pingpong.player", "fields": {"club": "LJ", "gender": null, "category": 8, "surname": "Ban", "name": "Tanja"}}, {"pk": 65, "model": "pingpong.player", "fields": {"club": "Postojna", "gender": null, "category": 8, "surname": "\u0160ebjani\u010d Pupis", "name": "Jasna"}}, {"pk": 66, "model": "pingpong.player", "fields": {"club": "VL", "gender": null, "category": 2, "surname": "Sever", "name": "Igor"}}, {"pk": 67, "model": "pingpong.player", "fields": {"club": "", "gender": null, "category": 4, "surname": "Vah\u010di\u010d", "name": "Jo\u017ee"}}, {"pk": 68, "model": "pingpong.player", "fields": {"club": "", "gender": null, "category": 4, "surname": "\u0160emrov", "name": "Miro"}}, {"pk": 70, "model": "pingpong.player", "fields": {"club": "\u017eiri", "gender": null, "category": 7, "surname": "Mlinar", "name": "Vida"}}, {"pk": 71, "model": "pingpong.player", "fields": {"club": "vl", "gender": null, "category": 8, "surname": "Mo\u017eek", "name": "Tanja"}}, {"pk": 72, "model": "pingpong.player", "fields": {"club": "", "gender": null, "category": 9, "surname": "M. \u0160majgl", "name": "D. Metlika"}}, {"pk": 73, "model": "pingpong.player", "fields": {"club": "", "gender": null, "category": 9, "surname": "M. Ga\u0161peri\u010d", "name": "M. Re\u017eun"}}, {"pk": 74, "model": "pingpong.player", "fields": {"club": "", "gender": null, "category": 9, "surname": "R. Oven", "name": "B. Kuhelj"}}, {"pk": 75, "model": "pingpong.player", "fields": {"club": "", "gender": null, "category": 9, "surname": "V. \u0160tor", "name": "D. Ogorevc"}}, {"pk": 76, "model": "pingpong.player", "fields": {"club": "", "gender": null, "category": 9, "surname": "B. Vokal", "name": "D. Fridrih"}}, {"pk": 77, "model": "pingpong.player", "fields": {"club": "", "gender": null, "category": 9, "surname": "L. Zore", "name": "D. Vizjak"}}, {"pk": 78, "model": "pingpong.player", "fields": {"club": "", "gender": null, "category": 9, "surname": "D. Pal\u010di\u010d", "name": "V. Triler"}}, {"pk": 79, "model": "pingpong.player", "fields": {"club": "", "gender": null, "category": 10, "surname": "B. \u0160koberne", "name": "G. \u0160tor"}}, {"pk": 80, "model": "pingpong.player", "fields": {"club": "", "gender": null, "category": 10, "surname": "\u0110. Paher", "name": "M. \u0160emrov"}}, {"pk": 81, "model": "pingpong.player", "fields": {"club": "", "gender": null, "category": 10, "surname": "S. Gla\u017ear", "name": "I. Keni\u010d"}}, {"pk": 82, "model": "pingpong.player", "fields": {"club": "", "gender": null, "category": 10, "surname": "Z. Medja", "name": "S. Pavlin"}}, {"pk": 83, "model": "pingpong.player", "fields": {"club": "", "gender": null, "category": 10, "surname": "V. Pretnar", "name": "B. Perha\u010d"}}, {"pk": 84, "model": "pingpong.player", "fields": {"club": "", "gender": null, "category": 10, "surname": "B. Supani\u010d", "name": "E. Horvat"}}, {"pk": 85, "model": "pingpong.player", "fields": {"club": "", "gender": null, "category": 10, "surname": "I. Sever", "name": "M. Merc"}}, {"pk": 86, "model": "pingpong.player", "fields": {"club": "", "gender": 0, "category": 10, "surname": "?. Kuki\u010d", "name": "D. \u017divunovi\u010d"}}, {"pk": 87, "model": "pingpong.player", "fields": {"club": "", "gender": null, "category": 10, "surname": "D. Stankovi\u010d", "name": "E. G\u00fcnther"}}, {"pk": 88, "model": "pingpong.player", "fields": {"club": "", "gender": null, "category": 10, "surname": "D. Lapanja", "name": "C. Kozjek"}}, {"pk": 89, "model": "pingpong.player", "fields": {"club": "", "gender": null, "category": 10, "surname": "Z. \u010cargo", "name": "I. Varl"}}, {"pk": 90, "model": "pingpong.player", "fields": {"club": "", "gender": null, "category": 10, "surname": "D. Jakob\u010di\u010d", "name": "T. \u0160pringer"}}, {"pk": 91, "model": "pingpong.player", "fields": {"club": "", "gender": null, "category": 10, "surname": "J. Hafner", "name": "M. Burger"}}, {"pk": 92, "model": "pingpong.player", "fields": {"club": "", "gender": null, "category": 10, "surname": "D. Makovec", "name": "I. Nadoh"}}, {"pk": 93, "model": "pingpong.player", "fields": {"club": "", "gender": null, "category": 10, "surname": "D. Bergo\u010d", "name": "I. \u0160trukelj"}}, {"pk": 94, "model": "pingpong.player", "fields": {"club": "", "gender": null, "category": 9, "surname": "I. Zupan\u010di\u010d", "name": "U. Cerar"}}, {"pk": 95, "model": "pingpong.player", "fields": {"club": "", "gender": null, "category": 11, "surname": "J. \u0160ebjani\u010d Pupis", "name": "D. Lapanja"}}, {"pk": 96, "model": "pingpong.player", "fields": {"club": "", "gender": null, "category": 11, "surname": "T. Mo\u017eek", "name": "T. Ban"}}, {"pk": 97, "model": "pingpong.player", "fields": {"club": "", "gender": null, "category": 11, "surname": "V. Perho\u010d", "name": "V. Menla"}}, {"pk": 98, "model": "pingpong.player", "fields": {"club": "", "gender": null, "category": 11, "surname": "N. Mo\u017eek", "name": "V. Mlinar"}}, {"pk": 99, "model": "pingpong.player", "fields": {"club": "", "gender": null, "category": 11, "surname": "A. Zidar Zupan", "name": "D. Lesnik"}}, {"pk": 100, "model": "pingpong.player", "fields": {"club": "", "gender": null, "category": 10, "surname": "N. Samsa", "name": "N. Marun"}}, {"pk": 1, "model": "pingpong.category", "fields": {"max_age": null, "name": "M<39", "gender": null, "min_age": null, "type": 0, "description": "Mo\u0161ki do 39"}}, {"pk": 2, "model": "pingpong.category", "fields": {"max_age": null, "name": "M40-49", "gender": null, "min_age": null, "type": 0, "description": "Mo\u0161ki 40 do 49"}}, {"pk": 3, "model": "pingpong.category", "fields": {"max_age": null, "name": "M50-59", "gender": null, "min_age": null, "type": 0, "description": "Mo\u0161ki 50 do 59"}}, {"pk": 4, "model": "pingpong.category", "fields": {"max_age": null, "name": "M60-69", "gender": null, "min_age": null, "type": 0, "description": "Mo\u0161ki 60 do 69"}}, {"pk": 5, "model": "pingpong.category", "fields": {"max_age": null, "name": "M70-74", "gender": null, "min_age": null, "type": 0, "description": "Mo\u0161ki 70 do 74"}}, {"pk": 6, "model": "pingpong.category", "fields": {"max_age": null, "name": "M>75", "gender": null, "min_age": null, "type": 0, "description": "Mo\u0161ki nad 75"}}, {"pk": 7, "model": "pingpong.category", "fields": {"max_age": null, "name": "\u017d<39", "gender": null, "min_age": null, "type": 0, "description": "\u017denske do 39"}}, {"pk": 8, "model": "pingpong.category", "fields": {"max_age": null, "name": "\u017d>40", "gender": null, "min_age": null, "type": 0, "description": "\u017denske nad 40"}}, {"pk": 9, "model": "pingpong.category", "fields": {"max_age": null, "name": "DM<49", "gender": null, "min_age": null, "type": 1, "description": "Mo\u0161ke dvojice do 49"}}, {"pk": 10, "model": "pingpong.category", "fields": {"max_age": null, "name": "DM>50", "gender": null, "min_age": null, "type": 1, "description": "Mo\u0161ke dvojice nad 50"}}, {"pk": 11, "model": "pingpong.category", "fields": {"max_age": null, "name": "D\u017d", "gender": null, "min_age": null, "type": 1, "description": "\u017denske dvojice"}}, {"pk": 1, "model": "pingpong.table", "fields": {"display_order": 9, "name": "Miza 1", "short_name": "1"}}, {"pk": 2, "model": "pingpong.table", "fields": {"display_order": 10, "name": "Miza 2", "short_name": "2"}}, {"pk": 3, "model": "pingpong.table", "fields": {"display_order": 11, "name": "Miza 3", "short_name": "3"}}, {"pk": 4, "model": "pingpong.table", "fields": {"display_order": 12, "name": "Miza 4", "short_name": "4"}}, {"pk": 5, "model": "pingpong.table", "fields": {"display_order": 5, "name": "Miza 5", "short_name": "5"}}, {"pk": 6, "model": "pingpong.table", "fields": {"display_order": 6, "name": "Miza 6", "short_name": "6"}}, {"pk": 7, "model": "pingpong.table", "fields": {"display_order": 7, "name": "Miza 7", "short_name": "7"}}, {"pk": 8, "model": "pingpong.table", "fields": {"display_order": 8, "name": "Miza 8", "short_name": "8"}}, {"pk": 9, "model": "pingpong.table", "fields": {"display_order": 1, "name": "Miza 9", "short_name": "9"}}, {"pk": 10, "model": "pingpong.table", "fields": {"display_order": 2, "name": "Miza 10", "short_name": "10"}}, {"pk": 11, "model": "pingpong.table", "fields": {"display_order": 3, "name": "Miza 11", "short_name": "11"}}, {"pk": 12, "model": "pingpong.table", "fields": {"display_order": 4, "name": "Miza 12", "short_name": "12"}}, {"pk": 1, "model": "pingpong.match", "fields": {"status": 3, "player1_bracket_slot": null, "group": 1, "player2_bracket_slot": null, "player2_score": null, "start_time": null, "player2": 5, "player1": 52, "end_time": "2015-01-31T10:06:26.735Z", "player1_score": null, "table": null}}, {"pk": 2, "model": "pingpong.match", "fields": {"status": 3, "player1_bracket_slot": null, "group": 1, "player2_bracket_slot": null, "player2_score": null, "start_time": null, "player2": 53, "player1": 54, "end_time": "2015-01-31T10:06:26.735Z", "player1_score": null, "table": null}}, {"pk": 3, "model": "pingpong.match", "fields": {"status": 3, "player1_bracket_slot": null, "group": 1, "player2_bracket_slot": null, "player2_score": null, "start_time": null, "player2": 53, "player1": 5, "end_time": "2015-01-31T10:06:26.735Z", "player1_score": null, "table": null}}, {"pk": 4, "model": "pingpong.match", "fields": {"status": 3, "player1_bracket_slot": null, "group": 1, "player2_bracket_slot": null, "player2_score": null, "start_time": null, "player2": 54, "player1": 52, "end_time": "2015-01-31T10:06:26.735Z", "player1_score": null, "table": null}}, {"pk": 5, "model": "pingpong.match", "fields": {"status": 3, "player1_bracket_slot": null, "group": 1, "player2_bracket_slot": null, "player2_score": null, "start_time": null, "player2": 5, "player1": 54, "end_time": "2015-01-31T10:06:26.735Z", "player1_score": null, "table": null}}, {"pk": 6, "model": "pingpong.match", "fields": {"status": 3, "player1_bracket_slot": null, "group": 1, "player2_bracket_slot": null, "player2_score": null, "start_time": null, "player2": 52, "player1": 53, "end_time": "2015-01-31T10:06:26.735Z", "player1_score": null, "table": null}}, {"pk": 7, "model": "pingpong.match", "fields": {"status": 3, "player1_bracket_slot": null, "group": 1, "player2_bracket_slot": null, "player2_score": null, "start_time": "2015-01-31T08:28:26.667Z", "player2": null, "player1": null, "end_time": "2015-01-31T10:06:26.735Z", "player1_score": null, "table": 1}}, {"pk": 8, "model": "pingpong.match", "fields": {"status": 3, "player1_bracket_slot": null, "group": 2, "player2_bracket_slot": null, "player2_score": null, "start_time": null, "player2": 3, "player1": 4, "end_time": "2015-01-31T10:36:14.188Z", "player1_score": null, "table": null}}, {"pk": 9, "model": "pingpong.match", "fields": {"status": 3, "player1_bracket_slot": null, "group": 2, "player2_bracket_slot": null, "player2_score": null, "start_time": null, "player2": 1, "player1": 2, "end_time": "2015-01-31T10:36:14.188Z", "player1_score": null, "table": null}}, {"pk": 10, "model": "pingpong.match", "fields": {"status": 3, "player1_bracket_slot": null, "group": 2, "player2_bracket_slot": null, "player2_score": null, "start_time": null, "player2": 1, "player1": 3, "end_time": "2015-01-31T10:36:14.188Z", "player1_score": null, "table": null}}, {"pk": 11, "model": "pingpong.match", "fields": {"status": 3, "player1_bracket_slot": null, "group": 2, "player2_bracket_slot": null, "player2_score": null, "start_time": null, "player2": 2, "player1": 4, "end_time": "2015-01-31T10:36:14.188Z", "player1_score": null, "table": null}}, {"pk": 12, "model": "pingpong.match", "fields": {"status": 3, "player1_bracket_slot": null, "group": 2, "player2_bracket_slot": null, "player2_score": null, "start_time": null, "player2": 3, "player1": 2, "end_time": "2015-01-31T10:36:14.188Z", "player1_score": null, "table": null}}, {"pk": 13, "model": "pingpong.match", "fields": {"status": 3, "player1_bracket_slot": null, "group": 2, "player2_bracket_slot": null, "player2_score": null, "start_time": null, "player2": 4, "player1": 1, "end_time": "2015-01-31T10:36:14.188Z", "player1_score": null, "table": null}}, {"pk": 14, "model": "pingpong.match", "fields": {"status": 3, "player1_bracket_slot": null, "group": 2, "player2_bracket_slot": null, "player2_score": null, "start_time": "2015-01-31T08:29:03.837Z", "player2": null, "player1": null, "end_time": "2015-01-31T10:36:14.188Z", "player1_score": null, "table": 2}}, {"pk": 15, "model": "pingpong.match", "fields": {"status": 3, "player1_bracket_slot": 3, "group": null, "player2_bracket_slot": 4, "player2_score": 3, "start_time": "2015-01-31T11:14:08.736Z", "player2": 4, "player1": 53, "end_time": "2015-01-31T11:38:59.095Z", "player1_score": 1, "table": 2}}, {"pk": 16, "model": "pingpong.match", "fields": {"status": 3, "player1_bracket_slot": 6, "group": null, "player2_bracket_slot": 7, "player2_score": 0, "start_time": "2015-01-31T11:00:27.666Z", "player2": 1, "player1": 52, "end_time": "2015-01-31T11:25:28.961Z", "player1_score": 3, "table": 1}}, {"pk": 17, "model": "pingpong.match", "fields": {"status": 3, "player1_bracket_slot": 2, "group": null, "player2_bracket_slot": 5, "player2_score": 3, "start_time": "2015-01-31T11:44:14.551Z", "player2": 52, "player1": 4, "end_time": "2015-01-31T12:06:40.718Z", "player1_score": 0, "table": 1}}, {"pk": 18, "model": "pingpong.match", "fields": {"status": 3, "player1_bracket_slot": 10, "group": null, "player2_bracket_slot": 11, "player2_score": 3, "start_time": "2015-01-31T10:52:22.745Z", "player2": 2, "player1": 5, "end_time": "2015-01-31T11:09:38.487Z", "player1_score": 0, "table": 8}}, {"pk": 19, "model": "pingpong.match", "fields": {"status": 3, "player1_bracket_slot": 13, "group": null, "player2_bracket_slot": 14, "player2_score": 3, "start_time": "2015-01-31T10:51:19.748Z", "player2": 3, "player1": 54, "end_time": "2015-01-31T11:15:03.529Z", "player1_score": 1, "table": 12}}, {"pk": 20, "model": "pingpong.match", "fields": {"status": 3, "player1_bracket_slot": 9, "group": null, "player2_bracket_slot": 12, "player2_score": 3, "start_time": "2015-01-31T11:22:06.704Z", "player2": 3, "player1": 2, "end_time": "2015-01-31T11:47:47.705Z", "player1_score": 2, "table": 7}}, {"pk": 21, "model": "pingpong.match", "fields": {"status": 3, "player1_bracket_slot": null, "group": 3, "player2_bracket_slot": null, "player2_score": null, "start_time": null, "player2": 41, "player1": 43, "end_time": "2015-01-31T09:56:34.861Z", "player1_score": null, "table": null}}, {"pk": 22, "model": "pingpong.match", "fields": {"status": 3, "player1_bracket_slot": null, "group": 3, "player2_bracket_slot": null, "player2_score": null, "start_time": null, "player2": 43, "player1": 47, "end_time": "2015-01-31T09:56:34.861Z", "player1_score": null, "table": null}}, {"pk": 23, "model": "pingpong.match", "fields": {"status": 3, "player1_bracket_slot": null, "group": 3, "player2_bracket_slot": null, "player2_score": null, "start_time": null, "player2": 47, "player1": 41, "end_time": "2015-01-31T09:56:34.861Z", "player1_score": null, "table": null}}, {"pk": 24, "model": "pingpong.match", "fields": {"status": 3, "player1_bracket_slot": null, "group": 3, "player2_bracket_slot": null, "player2_score": null, "start_time": "2015-01-31T08:31:31.858Z", "player2": null, "player1": null, "end_time": "2015-01-31T09:56:34.861Z", "player1_score": null, "table": 4}}, {"pk": 25, "model": "pingpong.match", "fields": {"status": 3, "player1_bracket_slot": null, "group": 4, "player2_bracket_slot": null, "player2_score": null, "start_time": null, "player2": 46, "player1": 42, "end_time": "2015-01-31T09:33:18.422Z", "player1_score": null, "table": null}}, {"pk": 26, "model": "pingpong.match", "fields": {"status": 3, "player1_bracket_slot": null, "group": 4, "player2_bracket_slot": null, "player2_score": null, "start_time": null, "player2": 42, "player1": 50, "end_time": "2015-01-31T09:33:18.422Z", "player1_score": null, "table": null}}, {"pk": 27, "model": "pingpong.match", "fields": {"status": 3, "player1_bracket_slot": null, "group": 4, "player2_bracket_slot": null, "player2_score": null, "start_time": null, "player2": 50, "player1": 46, "end_time": "2015-01-31T09:33:18.422Z", "player1_score": null, "table": null}}, {"pk": 28, "model": "pingpong.match", "fields": {"status": 3, "player1_bracket_slot": null, "group": 4, "player2_bracket_slot": null, "player2_score": null, "start_time": "2015-01-31T08:31:11.941Z", "player2": null, "player1": null, "end_time": "2015-01-31T09:33:18.422Z", "player1_score": null, "table": 3}}, {"pk": 29, "model": "pingpong.match", "fields": {"status": 3, "player1_bracket_slot": null, "group": 5, "player2_bracket_slot": null, "player2_score": null, "start_time": null, "player2": 49, "player1": 66, "end_time": "2015-01-31T09:34:31.683Z", "player1_score": null, "table": null}}, {"pk": 30, "model": "pingpong.match", "fields": {"status": 3, "player1_bracket_slot": null, "group": 5, "player2_bracket_slot": null, "player2_score": null, "start_time": null, "player2": 66, "player1": 45, "end_time": "2015-01-31T09:34:31.683Z", "player1_score": null, "table": null}}, {"pk": 31, "model": "pingpong.match", "fields": {"status": 3, "player1_bracket_slot": null, "group": 5, "player2_bracket_slot": null, "player2_score": null, "start_time": null, "player2": 45, "player1": 49, "end_time": "2015-01-31T09:34:31.683Z", "player1_score": null, "table": null}}, {"pk": 32, "model": "pingpong.match", "fields": {"status": 3, "player1_bracket_slot": null, "group": 5, "player2_bracket_slot": null, "player2_score": null, "start_time": "2015-01-31T08:31:58.260Z", "player2": null, "player1": null, "end_time": "2015-01-31T09:34:31.683Z", "player1_score": null, "table": 5}}, {"pk": 33, "model": "pingpong.match", "fields": {"status": 3, "player1_bracket_slot": null, "group": 6, "player2_bracket_slot": null, "player2_score": null, "start_time": null, "player2": 48, "player1": 44, "end_time": "2015-01-31T09:45:13.274Z", "player1_score": null, "table": null}}, {"pk": 34, "model": "pingpong.match", "fields": {"status": 3, "player1_bracket_slot": null, "group": 6, "player2_bracket_slot": null, "player2_score": null, "start_time": null, "player2": 44, "player1": 51, "end_time": "2015-01-31T09:45:13.274Z", "player1_score": null, "table": null}}, {"pk": 35, "model": "pingpong.match", "fields": {"status": 3, "player1_bracket_slot": null, "group": 6, "player2_bracket_slot": null, "player2_score": null, "start_time": null, "player2": 51, "player1": 48, "end_time": "2015-01-31T09:45:13.274Z", "player1_score": null, "table": null}}, {"pk": 36, "model": "pingpong.match", "fields": {"status": 3, "player1_bracket_slot": null, "group": 6, "player2_bracket_slot": null, "player2_score": null, "start_time": "2015-01-31T08:32:05.583Z", "player2": null, "player1": null, "end_time": "2015-01-31T09:45:13.274Z", "player1_score": null, "table": 6}}, {"pk": 37, "model": "pingpong.match", "fields": {"status": 3, "player1_bracket_slot": 18, "group": null, "player2_bracket_slot": 19, "player2_score": 0, "start_time": "2015-01-31T10:06:57.378Z", "player2": 66, "player1": 47, "end_time": "2015-01-31T10:22:17.012Z", "player1_score": 3, "table": 1}}, {"pk": 38, "model": "pingpong.match", "fields": {"status": 3, "player1_bracket_slot": 21, "group": null, "player2_bracket_slot": 22, "player2_score": 1, "start_time": "2015-01-31T10:59:36.946Z", "player2": 51, "player1": 46, "end_time": "2015-01-31T11:21:20.678Z", "player1_score": 3, "table": 7}}, {"pk": 39, "model": "pingpong.match", "fields": {"status": 3, "player1_bracket_slot": 17, "group": null, "player2_bracket_slot": 20, "player2_score": 1, "start_time": "2015-01-31T11:49:45.897Z", "player2": 46, "player1": 47, "end_time": "2015-01-31T12:16:54.069Z", "player1_score": 3, "table": 10}}, {"pk": 40, "model": "pingpong.match", "fields": {"status": 3, "player1_bracket_slot": 25, "group": null, "player2_bracket_slot": 26, "player2_score": 1, "start_time": "2015-01-31T10:33:31.004Z", "player2": 43, "player1": 45, "end_time": "2015-01-31T10:52:50.665Z", "player1_score": 3, "table": 2}}, {"pk": 41, "model": "pingpong.match", "fields": {"status": 3, "player1_bracket_slot": 28, "group": null, "player2_bracket_slot": 29, "player2_score": 3, "start_time": "2015-01-31T10:34:04.012Z", "player2": 50, "player1": 44, "end_time": "2015-01-31T10:53:54.580Z", "player1_score": 0, "table": 4}}, {"pk": 42, "model": "pingpong.match", "fields": {"status": 3, "player1_bracket_slot": 24, "group": null, "player2_bracket_slot": 27, "player2_score": 3, "start_time": "2015-01-31T11:41:17.229Z", "player2": 50, "player1": 45, "end_time": "2015-01-31T12:13:54.344Z", "player1_score": 1, "table": 3}}, {"pk": 43, "model": "pingpong.match", "fields": {"status": 3, "player1_bracket_slot": 16, "group": null, "player2_bracket_slot": 23, "player2_score": 1, "start_time": "2015-01-31T12:36:39.424Z", "player2": 50, "player1": 47, "end_time": "2015-01-31T12:57:57.781Z", "player1_score": 3, "table": 1}}, {"pk": 44, "model": "pingpong.match", "fields": {"status": 3, "player1_bracket_slot": 32, "group": null, "player2_bracket_slot": 33, "player2_score": 3, "start_time": "2015-01-31T10:34:15.123Z", "player2": 48, "player1": 41, "end_time": "2015-01-31T10:51:53.544Z", "player1_score": 0, "table": 8}}, {"pk": 45, "model": "pingpong.match", "fields": {"status": 3, "player1_bracket_slot": 35, "group": null, "player2_bracket_slot": 36, "player2_score": 3, "start_time": "2015-01-31T10:34:18.334Z", "player2": 42, "player1": 49, "end_time": "2015-01-31T10:59:04.221Z", "player1_score": 1, "table": 7}}, {"pk": 46, "model": "pingpong.match", "fields": {"status": 3, "player1_bracket_slot": 31, "group": null, "player2_bracket_slot": 34, "player2_score": 0, "start_time": "2015-01-31T11:13:57.956Z", "player2": 42, "player1": 48, "end_time": "2015-01-31T11:29:35.076Z", "player1_score": 3, "table": 5}}, {"pk": 47, "model": "pingpong.match", "fields": {"status": 3, "player1_bracket_slot": null, "group": 7, "player2_bracket_slot": null, "player2_score": null, "start_time": null, "player2": 38, "player1": 6, "end_time": "2015-01-31T10:33:34.403Z", "player1_score": null, "table": null}}, {"pk": 48, "model": "pingpong.match", "fields": {"status": 3, "player1_bracket_slot": null, "group": 7, "player2_bracket_slot": null, "player2_score": null, "start_time": null, "player2": 29, "player1": 55, "end_time": "2015-01-31T10:33:34.403Z", "player1_score": null, "table": null}}, {"pk": 49, "model": "pingpong.match", "fields": {"status": 3, "player1_bracket_slot": null, "group": 7, "player2_bracket_slot": null, "player2_score": null, "start_time": null, "player2": 29, "player1": 38, "end_time": "2015-01-31T10:33:34.403Z", "player1_score": null, "table": null}}, {"pk": 50, "model": "pingpong.match", "fields": {"status": 3, "player1_bracket_slot": null, "group": 7, "player2_bracket_slot": null, "player2_score": null, "start_time": null, "player2": 55, "player1": 6, "end_time": "2015-01-31T10:33:34.403Z", "player1_score": null, "table": null}}, {"pk": 51, "model": "pingpong.match", "fields": {"status": 3, "player1_bracket_slot": null, "group": 7, "player2_bracket_slot": null, "player2_score": null, "start_time": null, "player2": 38, "player1": 55, "end_time": "2015-01-31T10:33:34.403Z", "player1_score": null, "table": null}}, {"pk": 52, "model": "pingpong.match", "fields": {"status": 3, "player1_bracket_slot": null, "group": 7, "player2_bracket_slot": null, "player2_score": null, "start_time": null, "player2": 6, "player1": 29, "end_time": "2015-01-31T10:33:34.403Z", "player1_score": null, "table": null}}, {"pk": 53, "model": "pingpong.match", "fields": {"status": 3, "player1_bracket_slot": null, "group": 7, "player2_bracket_slot": null, "player2_score": null, "start_time": "2015-01-31T08:40:00.836Z", "player2": null, "player1": null, "end_time": "2015-01-31T10:33:34.403Z", "player1_score": null, "table": 7}}, {"pk": 54, "model": "pingpong.match", "fields": {"status": 3, "player1_bracket_slot": null, "group": 8, "player2_bracket_slot": null, "player2_score": null, "start_time": null, "player2": 34, "player1": 30, "end_time": "2015-01-31T10:32:05.917Z", "player1_score": null, "table": null}}, {"pk": 55, "model": "pingpong.match", "fields": {"status": 3, "player1_bracket_slot": null, "group": 8, "player2_bracket_slot": null, "player2_score": null, "start_time": null, "player2": 35, "player1": 33, "end_time": "2015-01-31T10:32:05.917Z", "player1_score": null, "table": null}}, {"pk": 56, "model": "pingpong.match", "fields": {"status": 3, "player1_bracket_slot": null, "group": 8, "player2_bracket_slot": null, "player2_score": null, "start_time": null, "player2": 35, "player1": 34, "end_time": "2015-01-31T10:32:05.917Z", "player1_score": null, "table": null}}, {"pk": 57, "model": "pingpong.match", "fields": {"status": 3, "player1_bracket_slot": null, "group": 8, "player2_bracket_slot": null, "player2_score": null, "start_time": null, "player2": 33, "player1": 30, "end_time": "2015-01-31T10:32:05.917Z", "player1_score": null, "table": null}}, {"pk": 58, "model": "pingpong.match", "fields": {"status": 3, "player1_bracket_slot": null, "group": 8, "player2_bracket_slot": null, "player2_score": null, "start_time": null, "player2": 34, "player1": 33, "end_time": "2015-01-31T10:32:05.917Z", "player1_score": null, "table": null}}, {"pk": 59, "model": "pingpong.match", "fields": {"status": 3, "player1_bracket_slot": null, "group": 8, "player2_bracket_slot": null, "player2_score": null, "start_time": null, "player2": 30, "player1": 35, "end_time": "2015-01-31T10:32:05.917Z", "player1_score": null, "table": null}}, {"pk": 60, "model": "pingpong.match", "fields": {"status": 3, "player1_bracket_slot": null, "group": 8, "player2_bracket_slot": null, "player2_score": null, "start_time": "2015-01-31T08:37:56.573Z", "player2": null, "player1": null, "end_time": "2015-01-31T10:32:05.917Z", "player1_score": null, "table": 8}}, {"pk": 61, "model": "pingpong.match", "fields": {"status": 3, "player1_bracket_slot": null, "group": 9, "player2_bracket_slot": null, "player2_score": null, "start_time": null, "player2": 32, "player1": 40, "end_time": "2015-01-31T11:21:48.930Z", "player1_score": null, "table": null}}, {"pk": 62, "model": "pingpong.match", "fields": {"status": 3, "player1_bracket_slot": null, "group": 9, "player2_bracket_slot": null, "player2_score": null, "start_time": null, "player2": 36, "player1": 28, "end_time": "2015-01-31T11:21:48.930Z", "player1_score": null, "table": null}}, {"pk": 63, "model": "pingpong.match", "fields": {"status": 3, "player1_bracket_slot": null, "group": 9, "player2_bracket_slot": null, "player2_score": null, "start_time": null, "player2": 36, "player1": 32, "end_time": "2015-01-31T11:21:48.930Z", "player1_score": null, "table": null}}, {"pk": 64, "model": "pingpong.match", "fields": {"status": 3, "player1_bracket_slot": null, "group": 9, "player2_bracket_slot": null, "player2_score": null, "start_time": null, "player2": 28, "player1": 40, "end_time": "2015-01-31T11:21:48.930Z", "player1_score": null, "table": null}}, {"pk": 65, "model": "pingpong.match", "fields": {"status": 3, "player1_bracket_slot": null, "group": 9, "player2_bracket_slot": null, "player2_score": null, "start_time": null, "player2": 32, "player1": 28, "end_time": "2015-01-31T11:21:48.930Z", "player1_score": null, "table": null}}, {"pk": 66, "model": "pingpong.match", "fields": {"status": 3, "player1_bracket_slot": null, "group": 9, "player2_bracket_slot": null, "player2_score": null, "start_time": null, "player2": 40, "player1": 36, "end_time": "2015-01-31T11:21:48.930Z", "player1_score": null, "table": null}}, {"pk": 67, "model": "pingpong.match", "fields": {"status": 3, "player1_bracket_slot": null, "group": 9, "player2_bracket_slot": null, "player2_score": null, "start_time": "2015-01-31T09:33:31.082Z", "player2": null, "player1": null, "end_time": "2015-01-31T11:21:48.930Z", "player1_score": null, "table": 3}}, {"pk": 68, "model": "pingpong.match", "fields": {"status": 3, "player1_bracket_slot": null, "group": 10, "player2_bracket_slot": null, "player2_score": null, "start_time": null, "player2": 8, "player1": 31, "end_time": "2015-01-31T11:45:45.624Z", "player1_score": null, "table": null}}, {"pk": 69, "model": "pingpong.match", "fields": {"status": 3, "player1_bracket_slot": null, "group": 10, "player2_bracket_slot": null, "player2_score": null, "start_time": null, "player2": 37, "player1": 39, "end_time": "2015-01-31T11:45:45.624Z", "player1_score": null, "table": null}}, {"pk": 70, "model": "pingpong.match", "fields": {"status": 3, "player1_bracket_slot": null, "group": 10, "player2_bracket_slot": null, "player2_score": null, "start_time": null, "player2": 37, "player1": 8, "end_time": "2015-01-31T11:45:45.624Z", "player1_score": null, "table": null}}, {"pk": 71, "model": "pingpong.match", "fields": {"status": 3, "player1_bracket_slot": null, "group": 10, "player2_bracket_slot": null, "player2_score": null, "start_time": null, "player2": 39, "player1": 31, "end_time": "2015-01-31T11:45:45.624Z", "player1_score": null, "table": null}}, {"pk": 72, "model": "pingpong.match", "fields": {"status": 3, "player1_bracket_slot": null, "group": 10, "player2_bracket_slot": null, "player2_score": null, "start_time": null, "player2": 8, "player1": 39, "end_time": "2015-01-31T11:45:45.624Z", "player1_score": null, "table": null}}, {"pk": 73, "model": "pingpong.match", "fields": {"status": 3, "player1_bracket_slot": null, "group": 10, "player2_bracket_slot": null, "player2_score": null, "start_time": null, "player2": 31, "player1": 37, "end_time": "2015-01-31T11:45:45.624Z", "player1_score": null, "table": null}}, {"pk": 74, "model": "pingpong.match", "fields": {"status": 3, "player1_bracket_slot": null, "group": 10, "player2_bracket_slot": null, "player2_score": null, "start_time": "2015-01-31T09:47:37.313Z", "player2": null, "player1": null, "end_time": "2015-01-31T11:45:45.624Z", "player1_score": null, "table": 9}}, {"pk": 75, "model": "pingpong.match", "fields": {"status": 3, "player1_bracket_slot": 40, "group": null, "player2_bracket_slot": 41, "player2_score": 1, "start_time": "2015-01-31T11:25:51.637Z", "player2": 36, "player1": 6, "end_time": "2015-01-31T11:43:36.667Z", "player1_score": 3, "table": 1}}, {"pk": 76, "model": "pingpong.match", "fields": {"status": 3, "player1_bracket_slot": 43, "group": null, "player2_bracket_slot": 44, "player2_score": 3, "start_time": "2015-01-31T11:48:41.214Z", "player2": 31, "player1": 30, "end_time": "2015-01-31T12:21:50.309Z", "player1_score": 1, "table": 12}}, {"pk": 77, "model": "pingpong.match", "fields": {"status": 3, "player1_bracket_slot": 39, "group": null, "player2_bracket_slot": 42, "player2_score": 3, "start_time": "2015-01-31T12:22:20.315Z", "player2": 31, "player1": 6, "end_time": "2015-01-31T12:59:20.880Z", "player1_score": 2, "table": 2}}, {"pk": 78, "model": "pingpong.match", "fields": {"status": 3, "player1_bracket_slot": 47, "group": null, "player2_bracket_slot": 48, "player2_score": 1, "start_time": "2015-01-31T11:30:28.309Z", "player2": 29, "player1": 40, "end_time": "2015-01-31T11:56:37.148Z", "player1_score": 3, "table": 5}}, {"pk": 79, "model": "pingpong.match", "fields": {"status": 3, "player1_bracket_slot": 50, "group": null, "player2_bracket_slot": 51, "player2_score": 3, "start_time": "2015-01-31T11:48:43.274Z", "player2": 35, "player1": 37, "end_time": "2015-01-31T12:14:54.997Z", "player1_score": 1, "table": 7}}, {"pk": 80, "model": "pingpong.match", "fields": {"status": 3, "player1_bracket_slot": 46, "group": null, "player2_bracket_slot": 49, "player2_score": 3, "start_time": "2015-01-31T12:20:15.594Z", "player2": 35, "player1": 40, "end_time": "2015-01-31T12:56:29.755Z", "player1_score": 1, "table": 3}}, {"pk": 81, "model": "pingpong.match", "fields": {"status": 3, "player1_bracket_slot": 38, "group": null, "player2_bracket_slot": 45, "player2_score": 3, "start_time": "2015-01-31T12:59:44.487Z", "player2": 35, "player1": 31, "end_time": "2015-01-31T13:48:07.045Z", "player1_score": 1, "table": 1}}, {"pk": 82, "model": "pingpong.match", "fields": {"status": 3, "player1_bracket_slot": 55, "group": null, "player2_bracket_slot": 56, "player2_score": 0, "start_time": "2015-01-31T11:22:43.350Z", "player2": 28, "player1": 55, "end_time": "2015-01-31T11:40:48.621Z", "player1_score": 3, "table": 3}}, {"pk": 83, "model": "pingpong.match", "fields": {"status": 3, "player1_bracket_slot": 58, "group": null, "player2_bracket_slot": 59, "player2_score": 3, "start_time": "2015-01-31T11:46:45.453Z", "player2": 39, "player1": 34, "end_time": "2015-01-31T11:59:02.372Z", "player1_score": 0, "table": 9}}, {"pk": 84, "model": "pingpong.match", "fields": {"status": 3, "player1_bracket_slot": 54, "group": null, "player2_bracket_slot": 57, "player2_score": 3, "start_time": "2015-01-31T11:59:31.390Z", "player2": 39, "player1": 55, "end_time": "2015-01-31T12:13:19.421Z", "player1_score": 0, "table": 9}}, {"pk": 85, "model": "pingpong.match", "fields": {"status": 3, "player1_bracket_slot": 62, "group": null, "player2_bracket_slot": 63, "player2_score": 1, "start_time": "2015-01-31T11:29:38.700Z", "player2": 38, "player1": 32, "end_time": "2015-01-31T12:04:40.368Z", "player1_score": 3, "table": 4}}, {"pk": 86, "model": "pingpong.match", "fields": {"status": 3, "player1_bracket_slot": 65, "group": null, "player2_bracket_slot": 66, "player2_score": 3, "start_time": "2015-01-31T11:46:49.466Z", "player2": 33, "player1": 8, "end_time": "2015-01-31T12:11:11.958Z", "player1_score": 0, "table": 8}}, {"pk": 87, "model": "pingpong.match", "fields": {"status": 3, "player1_bracket_slot": 61, "group": null, "player2_bracket_slot": 64, "player2_score": 1, "start_time": "2015-01-31T12:16:38.549Z", "player2": 33, "player1": 32, "end_time": "2015-01-31T12:48:09.987Z", "player1_score": 3, "table": 5}}, {"pk": 88, "model": "pingpong.match", "fields": {"status": 3, "player1_bracket_slot": 53, "group": null, "player2_bracket_slot": 60, "player2_score": 3, "start_time": "2015-01-31T12:48:38.887Z", "player2": 32, "player1": 39, "end_time": "2015-01-31T13:09:54.403Z", "player1_score": 0, "table": 5}}, {"pk": 89, "model": "pingpong.match", "fields": {"status": 3, "player1_bracket_slot": null, "group": 11, "player2_bracket_slot": null, "player2_score": null, "start_time": null, "player2": 12, "player1": 9, "end_time": "2015-01-31T09:58:02.931Z", "player1_score": null, "table": null}}, {"pk": 90, "model": "pingpong.match", "fields": {"status": 3, "player1_bracket_slot": null, "group": 11, "player2_bracket_slot": null, "player2_score": null, "start_time": null, "player2": 67, "player1": 10, "end_time": "2015-01-31T09:58:02.931Z", "player1_score": null, "table": null}}, {"pk": 91, "model": "pingpong.match", "fields": {"status": 3, "player1_bracket_slot": null, "group": 11, "player2_bracket_slot": null, "player2_score": null, "start_time": null, "player2": 67, "player1": 12, "end_time": "2015-01-31T09:58:02.931Z", "player1_score": null, "table": null}}, {"pk": 92, "model": "pingpong.match", "fields": {"status": 3, "player1_bracket_slot": null, "group": 11, "player2_bracket_slot": null, "player2_score": null, "start_time": null, "player2": 10, "player1": 9, "end_time": "2015-01-31T09:58:02.931Z", "player1_score": null, "table": null}}, {"pk": 93, "model": "pingpong.match", "fields": {"status": 3, "player1_bracket_slot": null, "group": 11, "player2_bracket_slot": null, "player2_score": null, "start_time": null, "player2": 12, "player1": 10, "end_time": "2015-01-31T09:58:02.931Z", "player1_score": null, "table": null}}, {"pk": 94, "model": "pingpong.match", "fields": {"status": 3, "player1_bracket_slot": null, "group": 11, "player2_bracket_slot": null, "player2_score": null, "start_time": null, "player2": 9, "player1": 67, "end_time": "2015-01-31T09:58:02.931Z", "player1_score": null, "table": null}}, {"pk": 95, "model": "pingpong.match", "fields": {"status": 3, "player1_bracket_slot": null, "group": 11, "player2_bracket_slot": null, "player2_score": null, "start_time": "2015-01-31T08:38:58.606Z", "player2": null, "player1": null, "end_time": "2015-01-31T09:58:02.931Z", "player1_score": null, "table": 11}}, {"pk": 96, "model": "pingpong.match", "fields": {"status": 3, "player1_bracket_slot": null, "group": 12, "player2_bracket_slot": null, "player2_score": null, "start_time": null, "player2": 14, "player1": 18, "end_time": "2015-01-31T09:38:54.407Z", "player1_score": null, "table": null}}, {"pk": 97, "model": "pingpong.match", "fields": {"status": 3, "player1_bracket_slot": null, "group": 12, "player2_bracket_slot": null, "player2_score": null, "start_time": null, "player2": 18, "player1": 19, "end_time": "2015-01-31T09:38:54.407Z", "player1_score": null, "table": null}}, {"pk": 98, "model": "pingpong.match", "fields": {"status": 3, "player1_bracket_slot": null, "group": 12, "player2_bracket_slot": null, "player2_score": null, "start_time": null, "player2": 19, "player1": 14, "end_time": "2015-01-31T09:38:54.407Z", "player1_score": null, "table": null}}, {"pk": 99, "model": "pingpong.match", "fields": {"status": 3, "player1_bracket_slot": null, "group": 12, "player2_bracket_slot": null, "player2_score": null, "start_time": "2015-01-31T08:39:27.449Z", "player2": null, "player1": null, "end_time": "2015-01-31T09:38:54.407Z", "player1_score": null, "table": 12}}, {"pk": 100, "model": "pingpong.match", "fields": {"status": 3, "player1_bracket_slot": null, "group": 13, "player2_bracket_slot": null, "player2_score": null, "start_time": null, "player2": 15, "player1": 11, "end_time": "2015-01-31T11:11:36.994Z", "player1_score": null, "table": null}}, {"pk": 101, "model": "pingpong.match", "fields": {"status": 3, "player1_bracket_slot": null, "group": 13, "player2_bracket_slot": null, "player2_score": null, "start_time": null, "player2": 11, "player1": 16, "end_time": "2015-01-31T11:11:36.994Z", "player1_score": null, "table": null}}, {"pk": 102, "model": "pingpong.match", "fields": {"status": 3, "player1_bracket_slot": null, "group": 13, "player2_bracket_slot": null, "player2_score": null, "start_time": null, "player2": 16, "player1": 15, "end_time": "2015-01-31T11:11:36.994Z", "player1_score": null, "table": null}}, {"pk": 103, "model": "pingpong.match", "fields": {"status": 3, "player1_bracket_slot": null, "group": 13, "player2_bracket_slot": null, "player2_score": null, "start_time": "2015-01-31T09:45:23.416Z", "player2": null, "player1": null, "end_time": "2015-01-31T11:11:36.994Z", "player1_score": null, "table": 6}}, {"pk": 104, "model": "pingpong.match", "fields": {"status": 3, "player1_bracket_slot": null, "group": 14, "player2_bracket_slot": null, "player2_score": null, "start_time": null, "player2": 13, "player1": 17, "end_time": "2015-01-31T10:26:15.293Z", "player1_score": null, "table": null}}, {"pk": 105, "model": "pingpong.match", "fields": {"status": 3, "player1_bracket_slot": null, "group": 14, "player2_bracket_slot": null, "player2_score": null, "start_time": null, "player2": 17, "player1": 68, "end_time": "2015-01-31T10:26:15.293Z", "player1_score": null, "table": null}}, {"pk": 106, "model": "pingpong.match", "fields": {"status": 3, "player1_bracket_slot": null, "group": 14, "player2_bracket_slot": null, "player2_score": null, "start_time": null, "player2": 68, "player1": 13, "end_time": "2015-01-31T10:26:15.293Z", "player1_score": null, "table": null}}, {"pk": 107, "model": "pingpong.match", "fields": {"status": 3, "player1_bracket_slot": null, "group": 14, "player2_bracket_slot": null, "player2_score": null, "start_time": "2015-01-31T09:39:03.471Z", "player2": null, "player1": null, "end_time": "2015-01-31T10:26:15.293Z", "player1_score": null, "table": 12}}, {"pk": 108, "model": "pingpong.match", "fields": {"status": 3, "player1_bracket_slot": 70, "group": null, "player2_bracket_slot": 71, "player2_score": 0, "start_time": "2015-01-31T11:12:14.647Z", "player2": 11, "player1": 9, "end_time": "2015-01-31T11:29:23.364Z", "player1_score": 3, "table": 4}}, {"pk": 109, "model": "pingpong.match", "fields": {"status": 3, "player1_bracket_slot": 73, "group": null, "player2_bracket_slot": 74, "player2_score": 3, "start_time": "2015-01-31T10:53:43.584Z", "player2": 68, "player1": 18, "end_time": "2015-01-31T11:13:20.544Z", "player1_score": 0, "table": 2}}, {"pk": 110, "model": "pingpong.match", "fields": {"status": 3, "player1_bracket_slot": 69, "group": null, "player2_bracket_slot": 72, "player2_score": 0, "start_time": "2015-01-31T11:33:22.230Z", "player2": 68, "player1": 9, "end_time": "2015-01-31T11:46:11.382Z", "player1_score": 3, "table": 8}}, {"pk": 111, "model": "pingpong.match", "fields": {"status": 3, "player1_bracket_slot": 77, "group": null, "player2_bracket_slot": 78, "player2_score": 0, "start_time": "2015-01-31T11:12:17.308Z", "player2": 67, "player1": 15, "end_time": "2015-01-31T11:32:42.198Z", "player1_score": 3, "table": 8}}, {"pk": 112, "model": "pingpong.match", "fields": {"status": 3, "player1_bracket_slot": 80, "group": null, "player2_bracket_slot": 81, "player2_score": 3, "start_time": "2015-01-31T10:54:20.684Z", "player2": 19, "player1": 17, "end_time": "2015-01-31T11:10:28.431Z", "player1_score": 0, "table": 4}}, {"pk": 113, "model": "pingpong.match", "fields": {"status": 3, "player1_bracket_slot": 76, "group": null, "player2_bracket_slot": 79, "player2_score": 3, "start_time": "2015-01-31T11:39:17.668Z", "player2": 19, "player1": 15, "end_time": "2015-01-31T12:06:49.800Z", "player1_score": 2, "table": 2}}, {"pk": 114, "model": "pingpong.match", "fields": {"status": 3, "player1_bracket_slot": 68, "group": null, "player2_bracket_slot": 75, "player2_score": 1, "start_time": "2015-01-31T12:09:49.941Z", "player2": 19, "player1": 9, "end_time": "2015-01-31T12:36:30.948Z", "player1_score": 3, "table": 1}}, {"pk": 115, "model": "pingpong.match", "fields": {"status": 3, "player1_bracket_slot": 85, "group": null, "player2_bracket_slot": 86, "player2_score": null, "start_time": null, "player2": null, "player1": 12, "end_time": null, "player1_score": null, "table": null}}, {"pk": 116, "model": "pingpong.match", "fields": {"status": 3, "player1_bracket_slot": 88, "group": null, "player2_bracket_slot": 89, "player2_score": null, "start_time": null, "player2": 13, "player1": null, "end_time": null, "player1_score": null, "table": null}}, {"pk": 117, "model": "pingpong.match", "fields": {"status": 3, "player1_bracket_slot": 84, "group": null, "player2_bracket_slot": 87, "player2_score": 3, "start_time": "2015-01-31T10:26:31.943Z", "player2": 13, "player1": 12, "end_time": "2015-01-31T10:50:25.284Z", "player1_score": 0, "table": 12}}, {"pk": 118, "model": "pingpong.match", "fields": {"status": 3, "player1_bracket_slot": 92, "group": null, "player2_bracket_slot": 93, "player2_score": 0, "start_time": "2015-01-31T11:14:29.097Z", "player2": 10, "player1": 16, "end_time": "2015-01-31T11:31:33.414Z", "player1_score": 3, "table": 6}}, {"pk": 119, "model": "pingpong.match", "fields": {"status": 3, "player1_bracket_slot": 95, "group": null, "player2_bracket_slot": 96, "player2_score": null, "start_time": null, "player2": 14, "player1": null, "end_time": null, "player1_score": null, "table": null}}, {"pk": 120, "model": "pingpong.match", "fields": {"status": 3, "player1_bracket_slot": 91, "group": null, "player2_bracket_slot": 94, "player2_score": 1, "start_time": "2015-01-31T11:32:05.712Z", "player2": 14, "player1": 16, "end_time": "2015-01-31T12:04:39.669Z", "player1_score": 3, "table": 6}}, {"pk": 121, "model": "pingpong.match", "fields": {"status": 3, "player1_bracket_slot": 83, "group": null, "player2_bracket_slot": 90, "player2_score": 3, "start_time": "2015-01-31T12:05:04.017Z", "player2": 16, "player1": 13, "end_time": "2015-01-31T12:17:05.366Z", "player1_score": 0, "table": 6}}, {"pk": 122, "model": "pingpong.match", "fields": {"status": 3, "player1_bracket_slot": null, "group": 15, "player2_bracket_slot": null, "player2_score": null, "start_time": null, "player2": 23, "player1": 22, "end_time": "2015-01-31T11:49:25.845Z", "player1_score": null, "table": null}}, {"pk": 123, "model": "pingpong.match", "fields": {"status": 3, "player1_bracket_slot": null, "group": 15, "player2_bracket_slot": null, "player2_score": null, "start_time": null, "player2": 21, "player1": 24, "end_time": "2015-01-31T11:49:25.845Z", "player1_score": null, "table": null}}, {"pk": 124, "model": "pingpong.match", "fields": {"status": 3, "player1_bracket_slot": null, "group": 15, "player2_bracket_slot": null, "player2_score": null, "start_time": null, "player2": 24, "player1": 23, "end_time": "2015-01-31T11:49:25.845Z", "player1_score": null, "table": null}}, {"pk": 125, "model": "pingpong.match", "fields": {"status": 3, "player1_bracket_slot": null, "group": 15, "player2_bracket_slot": null, "player2_score": null, "start_time": null, "player2": 22, "player1": 20, "end_time": "2015-01-31T11:49:25.845Z", "player1_score": null, "table": null}}, {"pk": 126, "model": "pingpong.match", "fields": {"status": 3, "player1_bracket_slot": null, "group": 15, "player2_bracket_slot": null, "player2_score": null, "start_time": null, "player2": 20, "player1": 24, "end_time": "2015-01-31T11:49:25.845Z", "player1_score": null, "table": null}}, {"pk": 127, "model": "pingpong.match", "fields": {"status": 3, "player1_bracket_slot": null, "group": 15, "player2_bracket_slot": null, "player2_score": null, "start_time": null, "player2": 23, "player1": 21, "end_time": "2015-01-31T11:49:25.845Z", "player1_score": null, "table": null}}, {"pk": 128, "model": "pingpong.match", "fields": {"status": 3, "player1_bracket_slot": null, "group": 15, "player2_bracket_slot": null, "player2_score": null, "start_time": null, "player2": 21, "player1": 20, "end_time": "2015-01-31T11:49:25.845Z", "player1_score": null, "table": null}}, {"pk": 129, "model": "pingpong.match", "fields": {"status": 3, "player1_bracket_slot": null, "group": 15, "player2_bracket_slot": null, "player2_score": null, "start_time": null, "player2": 24, "player1": 22, "end_time": "2015-01-31T11:49:25.845Z", "player1_score": null, "table": null}}, {"pk": 130, "model": "pingpong.match", "fields": {"status": 3, "player1_bracket_slot": null, "group": 15, "player2_bracket_slot": null, "player2_score": null, "start_time": null, "player2": 22, "player1": 21, "end_time": "2015-01-31T11:49:25.845Z", "player1_score": null, "table": null}}, {"pk": 131, "model": "pingpong.match", "fields": {"status": 3, "player1_bracket_slot": null, "group": 15, "player2_bracket_slot": null, "player2_score": null, "start_time": null, "player2": 20, "player1": 23, "end_time": "2015-01-31T11:49:25.845Z", "player1_score": null, "table": null}}, {"pk": 132, "model": "pingpong.match", "fields": {"status": 3, "player1_bracket_slot": null, "group": 15, "player2_bracket_slot": null, "player2_score": null, "start_time": "2015-01-31T08:35:02.646Z", "player2": null, "player1": null, "end_time": "2015-01-31T11:49:25.845Z", "player1_score": null, "table": 10}}, {"pk": 137, "model": "pingpong.match", "fields": {"status": 3, "player1_bracket_slot": null, "group": 16, "player2_bracket_slot": null, "player2_score": null, "start_time": null, "player2": 27, "player1": 25, "end_time": "2015-01-31T09:47:06.765Z", "player1_score": null, "table": null}}, {"pk": 138, "model": "pingpong.match", "fields": {"status": 3, "player1_bracket_slot": null, "group": 16, "player2_bracket_slot": null, "player2_score": null, "start_time": null, "player2": 25, "player1": 26, "end_time": "2015-01-31T09:47:06.765Z", "player1_score": null, "table": null}}, {"pk": 139, "model": "pingpong.match", "fields": {"status": 3, "player1_bracket_slot": null, "group": 16, "player2_bracket_slot": null, "player2_score": null, "start_time": null, "player2": 26, "player1": 27, "end_time": "2015-01-31T09:47:06.765Z", "player1_score": null, "table": null}}, {"pk": 140, "model": "pingpong.match", "fields": {"status": 3, "player1_bracket_slot": null, "group": 16, "player2_bracket_slot": null, "player2_score": null, "start_time": "2015-01-31T08:36:21.861Z", "player2": null, "player1": null, "end_time": "2015-01-31T09:47:06.765Z", "player1_score": null, "table": 9}}, {"pk": 166, "model": "pingpong.match", "fields": {"status": 3, "player1_bracket_slot": null, "group": 20, "player2_bracket_slot": null, "player2_score": null, "start_time": null, "player2": 58, "player1": 56, "end_time": "2015-01-31T11:11:34.817Z", "player1_score": null, "table": null}}, {"pk": 167, "model": "pingpong.match", "fields": {"status": 3, "player1_bracket_slot": null, "group": 20, "player2_bracket_slot": null, "player2_score": null, "start_time": null, "player2": 57, "player1": 70, "end_time": "2015-01-31T11:11:34.817Z", "player1_score": null, "table": null}}, {"pk": 168, "model": "pingpong.match", "fields": {"status": 3, "player1_bracket_slot": null, "group": 20, "player2_bracket_slot": null, "player2_score": null, "start_time": null, "player2": 57, "player1": 58, "end_time": "2015-01-31T11:11:34.817Z", "player1_score": null, "table": null}}, {"pk": 169, "model": "pingpong.match", "fields": {"status": 3, "player1_bracket_slot": null, "group": 20, "player2_bracket_slot": null, "player2_score": null, "start_time": null, "player2": 70, "player1": 56, "end_time": "2015-01-31T11:11:34.817Z", "player1_score": null, "table": null}}, {"pk": 170, "model": "pingpong.match", "fields": {"status": 3, "player1_bracket_slot": null, "group": 20, "player2_bracket_slot": null, "player2_score": null, "start_time": null, "player2": 58, "player1": 70, "end_time": "2015-01-31T11:11:34.817Z", "player1_score": null, "table": null}}, {"pk": 171, "model": "pingpong.match", "fields": {"status": 3, "player1_bracket_slot": null, "group": 20, "player2_bracket_slot": null, "player2_score": null, "start_time": null, "player2": 56, "player1": 57, "end_time": "2015-01-31T11:11:34.817Z", "player1_score": null, "table": null}}, {"pk": 172, "model": "pingpong.match", "fields": {"status": 3, "player1_bracket_slot": null, "group": 20, "player2_bracket_slot": null, "player2_score": null, "start_time": "2015-01-31T09:35:02.431Z", "player2": null, "player1": null, "end_time": "2015-01-31T11:11:34.817Z", "player1_score": null, "table": 5}}, {"pk": 192, "model": "pingpong.match", "fields": {"status": 3, "player1_bracket_slot": null, "group": 23, "player2_bracket_slot": null, "player2_score": null, "start_time": null, "player2": 59, "player1": 63, "end_time": "2015-01-31T10:31:16.451Z", "player1_score": null, "table": null}}, {"pk": 193, "model": "pingpong.match", "fields": {"status": 3, "player1_bracket_slot": null, "group": 23, "player2_bracket_slot": null, "player2_score": null, "start_time": null, "player2": 63, "player1": 61, "end_time": "2015-01-31T10:31:16.451Z", "player1_score": null, "table": null}}, {"pk": 194, "model": "pingpong.match", "fields": {"status": 3, "player1_bracket_slot": null, "group": 23, "player2_bracket_slot": null, "player2_score": null, "start_time": null, "player2": 61, "player1": 59, "end_time": "2015-01-31T10:31:16.451Z", "player1_score": null, "table": null}}, {"pk": 195, "model": "pingpong.match", "fields": {"status": 3, "player1_bracket_slot": null, "group": 23, "player2_bracket_slot": null, "player2_score": null, "start_time": "2015-01-31T09:56:43.414Z", "player2": null, "player1": null, "end_time": "2015-01-31T10:31:16.451Z", "player1_score": null, "table": 4}}, {"pk": 196, "model": "pingpong.match", "fields": {"status": 3, "player1_bracket_slot": null, "group": 24, "player2_bracket_slot": null, "player2_score": null, "start_time": null, "player2": 65, "player1": 71, "end_time": "2015-01-31T11:14:01.157Z", "player1_score": null, "table": null}}, {"pk": 197, "model": "pingpong.match", "fields": {"status": 3, "player1_bracket_slot": null, "group": 24, "player2_bracket_slot": null, "player2_score": null, "start_time": null, "player2": 71, "player1": 60, "end_time": "2015-01-31T11:14:01.157Z", "player1_score": null, "table": null}}, {"pk": 198, "model": "pingpong.match", "fields": {"status": 3, "player1_bracket_slot": null, "group": 24, "player2_bracket_slot": null, "player2_score": null, "start_time": null, "player2": 60, "player1": 65, "end_time": "2015-01-31T11:14:01.157Z", "player1_score": null, "table": null}}, {"pk": 199, "model": "pingpong.match", "fields": {"status": 3, "player1_bracket_slot": null, "group": 24, "player2_bracket_slot": null, "player2_score": null, "start_time": "2015-01-31T09:58:08.818Z", "player2": null, "player1": null, "end_time": "2015-01-31T11:14:01.157Z", "player1_score": null, "table": 11}}, {"pk": 200, "model": "pingpong.match", "fields": {"status": 3, "player1_bracket_slot": 155, "group": null, "player2_bracket_slot": 156, "player2_score": 0, "start_time": "2015-01-31T11:15:52.339Z", "player2": 65, "player1": 63, "end_time": "2015-01-31T11:34:50.681Z", "player1_score": 3, "table": 11}}, {"pk": 201, "model": "pingpong.match", "fields": {"status": 3, "player1_bracket_slot": 158, "group": null, "player2_bracket_slot": 159, "player2_score": 3, "start_time": "2015-01-31T11:15:54.800Z", "player2": 60, "player1": 61, "end_time": "2015-01-31T11:47:34.384Z", "player1_score": 2, "table": 12}}, {"pk": 202, "model": "pingpong.match", "fields": {"status": 3, "player1_bracket_slot": 154, "group": null, "player2_bracket_slot": 157, "player2_score": 0, "start_time": "2015-01-31T11:58:25.622Z", "player2": 60, "player1": 63, "end_time": "2015-01-31T12:14:06.234Z", "player1_score": 3, "table": 5}}, {"pk": 203, "model": "pingpong.match", "fields": {"status": 3, "player1_bracket_slot": 161, "group": null, "player2_bracket_slot": 162, "player2_score": 1, "start_time": "2015-01-31T11:37:02.373Z", "player2": 71, "player1": 59, "end_time": "2015-01-31T11:56:23.577Z", "player1_score": 3, "table": 11}}, {"pk": 204, "model": "pingpong.match", "fields": {"status": 3, "player1_bracket_slot": 166, "group": null, "player2_bracket_slot": 167, "player2_score": 3, "start_time": "2015-01-31T13:48:36.961Z", "player2": 77, "player1": 78, "end_time": "2015-01-31T14:08:46.186Z", "player1_score": 0, "table": 3}}, {"pk": 205, "model": "pingpong.match", "fields": {"status": 3, "player1_bracket_slot": 169, "group": null, "player2_bracket_slot": 170, "player2_score": 1, "start_time": "2015-01-31T12:22:32.069Z", "player2": 94, "player1": 75, "end_time": "2015-01-31T12:47:35.030Z", "player1_score": 3, "table": 6}}, {"pk": 206, "model": "pingpong.match", "fields": {"status": 3, "player1_bracket_slot": 165, "group": null, "player2_bracket_slot": 168, "player2_score": 0, "start_time": "2015-01-31T14:08:51.790Z", "player2": 75, "player1": 77, "end_time": "2015-01-31T14:26:28.882Z", "player1_score": 3, "table": 3}}, {"pk": 207, "model": "pingpong.match", "fields": {"status": 3, "player1_bracket_slot": 173, "group": null, "player2_bracket_slot": 174, "player2_score": 0, "start_time": "2015-01-31T12:22:40.260Z", "player2": 73, "player1": 74, "end_time": "2015-01-31T12:42:39.796Z", "player1_score": 3, "table": 4}}, {"pk": 208, "model": "pingpong.match", "fields": {"status": 3, "player1_bracket_slot": 176, "group": null, "player2_bracket_slot": 177, "player2_score": 3, "start_time": "2015-01-31T12:22:50.195Z", "player2": 76, "player1": 72, "end_time": "2015-01-31T12:41:57.911Z", "player1_score": 0, "table": 10}}, {"pk": 209, "model": "pingpong.match", "fields": {"status": 3, "player1_bracket_slot": 172, "group": null, "player2_bracket_slot": 175, "player2_score": 1, "start_time": "2015-01-31T12:43:50.740Z", "player2": 76, "player1": 74, "end_time": "2015-01-31T13:07:39.097Z", "player1_score": 3, "table": 4}}, {"pk": 210, "model": "pingpong.match", "fields": {"status": 3, "player1_bracket_slot": 164, "group": null, "player2_bracket_slot": 171, "player2_score": 1, "start_time": "2015-01-31T14:47:29.678Z", "player2": 74, "player1": 77, "end_time": "2015-01-31T15:09:07.494Z", "player1_score": 3, "table": 1}}, {"pk": 226, "model": "pingpong.match", "fields": {"status": 3, "player1_bracket_slot": 213, "group": null, "player2_bracket_slot": 214, "player2_score": 2, "start_time": "2015-01-31T12:12:42.282Z", "player2": 83, "player1": 88, "end_time": "2015-01-31T12:26:52.532Z", "player1_score": 3, "table": 11}}, {"pk": 227, "model": "pingpong.match", "fields": {"status": 3, "player1_bracket_slot": 216, "group": null, "player2_bracket_slot": 217, "player2_score": 3, "start_time": "2015-01-31T12:16:30.234Z", "player2": 81, "player1": 86, "end_time": "2015-01-31T12:41:38.126Z", "player1_score": 1, "table": 8}}, {"pk": 228, "model": "pingpong.match", "fields": {"status": 3, "player1_bracket_slot": 212, "group": null, "player2_bracket_slot": 215, "player2_score": 1, "start_time": "2015-01-31T13:03:02.499Z", "player2": 81, "player1": 88, "end_time": "2015-01-31T13:23:35.254Z", "player1_score": 3, "table": 7}}, {"pk": 229, "model": "pingpong.match", "fields": {"status": 3, "player1_bracket_slot": 220, "group": null, "player2_bracket_slot": 221, "player2_score": 3, "start_time": "2015-01-31T13:10:22.749Z", "player2": 82, "player1": 91, "end_time": "2015-01-31T13:28:44.601Z", "player1_score": 0, "table": 5}}, {"pk": 230, "model": "pingpong.match", "fields": {"status": 3, "player1_bracket_slot": 223, "group": null, "player2_bracket_slot": 224, "player2_score": 3, "start_time": "2015-01-31T12:15:45.441Z", "player2": 84, "player1": 89, "end_time": "2015-01-31T12:35:57.585Z", "player1_score": 0, "table": 7}}, {"pk": 231, "model": "pingpong.match", "fields": {"status": 3, "player1_bracket_slot": 219, "group": null, "player2_bracket_slot": 222, "player2_score": 0, "start_time": "2015-01-31T13:28:57.622Z", "player2": 84, "player1": 82, "end_time": "2015-01-31T13:53:04.320Z", "player1_score": 3, "table": 5}}, {"pk": 232, "model": "pingpong.match", "fields": {"status": 3, "player1_bracket_slot": 211, "group": null, "player2_bracket_slot": 218, "player2_score": 3, "start_time": "2015-01-31T13:53:09.009Z", "player2": 82, "player1": 88, "end_time": "2015-01-31T14:10:16.309Z", "player1_score": 0, "table": 5}}, {"pk": 233, "model": "pingpong.match", "fields": {"status": 3, "player1_bracket_slot": 228, "group": null, "player2_bracket_slot": 229, "player2_score": 0, "start_time": "2015-01-31T13:01:04.993Z", "player2": 100, "player1": 87, "end_time": "2015-01-31T13:15:57.615Z", "player1_score": 3, "table": 3}}, {"pk": 234, "model": "pingpong.match", "fields": {"status": 3, "player1_bracket_slot": 231, "group": null, "player2_bracket_slot": 232, "player2_score": 2, "start_time": "2015-01-31T13:48:33.902Z", "player2": 92, "player1": 90, "end_time": "2015-01-31T14:15:25.242Z", "player1_score": 3, "table": 1}}, {"pk": 235, "model": "pingpong.match", "fields": {"status": 3, "player1_bracket_slot": 227, "group": null, "player2_bracket_slot": 230, "player2_score": 3, "start_time": "2015-01-31T14:15:44.984Z", "player2": 90, "player1": 87, "end_time": "2015-01-31T14:47:21.180Z", "player1_score": 2, "table": 1}}, {"pk": 236, "model": "pingpong.match", "fields": {"status": 3, "player1_bracket_slot": 235, "group": null, "player2_bracket_slot": 236, "player2_score": 3, "start_time": "2015-01-31T12:14:07.440Z", "player2": 85, "player1": 93, "end_time": "2015-01-31T12:36:46.108Z", "player1_score": 0, "table": 9}}, {"pk": 237, "model": "pingpong.match", "fields": {"status": 3, "player1_bracket_slot": 238, "group": null, "player2_bracket_slot": 239, "player2_score": 3, "start_time": "2015-01-31T12:56:57.372Z", "player2": 79, "player1": 80, "end_time": "2015-01-31T13:22:29.647Z", "player1_score": 1, "table": 9}}, {"pk": 238, "model": "pingpong.match", "fields": {"status": 3, "player1_bracket_slot": 234, "group": null, "player2_bracket_slot": 237, "player2_score": 3, "start_time": "2015-01-31T13:22:49.249Z", "player2": 79, "player1": 85, "end_time": "2015-01-31T13:37:48.647Z", "player1_score": 0, "table": 4}}, {"pk": 239, "model": "pingpong.match", "fields": {"status": 3, "player1_bracket_slot": 226, "group": null, "player2_bracket_slot": 233, "player2_score": 2, "start_time": "2015-01-31T14:47:26.281Z", "player2": 79, "player1": 90, "end_time": "2015-01-31T15:20:01.022Z", "player1_score": 3, "table": 3}}, {"pk": 240, "model": "pingpong.match", "fields": {"status": 3, "player1_bracket_slot": 210, "group": null, "player2_bracket_slot": 225, "player2_score": 3, "start_time": "2015-01-31T15:20:04.902Z", "player2": 90, "player1": 82, "end_time": "2015-01-31T15:42:23.749Z", "player1_score": 0, "table": 1}}, {"pk": 241, "model": "pingpong.match", "fields": {"status": 4, "player1_bracket_slot": 243, "group": null, "player2_bracket_slot": 244, "player2_score": null, "start_time": null, "player2": null, "player1": 97, "end_time": null, "player1_score": null, "table": null}}, {"pk": 242, "model": "pingpong.match", "fields": {"status": 3, "player1_bracket_slot": 246, "group": null, "player2_bracket_slot": 247, "player2_score": 0, "start_time": "2015-01-31T12:37:29.399Z", "player2": 98, "player1": 99, "end_time": "2015-01-31T12:50:44.248Z", "player1_score": 3, "table": 9}}, {"pk": 243, "model": "pingpong.match", "fields": {"status": 3, "player1_bracket_slot": 242, "group": null, "player2_bracket_slot": 245, "player2_score": 3, "start_time": "2015-01-31T12:51:19.348Z", "player2": 99, "player1": 97, "end_time": "2015-01-31T13:13:33.134Z", "player1_score": 2, "table": 10}}, {"pk": 244, "model": "pingpong.match", "fields": {"status": 4, "player1_bracket_slot": 250, "group": null, "player2_bracket_slot": 251, "player2_score": null, "start_time": null, "player2": null, "player1": 96, "end_time": null, "player1_score": null, "table": null}}, {"pk": 245, "model": "pingpong.match", "fields": {"status": 4, "player1_bracket_slot": 253, "group": null, "player2_bracket_slot": 254, "player2_score": null, "start_time": null, "player2": 95, "player1": null, "end_time": null, "player1_score": null, "table": null}}, {"pk": 246, "model": "pingpong.match", "fields": {"status": 3, "player1_bracket_slot": 249, "group": null, "player2_bracket_slot": 252, "player2_score": 1, "start_time": "2015-01-31T12:38:36.371Z", "player2": 95, "player1": 96, "end_time": "2015-01-31T13:01:56.407Z", "player1_score": 3, "table": 7}}, {"pk": 247, "model": "pingpong.match", "fields": {"status": 3, "player1_bracket_slot": 241, "group": null, "player2_bracket_slot": 248, "player2_score": 3, "start_time": "2015-01-31T13:16:19.204Z", "player2": 96, "player1": 99, "end_time": "2015-01-31T13:44:45.623Z", "player1_score": 2, "table": 3}}, {"pk": 72, "model": "pingpong.double", "fields": {"player2": 42, "player1": 28}}, {"pk": 73, "model": "pingpong.double", "fields": {"player2": 43, "player1": 3}}, {"pk": 74, "model": "pingpong.double", "fields": {"player2": 44, "player1": 45}}, {"pk": 75, "model": "pingpong.double", "fields": {"player2": 51, "player1": 53}}, {"pk": 76, "model": "pingpong.double", "fields": {"player2": 4, "player1": 52}}, {"pk": 77, "model": "pingpong.double", "fields": {"player2": 47, "player1": 35}}, {"pk": 78, "model": "pingpong.double", "fields": {"player2": 41, "player1": 55}}, {"pk": 79, "model": "pingpong.double", "fields": {"player2": 19, "player1": 40}}, {"pk": 80, "model": "pingpong.double", "fields": {"player2": 9, "player1": 68}}, {"pk": 81, "model": "pingpong.double", "fields": {"player2": 17, "player1": 18}}, {"pk": 82, "model": "pingpong.double", "fields": {"player2": 33, "player1": 32}}, {"pk": 83, "model": "pingpong.double", "fields": {"player2": 22, "player1": 25}}, {"pk": 84, "model": "pingpong.double", "fields": {"player2": 37, "player1": 36}}, {"pk": 85, "model": "pingpong.double", "fields": {"player2": 66, "player1": 38}}, {"pk": 86, "model": "pingpong.double", "fields": {"player2": 65, "player1": 27}}, {"pk": 87, "model": "pingpong.double", "fields": {"player2": 21, "player1": 6}}, {"pk": 88, "model": "pingpong.double", "fields": {"player2": 61, "player1": 11}}, {"pk": 89, "model": "pingpong.double", "fields": {"player2": 14, "player1": 15}}, {"pk": 90, "model": "pingpong.double", "fields": {"player2": 31, "player1": 30}}, {"pk": 91, "model": "pingpong.double", "fields": {"player2": 26, "player1": 20}}, {"pk": 92, "model": "pingpong.double", "fields": {"player2": 29, "player1": 39}}, {"pk": 93, "model": "pingpong.double", "fields": {"player2": 24, "player1": 8}}, {"pk": 94, "model": "pingpong.double", "fields": {"player2": 2, "player1": 54}}, {"pk": 95, "model": "pingpong.double", "fields": {"player2": 65, "player1": 61}}, {"pk": 96, "model": "pingpong.double", "fields": {"player2": 71, "player1": 63}}, {"pk": 97, "model": "pingpong.double", "fields": {"player2": 60, "player1": 59}}, {"pk": 98, "model": "pingpong.double", "fields": {"player2": 57, "player1": 70}}, {"pk": 99, "model": "pingpong.double", "fields": {"player2": 58, "player1": 56}}, {"pk": 100, "model": "pingpong.double", "fields": {"player2": 10, "player1": 34}}, {"pk": 1, "model": "pingpong.group", "fields": {"category": 1, "table": null, "status": 0, "name": "A"}}, {"pk": 2, "model": "pingpong.group", "fields": {"category": 1, "table": null, "status": 0, "name": "B"}}, {"pk": 3, "model": "pingpong.group", "fields": {"category": 2, "table": null, "status": 0, "name": "A"}}, {"pk": 4, "model": "pingpong.group", "fields": {"category": 2, "table": null, "status": 0, "name": "B"}}, {"pk": 5, "model": "pingpong.group", "fields": {"category": 2, "table": null, "status": 0, "name": "C"}}, {"pk": 6, "model": "pingpong.group", "fields": {"category": 2, "table": null, "status": 0, "name": "D"}}, {"pk": 7, "model": "pingpong.group", "fields": {"category": 3, "table": null, "status": 0, "name": "A"}}, {"pk": 8, "model": "pingpong.group", "fields": {"category": 3, "table": null, "status": 0, "name": "B"}}, {"pk": 9, "model": "pingpong.group", "fields": {"category": 3, "table": null, "status": 0, "name": "C"}}, {"pk": 10, "model": "pingpong.group", "fields": {"category": 3, "table": null, "status": 0, "name": "D"}}, {"pk": 11, "model": "pingpong.group", "fields": {"category": 4, "table": null, "status": 0, "name": "A"}}, {"pk": 12, "model": "pingpong.group", "fields": {"category": 4, "table": null, "status": 0, "name": "B"}}, {"pk": 13, "model": "pingpong.group", "fields": {"category": 4, "table": null, "status": 0, "name": "C"}}, {"pk": 14, "model": "pingpong.group", "fields": {"category": 4, "table": null, "status": 0, "name": "D"}}, {"pk": 15, "model": "pingpong.group", "fields": {"category": 5, "table": null, "status": 0, "name": "A"}}, {"pk": 16, "model": "pingpong.group", "fields": {"category": 6, "table": null, "status": 0, "name": "A"}}, {"pk": 20, "model": "pingpong.group", "fields": {"category": 7, "table": null, "status": 0, "name": "A"}}, {"pk": 23, "model": "pingpong.group", "fields": {"category": 8, "table": null, "status": 0, "name": "A"}}, {"pk": 24, "model": "pingpong.group", "fields": {"category": 8, "table": null, "status": 0, "name": "B"}}, {"pk": 1, "model": "pingpong.groupmember", "fields": {"player": 52, "group": 1, "place": 2, "leader": true}}, {"pk": 2, "model": "pingpong.groupmember", "fields": {"player": 54, "group": 1, "place": 4, "leader": false}}, {"pk": 3, "model": "pingpong.groupmember", "fields": {"player": 53, "group": 1, "place": 1, "leader": false}}, {"pk": 4, "model": "pingpong.groupmember", "fields": {"player": 5, "group": 1, "place": 3, "leader": false}}, {"pk": 5, "model": "pingpong.groupmember", "fields": {"player": 4, "group": 2, "place": 2, "leader": true}}, {"pk": 6, "model": "pingpong.groupmember", "fields": {"player": 2, "group": 2, "place": 4, "leader": false}}, {"pk": 7, "model": "pingpong.groupmember", "fields": {"player": 1, "group": 2, "place": 1, "leader": false}}, {"pk": 8, "model": "pingpong.groupmember", "fields": {"player": 3, "group": 2, "place": 3, "leader": false}}, {"pk": 9, "model": "pingpong.groupmember", "fields": {"player": 47, "group": 3, "place": 1, "leader": true}}, {"pk": 10, "model": "pingpong.groupmember", "fields": {"player": 43, "group": 3, "place": 2, "leader": false}}, {"pk": 11, "model": "pingpong.groupmember", "fields": {"player": 41, "group": 3, "place": 3, "leader": false}}, {"pk": 12, "model": "pingpong.groupmember", "fields": {"player": 50, "group": 4, "place": 1, "leader": true}}, {"pk": 13, "model": "pingpong.groupmember", "fields": {"player": 42, "group": 4, "place": 3, "leader": false}}, {"pk": 14, "model": "pingpong.groupmember", "fields": {"player": 46, "group": 4, "place": 2, "leader": false}}, {"pk": 15, "model": "pingpong.groupmember", "fields": {"player": 45, "group": 5, "place": 1, "leader": true}}, {"pk": 16, "model": "pingpong.groupmember", "fields": {"player": 66, "group": 5, "place": 2, "leader": false}}, {"pk": 17, "model": "pingpong.groupmember", "fields": {"player": 49, "group": 5, "place": 3, "leader": false}}, {"pk": 18, "model": "pingpong.groupmember", "fields": {"player": 51, "group": 6, "place": 1, "leader": true}}, {"pk": 19, "model": "pingpong.groupmember", "fields": {"player": 44, "group": 6, "place": 2, "leader": false}}, {"pk": 20, "model": "pingpong.groupmember", "fields": {"player": 48, "group": 6, "place": 3, "leader": false}}, {"pk": 21, "model": "pingpong.groupmember", "fields": {"player": 6, "group": 7, "place": 1, "leader": true}}, {"pk": 22, "model": "pingpong.groupmember", "fields": {"player": 55, "group": 7, "place": 3, "leader": false}}, {"pk": 23, "model": "pingpong.groupmember", "fields": {"player": 29, "group": 7, "place": 2, "leader": false}}, {"pk": 24, "model": "pingpong.groupmember", "fields": {"player": 38, "group": 7, "place": 4, "leader": false}}, {"pk": 25, "model": "pingpong.groupmember", "fields": {"player": 30, "group": 8, "place": 2, "leader": true}}, {"pk": 26, "model": "pingpong.groupmember", "fields": {"player": 33, "group": 8, "place": 3, "leader": false}}, {"pk": 27, "model": "pingpong.groupmember", "fields": {"player": 35, "group": 8, "place": 1, "leader": false}}, {"pk": 28, "model": "pingpong.groupmember", "fields": {"player": 34, "group": 8, "place": 4, "leader": false}}, {"pk": 29, "model": "pingpong.groupmember", "fields": {"player": 40, "group": 9, "place": 1, "leader": true}}, {"pk": 30, "model": "pingpong.groupmember", "fields": {"player": 28, "group": 9, "place": 4, "leader": false}}, {"pk": 31, "model": "pingpong.groupmember", "fields": {"player": 36, "group": 9, "place": 2, "leader": false}}, {"pk": 32, "model": "pingpong.groupmember", "fields": {"player": 32, "group": 9, "place": 3, "leader": false}}, {"pk": 33, "model": "pingpong.groupmember", "fields": {"player": 31, "group": 10, "place": 1, "leader": true}}, {"pk": 34, "model": "pingpong.groupmember", "fields": {"player": 39, "group": 10, "place": 3, "leader": false}}, {"pk": 35, "model": "pingpong.groupmember", "fields": {"player": 37, "group": 10, "place": 2, "leader": false}}, {"pk": 36, "model": "pingpong.groupmember", "fields": {"player": 8, "group": 10, "place": 4, "leader": false}}, {"pk": 37, "model": "pingpong.groupmember", "fields": {"player": 9, "group": 11, "place": 1, "leader": true}}, {"pk": 38, "model": "pingpong.groupmember", "fields": {"player": 10, "group": 11, "place": 4, "leader": false}}, {"pk": 39, "model": "pingpong.groupmember", "fields": {"player": 67, "group": 11, "place": 2, "leader": false}}, {"pk": 40, "model": "pingpong.groupmember", "fields": {"player": 12, "group": 11, "place": 3, "leader": false}}, {"pk": 41, "model": "pingpong.groupmember", "fields": {"player": 19, "group": 12, "place": 1, "leader": true}}, {"pk": 42, "model": "pingpong.groupmember", "fields": {"player": 18, "group": 12, "place": 2, "leader": false}}, {"pk": 43, "model": "pingpong.groupmember", "fields": {"player": 14, "group": 12, "place": 3, "leader": false}}, {"pk": 44, "model": "pingpong.groupmember", "fields": {"player": 16, "group": 13, "place": 3, "leader": true}}, {"pk": 45, "model": "pingpong.groupmember", "fields": {"player": 11, "group": 13, "place": 2, "leader": false}}, {"pk": 46, "model": "pingpong.groupmember", "fields": {"player": 15, "group": 13, "place": 1, "leader": false}}, {"pk": 47, "model": "pingpong.groupmember", "fields": {"player": 68, "group": 14, "place": 1, "leader": true}}, {"pk": 48, "model": "pingpong.groupmember", "fields": {"player": 17, "group": 14, "place": 2, "leader": false}}, {"pk": 49, "model": "pingpong.groupmember", "fields": {"player": 13, "group": 14, "place": 3, "leader": false}}, {"pk": 50, "model": "pingpong.groupmember", "fields": {"player": 20, "group": 15, "place": 2, "leader": true}}, {"pk": 51, "model": "pingpong.groupmember", "fields": {"player": 22, "group": 15, "place": 3, "leader": false}}, {"pk": 52, "model": "pingpong.groupmember", "fields": {"player": 24, "group": 15, "place": 5, "leader": false}}, {"pk": 53, "model": "pingpong.groupmember", "fields": {"player": 21, "group": 15, "place": 1, "leader": false}}, {"pk": 54, "model": "pingpong.groupmember", "fields": {"player": 23, "group": 15, "place": 4, "leader": false}}, {"pk": 55, "model": "pingpong.groupmember", "fields": {"player": 26, "group": 16, "place": 1, "leader": true}}, {"pk": 56, "model": "pingpong.groupmember", "fields": {"player": 25, "group": 16, "place": 2, "leader": false}}, {"pk": 57, "model": "pingpong.groupmember", "fields": {"player": 27, "group": 16, "place": 3, "leader": false}}, {"pk": 68, "model": "pingpong.groupmember", "fields": {"player": 56, "group": 20, "place": 1, "leader": true}}, {"pk": 69, "model": "pingpong.groupmember", "fields": {"player": 70, "group": 20, "place": 3, "leader": false}}, {"pk": 70, "model": "pingpong.groupmember", "fields": {"player": 57, "group": 20, "place": 4, "leader": false}}, {"pk": 71, "model": "pingpong.groupmember", "fields": {"player": 58, "group": 20, "place": 2, "leader": false}}, {"pk": 79, "model": "pingpong.groupmember", "fields": {"player": 61, "group": 23, "place": 2, "leader": true}}, {"pk": 80, "model": "pingpong.groupmember", "fields": {"player": 63, "group": 23, "place": 1, "leader": false}}, {"pk": 81, "model": "pingpong.groupmember", "fields": {"player": 59, "group": 23, "place": 3, "leader": false}}, {"pk": 82, "model": "pingpong.groupmember", "fields": {"player": 60, "group": 24, "place": 1, "leader": true}}, {"pk": 83, "model": "pingpong.groupmember", "fields": {"player": 71, "group": 24, "place": 3, "leader": false}}, {"pk": 84, "model": "pingpong.groupmember", "fields": {"player": 65, "group": 24, "place": 2, "leader": false}}, {"pk": 154, "model": "pingpong.knownplayer", "fields": {"search_surname": "Mihelic", "club": "sodra\u017eica", "surname": "Miheli\u010d", "name": "Ga\u0161per", "search_name": "Gasper"}}, {"pk": 155, "model": "pingpong.knownplayer", "fields": {"search_surname": "Orazem", "club": "sodra\u017eica", "surname": "Ora\u017eem", "name": "\u017dan", "search_name": "Zan"}}, {"pk": 156, "model": "pingpong.knownplayer", "fields": {"search_surname": "Zupancic", "club": "", "surname": "Zupan\u010di\u010d", "name": "Simon", "search_name": "Simon"}}, {"pk": 157, "model": "pingpong.knownplayer", "fields": {"search_surname": "Zupancic", "club": "", "surname": "Zupan\u010di\u010d", "name": "Iztok", "search_name": "Iztok"}}, {"pk": 158, "model": "pingpong.knownplayer", "fields": {"search_surname": "Kokelj", "club": "Bled", "surname": "Kokelj", "name": "Drejc", "search_name": "Drejc"}}, {"pk": 159, "model": "pingpong.knownplayer", "fields": {"search_surname": "Blaauw", "club": "LJ", "surname": "Blaauw", "name": "Marten", "search_name": "Marten"}}, {"pk": 160, "model": "pingpong.knownplayer", "fields": {"search_surname": "Janezic", "club": "grosuplje", "surname": "Jane\u017ei\u010d", "name": "Martin", "search_name": "Martin"}}, {"pk": 161, "model": "pingpong.knownplayer", "fields": {"search_surname": "Lesar", "club": "ko\u010devje", "surname": "Lesar", "name": "Marko", "search_name": "Marko"}}, {"pk": 162, "model": "pingpong.knownplayer", "fields": {"search_surname": "Vodlan", "club": "Trbovlje", "surname": "Vodlan", "name": "Bla\u017e", "search_name": "Blaz"}}, {"pk": 163, "model": "pingpong.knownplayer", "fields": {"search_surname": "Rezun", "club": "Trbovlje", "surname": "Re\u017eun", "name": "Miha", "search_name": "Miha"}}, {"pk": 164, "model": "pingpong.knownplayer", "fields": {"search_surname": "Klenovsek", "club": "Hrastnik", "surname": "Klenov\u0161ek", "name": "Alja\u017e", "search_name": "Aljaz"}}, {"pk": 165, "model": "pingpong.knownplayer", "fields": {"search_surname": "Svetec", "club": "Kamnik", "surname": "Svetec", "name": "Gregor", "search_name": "Gregor"}}, {"pk": 166, "model": "pingpong.knownplayer", "fields": {"search_surname": "Cerar", "club": "LJ", "surname": "Cerar", "name": "Uro\u0161", "search_name": "Uros"}}, {"pk": 167, "model": "pingpong.knownplayer", "fields": {"search_surname": "Spendov", "club": "Sp. Dobrava", "surname": "\u0160pendov", "name": "Rok", "search_name": "Rok"}}, {"pk": 168, "model": "pingpong.knownplayer", "fields": {"search_surname": "Cucic", "club": "Ajdov\u0161\u010dina", "surname": "\u010cu\u010di\u010d", "name": "Martin", "search_name": "Martin"}}, {"pk": 169, "model": "pingpong.knownplayer", "fields": {"search_surname": "Bokal", "club": "", "surname": "Bokal", "name": "Ivo", "search_name": "Ivo"}}, {"pk": 170, "model": "pingpong.knownplayer", "fields": {"search_surname": "Gasperic", "club": "", "surname": "Ga\u0161peri\u010d", "name": "Mitja", "search_name": "Mitja"}}, {"pk": 171, "model": "pingpong.knownplayer", "fields": {"search_surname": "Petrin", "club": "", "surname": "Petrin", "name": "Lovro", "search_name": "Lovro"}}, {"pk": 172, "model": "pingpong.knownplayer", "fields": {"search_surname": "Potrbin", "club": "Trbovlje", "surname": "Potrbin", "name": "Andrej", "search_name": "Andrej"}}, {"pk": 173, "model": "pingpong.knownplayer", "fields": {"search_surname": "Ulcnik", "club": "", "surname": "Ul\u010dnik", "name": "Matej", "search_name": "Matej"}}, {"pk": 174, "model": "pingpong.knownplayer", "fields": {"search_surname": "Zgur", "club": "", "surname": "\u017dgur", "name": "Igor", "search_name": "Igor"}}, {"pk": 175, "model": "pingpong.knownplayer", "fields": {"search_surname": "Zore", "club": "", "surname": "Zore", "name": "Janez", "search_name": "Janez"}}, {"pk": 176, "model": "pingpong.knownplayer", "fields": {"search_surname": "Kandare", "club": "", "surname": "Kandare", "name": "Boris", "search_name": "Boris"}}, {"pk": 177, "model": "pingpong.knownplayer", "fields": {"search_surname": "Spegel", "club": "Ravne", "surname": "\u0160pegel", "name": "Marko", "search_name": "Marko"}}, {"pk": 178, "model": "pingpong.knownplayer", "fields": {"search_surname": "Kuhelj", "club": "Sti\u010dna", "surname": "Kuhelj", "name": "Bojan", "search_name": "Bojan"}}, {"pk": 179, "model": "pingpong.knownplayer", "fields": {"search_surname": "Oven", "club": "Sti\u010dna", "surname": "Oven", "name": "Robert", "search_name": "Robert"}}, {"pk": 180, "model": "pingpong.knownplayer", "fields": {"search_surname": "Svab", "club": "Podnart", "surname": "\u0160vab", "name": "Uro\u0161", "search_name": "Uros"}}, {"pk": 181, "model": "pingpong.knownplayer", "fields": {"search_surname": "Vodopivec", "club": "Ajdov\u0161\u010dina", "surname": "Vodopivec", "name": "Boris", "search_name": "Boris"}}, {"pk": 182, "model": "pingpong.knownplayer", "fields": {"search_surname": "Ribaric", "club": "Bohinj", "surname": "Ribari\u010d", "name": "Andrej", "search_name": "Andrej"}}, {"pk": 183, "model": "pingpong.knownplayer", "fields": {"search_surname": "Stor", "club": "Celje", "surname": "\u0160tor", "name": "Vojteh", "search_name": "Vojteh"}}, {"pk": 184, "model": "pingpong.knownplayer", "fields": {"search_surname": "Slacek", "club": "MB", "surname": "Sla\u010dek", "name": "Silvo", "search_name": "Silvo"}}, {"pk": 185, "model": "pingpong.knownplayer", "fields": {"search_surname": "Konjicek", "club": "MB", "surname": "Konji\u010dek", "name": "Boris", "search_name": "Boris"}}, {"pk": 186, "model": "pingpong.knownplayer", "fields": {"search_surname": "Fridrih", "club": "M. Sobota", "surname": "Fridrih", "name": "Tim", "search_name": "Tim"}}, {"pk": 187, "model": "pingpong.knownplayer", "fields": {"search_surname": "Zavec", "club": "M. Sobota", "surname": "Zavec", "name": "Jure", "search_name": "Jure"}}, {"pk": 188, "model": "pingpong.knownplayer", "fields": {"search_surname": "Sencar", "club": "M. Sobota", "surname": "Sen\u010dar", "name": "Marjan", "search_name": "Marjan"}}, {"pk": 189, "model": "pingpong.knownplayer", "fields": {"search_surname": "Lisac", "club": "Ko\u010devje", "surname": "Lisac", "name": "Jani", "search_name": "Jani"}}, {"pk": 190, "model": "pingpong.knownplayer", "fields": {"search_surname": "Maselj", "club": "Komenda", "surname": "Maselj", "name": "Bojan", "search_name": "Bojan"}}, {"pk": 191, "model": "pingpong.knownplayer", "fields": {"search_surname": "Zore", "club": "Komenda", "surname": "Zore", "name": "Lojze", "search_name": "Lojze"}}, {"pk": 192, "model": "pingpong.knownplayer", "fields": {"search_surname": "Fijavz", "club": "M. Sobota", "surname": "Fijav\u017e", "name": "Darko", "search_name": "Darko"}}, {"pk": 193, "model": "pingpong.knownplayer", "fields": {"search_surname": "Gunther", "club": "Ravne", "surname": "G\u00fcnther", "name": "Erih", "search_name": "Erih"}}, {"pk": 194, "model": "pingpong.knownplayer", "fields": {"search_surname": "Jelusic", "club": "Ribnica", "surname": "Jelu\u0161i\u010d", "name": "Josip", "search_name": "Josip"}}, {"pk": 195, "model": "pingpong.knownplayer", "fields": {"search_surname": "Rus", "club": "Ribnica", "surname": "Rus", "name": "Janez", "search_name": "Janez"}}, {"pk": 196, "model": "pingpong.knownplayer", "fields": {"search_surname": "Vancic", "club": "Ribnica", "surname": "Van\u010di\u010d", "name": "Igor", "search_name": "Igor"}}, {"pk": 197, "model": "pingpong.knownplayer", "fields": {"search_surname": "Pugelj", "club": "Ribnica", "surname": "Pugelj", "name": "Janez", "search_name": "Janez"}}, {"pk": 198, "model": "pingpong.knownplayer", "fields": {"search_surname": "Strnisnik", "club": "Dom\u017eale", "surname": "Strni\u0161nik", "name": "Franc", "search_name": "Franc"}}, {"pk": 199, "model": "pingpong.knownplayer", "fields": {"search_surname": "Makovec", "club": "\u017diri", "surname": "Makovec", "name": "Darko", "search_name": "Darko"}}, {"pk": 200, "model": "pingpong.knownplayer", "fields": {"search_surname": "Cikojevic", "club": "", "surname": "\u010cikojevi\u010d", "name": "Nedeljko", "search_name": "Nedeljko"}}, {"pk": 201, "model": "pingpong.knownplayer", "fields": {"search_surname": "Pirc", "club": "", "surname": "Pirc", "name": "Du\u0161an", "search_name": "Dusan"}}, {"pk": 202, "model": "pingpong.knownplayer", "fields": {"search_surname": "Glisic", "club": "Bohinj", "surname": "Gli\u0161i\u010d", "name": "Matja\u017e", "search_name": "Matjaz"}}, {"pk": 203, "model": "pingpong.knownplayer", "fields": {"search_surname": "Vincec", "club": "", "surname": "Vin\u010dec", "name": "Igor", "search_name": "Igor"}}, {"pk": 204, "model": "pingpong.knownplayer", "fields": {"search_surname": "Nadoh", "club": "Postojna", "surname": "Nadoh", "name": "Iztok", "search_name": "Iztok"}}, {"pk": 205, "model": "pingpong.knownplayer", "fields": {"search_surname": "Supanic", "club": "LJ", "surname": "Supani\u010d", "name": "Bojan", "search_name": "Bojan"}}, {"pk": 206, "model": "pingpong.knownplayer", "fields": {"search_surname": "Vodopivec", "club": "Ajdov\u0161\u010dina", "surname": "Vodopivec", "name": "Boris", "search_name": "Boris"}}, {"pk": 207, "model": "pingpong.knownplayer", "fields": {"search_surname": "Duric", "club": "Kamnik", "surname": "\u0110uri\u010d", "name": "\u017deljko", "search_name": "Zeljko"}}, {"pk": 208, "model": "pingpong.knownplayer", "fields": {"search_surname": "Marun", "club": "Sti\u010dna", "surname": "Marun", "name": "Nader", "search_name": "Nader"}}, {"pk": 209, "model": "pingpong.knownplayer", "fields": {"search_surname": "Klenovsek", "club": "Hrastnik", "surname": "Klenov\u0161ek", "name": "Jurij", "search_name": "Jurij"}}, {"pk": 210, "model": "pingpong.knownplayer", "fields": {"search_surname": "Kosir", "club": "Kamna Gorica", "surname": "Ko\u0161ir", "name": "Janez", "search_name": "Janez"}}, {"pk": 211, "model": "pingpong.knownplayer", "fields": {"search_surname": "Vida", "club": "Bohinj", "surname": "Vida", "name": "Sre\u010do", "search_name": "Sreco"}}, {"pk": 212, "model": "pingpong.knownplayer", "fields": {"search_surname": "Arh", "club": "Bohinj", "surname": "Arh", "name": "Pavel", "search_name": "Pavel"}}, {"pk": 213, "model": "pingpong.knownplayer", "fields": {"search_surname": "Stor", "club": "Celje", "surname": "\u0160tor", "name": "Gorazd", "search_name": "Gorazd"}}, {"pk": 214, "model": "pingpong.knownplayer", "fields": {"search_surname": "Trbovc", "club": "Celje", "surname": "Trbovc", "name": "Drago", "search_name": "Drago"}}, {"pk": 215, "model": "pingpong.knownplayer", "fields": {"search_surname": "Vodusek", "club": "Kranj", "surname": "Vodu\u0161ek", "name": "Fredi", "search_name": "Fredi"}}, {"pk": 216, "model": "pingpong.knownplayer", "fields": {"search_surname": "Tasic", "club": "Celje", "surname": "Tasi\u010d", "name": "Milan", "search_name": "Milan"}}, {"pk": 217, "model": "pingpong.knownplayer", "fields": {"search_surname": "Dezelak", "club": "", "surname": "De\u017eelak", "name": "Vladimir", "search_name": "Vladimir"}}, {"pk": 218, "model": "pingpong.knownplayer", "fields": {"search_surname": "Cargo", "club": "NG", "surname": "\u010cargo", "name": "Zdenko", "search_name": "Zdenko"}}, {"pk": 219, "model": "pingpong.knownplayer", "fields": {"search_surname": "Govednik", "club": "Metlika", "surname": "Govednik", "name": "Boris", "search_name": "Boris"}}, {"pk": 220, "model": "pingpong.knownplayer", "fields": {"search_surname": "Skoberne", "club": "Celje", "surname": "\u0160koberne", "name": "Boris", "search_name": "Boris"}}, {"pk": 221, "model": "pingpong.knownplayer", "fields": {"search_surname": "Kozjek", "club": "Kranj", "surname": "Kozjek", "name": "Ciril", "search_name": "Ciril"}}, {"pk": 222, "model": "pingpong.knownplayer", "fields": {"search_surname": "Rakovec", "club": "Kranj", "surname": "Rakovec", "name": "Brane", "search_name": "Brane"}}, {"pk": 223, "model": "pingpong.knownplayer", "fields": {"search_surname": "Zbasnik", "club": "Ribnica", "surname": "Zba\u0161nik", "name": "Jo\u017ee", "search_name": "Joze"}}, {"pk": 224, "model": "pingpong.knownplayer", "fields": {"search_surname": "Pretnar", "club": "", "surname": "Pretnar", "name": "Vinko", "search_name": "Vinko"}}, {"pk": 225, "model": "pingpong.knownplayer", "fields": {"search_surname": "Torkar", "club": "Bled", "surname": "Torkar", "name": "Miha", "search_name": "Miha"}}, {"pk": 226, "model": "pingpong.knownplayer", "fields": {"search_surname": "Varl", "club": "", "surname": "Varl", "name": "Igor", "search_name": "Igor"}}, {"pk": 227, "model": "pingpong.knownplayer", "fields": {"search_surname": "Kenic", "club": "Postojna", "surname": "Keni\u010d", "name": "Ivan", "search_name": "Ivan"}}, {"pk": 228, "model": "pingpong.knownplayer", "fields": {"search_surname": "Glazar", "club": "Prestranek", "surname": "Gla\u017ear", "name": "Stane", "search_name": "Stane"}}, {"pk": 229, "model": "pingpong.knownplayer", "fields": {"search_surname": "Semrov", "club": "", "surname": "\u0160emrov", "name": "Miro", "search_name": "Miro"}}, {"pk": 230, "model": "pingpong.knownplayer", "fields": {"search_surname": "Muzik", "club": "", "surname": "Muzik", "name": "Janez", "search_name": "Janez"}}, {"pk": 231, "model": "pingpong.knownplayer", "fields": {"search_surname": "Kunstelj", "club": "", "surname": "Kunstelj", "name": "\u0160tefan", "search_name": "Stefan"}}, {"pk": 232, "model": "pingpong.knownplayer", "fields": {"search_surname": "Klosternik", "club": "", "surname": "Klosternik", "name": "Ivan", "search_name": "Ivan"}}, {"pk": 233, "model": "pingpong.knownplayer", "fields": {"search_surname": "Hafner", "club": "", "surname": "Hafner", "name": "Jo\u017ee", "search_name": "Joze"}}, {"pk": 234, "model": "pingpong.knownplayer", "fields": {"search_surname": "Burger", "club": "", "surname": "Burger", "name": "Maks", "search_name": "Maks"}}, {"pk": 235, "model": "pingpong.knownplayer", "fields": {"search_surname": "Stropnik", "club": "Celje", "surname": "Stropnik", "name": "Robert", "search_name": "Robert"}}, {"pk": 236, "model": "pingpong.knownplayer", "fields": {"search_surname": "Bergoc", "club": "Postojna", "surname": "Bergo\u010d", "name": "Dario", "search_name": "Dario"}}, {"pk": 237, "model": "pingpong.knownplayer", "fields": {"search_surname": "Hafner", "club": "", "surname": "Hafner", "name": "Ivan", "search_name": "Ivan"}}, {"pk": 238, "model": "pingpong.knownplayer", "fields": {"search_surname": "Simic", "club": "", "surname": "Simi\u010d", "name": "Radovan", "search_name": "Radovan"}}, {"pk": 239, "model": "pingpong.knownplayer", "fields": {"search_surname": "Markic", "club": "", "surname": "Marki\u010d", "name": "Ciril", "search_name": "Ciril"}}, {"pk": 240, "model": "pingpong.knownplayer", "fields": {"search_surname": "Pancur", "club": "Tr\u017ei\u010d", "surname": "Pan\u010dur", "name": "Rado", "search_name": "Rado"}}, {"pk": 241, "model": "pingpong.knownplayer", "fields": {"search_surname": "Jancic", "club": "Jesenice", "surname": "Jan\u010di\u010d", "name": "Barbara", "search_name": "Barbara"}}, {"pk": 242, "model": "pingpong.knownplayer", "fields": {"search_surname": "Smolej", "club": "Jesenice", "surname": "Smolej", "name": "Mojca", "search_name": "Mojca"}}, {"pk": 243, "model": "pingpong.knownplayer", "fields": {"search_surname": "Lebaric", "club": "Ravne", "surname": "Lebari\u010d", "name": "Janja", "search_name": "Janja"}}, {"pk": 244, "model": "pingpong.knownplayer", "fields": {"search_surname": "Zidar Zupan", "club": "vl", "surname": "Zidar Zupan", "name": "Alenka", "search_name": "Alenka"}}, {"pk": 245, "model": "pingpong.knownplayer", "fields": {"search_surname": "Lesnik", "club": "", "surname": "Lesnik", "name": "Doris", "search_name": "Doris"}}, {"pk": 246, "model": "pingpong.knownplayer", "fields": {"search_surname": "Komovec", "club": "MB", "surname": "Komovec", "name": "Martina", "search_name": "Martina"}}, {"pk": 247, "model": "pingpong.knownplayer", "fields": {"search_surname": "Krmelj", "club": "Jesenice", "surname": "Krmelj", "name": "Milana", "search_name": "Milana"}}, {"pk": 248, "model": "pingpong.knownplayer", "fields": {"search_surname": "Prezelj", "club": "", "surname": "Prezelj", "name": "\u017diva", "search_name": "Ziva"}}, {"pk": 249, "model": "pingpong.knownplayer", "fields": {"search_surname": "Mlinar", "club": "\u017diri", "surname": "Mlinar", "name": "Vida", "search_name": "Vida"}}, {"pk": 250, "model": "pingpong.knownplayer", "fields": {"search_surname": "Sebjanic Pupis", "club": "", "surname": "\u0160ebjani\u010d Pupis", "name": "Jasna", "search_name": "Jasna"}}, {"pk": 251, "model": "pingpong.knownplayer", "fields": {"search_surname": "Gradisnik", "club": "", "surname": "Gradi\u0161nik", "name": "Sonja", "search_name": "Sonja"}}, {"pk": 252, "model": "pingpong.knownplayer", "fields": {"search_surname": "Stankovic", "club": "LJ", "surname": "Stankovi\u010d", "name": "Dragutin", "search_name": "Dragutin"}}, {"pk": 253, "model": "pingpong.knownplayer", "fields": {"search_surname": "Hajdarovic", "club": "", "surname": "Hajdarovi\u010d", "name": "Miha", "search_name": "Miha"}}, {"pk": 254, "model": "pingpong.knownplayer", "fields": {"search_surname": "Pogacar", "club": "", "surname": "Poga\u010dar", "name": "Jo\u017ee", "search_name": "Joze"}}, {"pk": 255, "model": "pingpong.knownplayer", "fields": {"search_surname": "Vahcic", "club": "", "surname": "Vah\u010di\u010d", "name": "Jo\u017ee", "search_name": "Joze"}}, {"pk": 256, "model": "pingpong.knownplayer", "fields": {"search_surname": "Vizjak", "club": "", "surname": "Vizjak", "name": "Darijan", "search_name": "Darijan"}}, {"pk": 257, "model": "pingpong.knownplayer", "fields": {"search_surname": "Vodlan", "club": "Trbovlje", "surname": "Vodlan", "name": "Jo\u017ee", "search_name": "Joze"}}, {"pk": 258, "model": "pingpong.knownplayer", "fields": {"search_surname": "Meza", "club": "", "surname": "Me\u017ea", "name": "Bo\u017ea", "search_name": "Boza"}}, {"pk": 259, "model": "pingpong.knownplayer", "fields": {"search_surname": "Klosternik", "club": "", "surname": "Klosternik", "name": "Irena", "search_name": "Irena"}}, {"pk": 260, "model": "pingpong.knownplayer", "fields": {"search_surname": "Lapanja", "club": "", "surname": "Lapanja", "name": "Dragica", "search_name": "Dragica"}}, {"pk": 33, "model": "pingpong.knownclub", "fields": {"name": "Ajdov\u0161\u010dina", "search_name": "Ajdovscina"}}, {"pk": 34, "model": "pingpong.knownclub", "fields": {"name": "Bled", "search_name": "Bled"}}, {"pk": 35, "model": "pingpong.knownclub", "fields": {"name": "Bohinj", "search_name": "Bohinj"}}, {"pk": 36, "model": "pingpong.knownclub", "fields": {"name": "Celje", "search_name": "Celje"}}, {"pk": 37, "model": "pingpong.knownclub", "fields": {"name": "Dom\u017eale", "search_name": "Domzale"}}, {"pk": 38, "model": "pingpong.knownclub", "fields": {"name": "Hrastnik", "search_name": "Hrastnik"}}, {"pk": 39, "model": "pingpong.knownclub", "fields": {"name": "Jesenice", "search_name": "Jesenice"}}, {"pk": 40, "model": "pingpong.knownclub", "fields": {"name": "Kamna Gorica", "search_name": "Kamna Gorica"}}, {"pk": 41, "model": "pingpong.knownclub", "fields": {"name": "Kamnik", "search_name": "Kamnik"}}, {"pk": 42, "model": "pingpong.knownclub", "fields": {"name": "Komenda", "search_name": "Komenda"}}, {"pk": 43, "model": "pingpong.knownclub", "fields": {"name": "Ko\u010devje", "search_name": "Kocevje"}}, {"pk": 44, "model": "pingpong.knownclub", "fields": {"name": "Kranj", "search_name": "Kranj"}}, {"pk": 45, "model": "pingpong.knownclub", "fields": {"name": "LJ", "search_name": "LJ"}}, {"pk": 46, "model": "pingpong.knownclub", "fields": {"name": "M. Sobota", "search_name": "M. Sobota"}}, {"pk": 47, "model": "pingpong.knownclub", "fields": {"name": "MB", "search_name": "MB"}}, {"pk": 48, "model": "pingpong.knownclub", "fields": {"name": "Metlika", "search_name": "Metlika"}}, {"pk": 49, "model": "pingpong.knownclub", "fields": {"name": "NG", "search_name": "NG"}}, {"pk": 50, "model": "pingpong.knownclub", "fields": {"name": "Podnart", "search_name": "Podnart"}}, {"pk": 51, "model": "pingpong.knownclub", "fields": {"name": "Postojna", "search_name": "Postojna"}}, {"pk": 52, "model": "pingpong.knownclub", "fields": {"name": "Prestranek", "search_name": "Prestranek"}}, {"pk": 53, "model": "pingpong.knownclub", "fields": {"name": "Ravne", "search_name": "Ravne"}}, {"pk": 54, "model": "pingpong.knownclub", "fields": {"name": "Ribnica", "search_name": "Ribnica"}}, {"pk": 55, "model": "pingpong.knownclub", "fields": {"name": "Sp. Dobrava", "search_name": "Sp. Dobrava"}}, {"pk": 56, "model": "pingpong.knownclub", "fields": {"name": "Sti\u010dna", "search_name": "Sticna"}}, {"pk": 57, "model": "pingpong.knownclub", "fields": {"name": "Trbovlje", "search_name": "Trbovlje"}}, {"pk": 58, "model": "pingpong.knownclub", "fields": {"name": "Tr\u017ei\u010d", "search_name": "Trzic"}}, {"pk": 59, "model": "pingpong.knownclub", "fields": {"name": "grosuplje", "search_name": "grosuplje"}}, {"pk": 60, "model": "pingpong.knownclub", "fields": {"name": "ko\u010devje", "search_name": "kocevje"}}, {"pk": 61, "model": "pingpong.knownclub", "fields": {"name": "sodra\u017eica", "search_name": "sodrazica"}}, {"pk": 62, "model": "pingpong.knownclub", "fields": {"name": "vl", "search_name": "vl"}}, {"pk": 63, "model": "pingpong.knownclub", "fields": {"name": "\u017diri", "search_name": "Ziri"}}, {"pk": 1, "model": "pingpong.bracket", "fields": {"category": 1, "levels": 3, "name": "WINNERS", "description": ""}}, {"pk": 2, "model": "pingpong.bracket", "fields": {"category": 1, "levels": 3, "name": "SOOTHERS", "description": ""}}, {"pk": 3, "model": "pingpong.bracket", "fields": {"category": 2, "levels": 4, "name": "WINNERS", "description": ""}}, {"pk": 4, "model": "pingpong.bracket", "fields": {"category": 2, "levels": 3, "name": "SOOTHERS", "description": ""}}, {"pk": 5, "model": "pingpong.bracket", "fields": {"category": 3, "levels": 4, "name": "WINNERS", "description": ""}}, {"pk": 6, "model": "pingpong.bracket", "fields": {"category": 3, "levels": 4, "name": "SOOTHERS", "description": ""}}, {"pk": 7, "model": "pingpong.bracket", "fields": {"category": 4, "levels": 4, "name": "WINNERS", "description": ""}}, {"pk": 8, "model": "pingpong.bracket", "fields": {"category": 4, "levels": 4, "name": "SOOTHERS", "description": ""}}, {"pk": 21, "model": "pingpong.bracket", "fields": {"category": 8, "levels": 3, "name": "WINNERS", "description": ""}}, {"pk": 22, "model": "pingpong.bracket", "fields": {"category": 8, "levels": 2, "name": "SOOTHERS", "description": ""}}, {"pk": 23, "model": "pingpong.bracket", "fields": {"category": 9, "levels": 4, "name": "DOUBLES", "description": ""}}, {"pk": 25, "model": "pingpong.bracket", "fields": {"category": 10, "levels": 5, "name": "DOUBLES", "description": ""}}, {"pk": 26, "model": "pingpong.bracket", "fields": {"category": 11, "levels": 4, "name": "DOUBLES", "description": ""}}, {"pk": 1, "model": "pingpong.bracketslot", "fields": {"status": 2, "match_end": null, "score": null, "level": 0, "match_start": null, "no_player": false, "player": 52, "bracket": 1, "winner_goes_to": null, "loser_goes_to": null, "table": null}}, {"pk": 2, "model": "pingpong.bracketslot", "fields": {"status": 2, "match_end": "2015-01-31T12:06:40.699Z", "score": 0, "level": 1, "match_start": null, "no_player": false, "player": 4, "bracket": 1, "winner_goes_to": 1, "loser_goes_to": null, "table": null}}, {"pk": 3, "model": "pingpong.bracketslot", "fields": {"status": 2, "match_end": "2015-01-31T11:38:59.072Z", "score": 1, "level": 2, "match_start": null, "no_player": false, "player": 53, "bracket": 1, "winner_goes_to": 2, "loser_goes_to": null, "table": null}}, {"pk": 4, "model": "pingpong.bracketslot", "fields": {"status": 2, "match_end": "2015-01-31T11:38:59.083Z", "score": 3, "level": 2, "match_start": null, "no_player": false, "player": 4, "bracket": 1, "winner_goes_to": 2, "loser_goes_to": null, "table": null}}, {"pk": 5, "model": "pingpong.bracketslot", "fields": {"status": 2, "match_end": "2015-01-31T12:06:40.708Z", "score": 3, "level": 1, "match_start": null, "no_player": false, "player": 52, "bracket": 1, "winner_goes_to": 1, "loser_goes_to": null, "table": null}}, {"pk": 6, "model": "pingpong.bracketslot", "fields": {"status": 2, "match_end": "2015-01-31T11:25:28.941Z", "score": 3, "level": 2, "match_start": null, "no_player": false, "player": 52, "bracket": 1, "winner_goes_to": 5, "loser_goes_to": null, "table": null}}, {"pk": 7, "model": "pingpong.bracketslot", "fields": {"status": 2, "match_end": "2015-01-31T11:25:28.950Z", "score": 0, "level": 2, "match_start": null, "no_player": false, "player": 1, "bracket": 1, "winner_goes_to": 5, "loser_goes_to": null, "table": null}}, {"pk": 8, "model": "pingpong.bracketslot", "fields": {"status": 2, "match_end": null, "score": null, "level": 0, "match_start": null, "no_player": false, "player": 3, "bracket": 2, "winner_goes_to": null, "loser_goes_to": null, "table": null}}, {"pk": 9, "model": "pingpong.bracketslot", "fields": {"status": 2, "match_end": "2015-01-31T11:47:47.685Z", "score": 2, "level": 1, "match_start": null, "no_player": false, "player": 2, "bracket": 2, "winner_goes_to": 8, "loser_goes_to": null, "table": null}}, {"pk": 10, "model": "pingpong.bracketslot", "fields": {"status": 2, "match_end": "2015-01-31T11:09:38.468Z", "score": 0, "level": 2, "match_start": null, "no_player": false, "player": 5, "bracket": 2, "winner_goes_to": 9, "loser_goes_to": null, "table": null}}, {"pk": 11, "model": "pingpong.bracketslot", "fields": {"status": 2, "match_end": "2015-01-31T11:09:38.475Z", "score": 3, "level": 2, "match_start": null, "no_player": false, "player": 2, "bracket": 2, "winner_goes_to": 9, "loser_goes_to": null, "table": null}}, {"pk": 12, "model": "pingpong.bracketslot", "fields": {"status": 2, "match_end": "2015-01-31T11:47:47.694Z", "score": 3, "level": 1, "match_start": null, "no_player": false, "player": 3, "bracket": 2, "winner_goes_to": 8, "loser_goes_to": null, "table": null}}, {"pk": 13, "model": "pingpong.bracketslot", "fields": {"status": 2, "match_end": "2015-01-31T11:15:03.508Z", "score": 1, "level": 2, "match_start": null, "no_player": false, "player": 54, "bracket": 2, "winner_goes_to": 12, "loser_goes_to": null, "table": null}}, {"pk": 14, "model": "pingpong.bracketslot", "fields": {"status": 2, "match_end": "2015-01-31T11:15:03.517Z", "score": 3, "level": 2, "match_start": null, "no_player": false, "player": 3, "bracket": 2, "winner_goes_to": 12, "loser_goes_to": null, "table": null}}, {"pk": 15, "model": "pingpong.bracketslot", "fields": {"status": 2, "match_end": null, "score": null, "level": 0, "match_start": null, "no_player": false, "player": 47, "bracket": 3, "winner_goes_to": null, "loser_goes_to": null, "table": null}}, {"pk": 16, "model": "pingpong.bracketslot", "fields": {"status": 2, "match_end": "2015-01-31T12:57:57.763Z", "score": 3, "level": 1, "match_start": null, "no_player": false, "player": 47, "bracket": 3, "winner_goes_to": 15, "loser_goes_to": null, "table": null}}, {"pk": 17, "model": "pingpong.bracketslot", "fields": {"status": 2, "match_end": "2015-01-31T12:16:54.048Z", "score": 3, "level": 2, "match_start": null, "no_player": false, "player": 47, "bracket": 3, "winner_goes_to": 16, "loser_goes_to": null, "table": null}}, {"pk": 18, "model": "pingpong.bracketslot", "fields": {"status": 2, "match_end": "2015-01-31T10:22:16.987Z", "score": 3, "level": 3, "match_start": null, "no_player": false, "player": 47, "bracket": 3, "winner_goes_to": 17, "loser_goes_to": null, "table": null}}, {"pk": 19, "model": "pingpong.bracketslot", "fields": {"status": 2, "match_end": "2015-01-31T10:22:16.998Z", "score": 0, "level": 3, "match_start": null, "no_player": false, "player": 66, "bracket": 3, "winner_goes_to": 17, "loser_goes_to": null, "table": null}}, {"pk": 20, "model": "pingpong.bracketslot", "fields": {"status": 2, "match_end": "2015-01-31T12:16:54.057Z", "score": 1, "level": 2, "match_start": null, "no_player": false, "player": 46, "bracket": 3, "winner_goes_to": 16, "loser_goes_to": null, "table": null}}, {"pk": 21, "model": "pingpong.bracketslot", "fields": {"status": 2, "match_end": "2015-01-31T11:21:20.656Z", "score": 3, "level": 3, "match_start": null, "no_player": false, "player": 46, "bracket": 3, "winner_goes_to": 20, "loser_goes_to": null, "table": null}}, {"pk": 22, "model": "pingpong.bracketslot", "fields": {"status": 2, "match_end": "2015-01-31T11:21:20.666Z", "score": 1, "level": 3, "match_start": null, "no_player": false, "player": 51, "bracket": 3, "winner_goes_to": 20, "loser_goes_to": null, "table": null}}, {"pk": 23, "model": "pingpong.bracketslot", "fields": {"status": 2, "match_end": "2015-01-31T12:57:57.770Z", "score": 1, "level": 1, "match_start": null, "no_player": false, "player": 50, "bracket": 3, "winner_goes_to": 15, "loser_goes_to": null, "table": null}}, {"pk": 24, "model": "pingpong.bracketslot", "fields": {"status": 2, "match_end": "2015-01-31T12:13:54.323Z", "score": 1, "level": 2, "match_start": null, "no_player": false, "player": 45, "bracket": 3, "winner_goes_to": 23, "loser_goes_to": null, "table": null}}, {"pk": 25, "model": "pingpong.bracketslot", "fields": {"status": 2, "match_end": "2015-01-31T10:52:50.645Z", "score": 3, "level": 3, "match_start": null, "no_player": false, "player": 45, "bracket": 3, "winner_goes_to": 24, "loser_goes_to": null, "table": null}}, {"pk": 26, "model": "pingpong.bracketslot", "fields": {"status": 2, "match_end": "2015-01-31T10:52:50.654Z", "score": 1, "level": 3, "match_start": null, "no_player": false, "player": 43, "bracket": 3, "winner_goes_to": 24, "loser_goes_to": null, "table": null}}, {"pk": 27, "model": "pingpong.bracketslot", "fields": {"status": 2, "match_end": "2015-01-31T12:13:54.333Z", "score": 3, "level": 2, "match_start": null, "no_player": false, "player": 50, "bracket": 3, "winner_goes_to": 23, "loser_goes_to": null, "table": null}}, {"pk": 28, "model": "pingpong.bracketslot", "fields": {"status": 2, "match_end": "2015-01-31T10:53:54.558Z", "score": 0, "level": 3, "match_start": null, "no_player": false, "player": 44, "bracket": 3, "winner_goes_to": 27, "loser_goes_to": null, "table": null}}, {"pk": 29, "model": "pingpong.bracketslot", "fields": {"status": 2, "match_end": "2015-01-31T10:53:54.569Z", "score": 3, "level": 3, "match_start": null, "no_player": false, "player": 50, "bracket": 3, "winner_goes_to": 27, "loser_goes_to": null, "table": null}}, {"pk": 30, "model": "pingpong.bracketslot", "fields": {"status": 2, "match_end": null, "score": null, "level": 0, "match_start": null, "no_player": false, "player": 48, "bracket": 4, "winner_goes_to": null, "loser_goes_to": null, "table": null}}, {"pk": 31, "model": "pingpong.bracketslot", "fields": {"status": 2, "match_end": "2015-01-31T11:29:35.052Z", "score": 3, "level": 1, "match_start": null, "no_player": false, "player": 48, "bracket": 4, "winner_goes_to": 30, "loser_goes_to": null, "table": null}}, {"pk": 32, "model": "pingpong.bracketslot", "fields": {"status": 2, "match_end": "2015-01-31T10:51:53.522Z", "score": 0, "level": 2, "match_start": null, "no_player": false, "player": 41, "bracket": 4, "winner_goes_to": 31, "loser_goes_to": null, "table": null}}, {"pk": 33, "model": "pingpong.bracketslot", "fields": {"status": 2, "match_end": "2015-01-31T10:51:53.532Z", "score": 3, "level": 2, "match_start": null, "no_player": false, "player": 48, "bracket": 4, "winner_goes_to": 31, "loser_goes_to": null, "table": null}}, {"pk": 34, "model": "pingpong.bracketslot", "fields": {"status": 2, "match_end": "2015-01-31T11:29:35.062Z", "score": 0, "level": 1, "match_start": null, "no_player": false, "player": 42, "bracket": 4, "winner_goes_to": 30, "loser_goes_to": null, "table": null}}, {"pk": 35, "model": "pingpong.bracketslot", "fields": {"status": 2, "match_end": "2015-01-31T10:59:04.200Z", "score": 1, "level": 2, "match_start": null, "no_player": false, "player": 49, "bracket": 4, "winner_goes_to": 34, "loser_goes_to": null, "table": null}}, {"pk": 36, "model": "pingpong.bracketslot", "fields": {"status": 2, "match_end": "2015-01-31T10:59:04.209Z", "score": 3, "level": 2, "match_start": null, "no_player": false, "player": 42, "bracket": 4, "winner_goes_to": 34, "loser_goes_to": null, "table": null}}, {"pk": 37, "model": "pingpong.bracketslot", "fields": {"status": 2, "match_end": null, "score": null, "level": 0, "match_start": null, "no_player": false, "player": 35, "bracket": 5, "winner_goes_to": null, "loser_goes_to": null, "table": null}}, {"pk": 38, "model": "pingpong.bracketslot", "fields": {"status": 2, "match_end": "2015-01-31T13:48:07.026Z", "score": 1, "level": 1, "match_start": null, "no_player": false, "player": 31, "bracket": 5, "winner_goes_to": 37, "loser_goes_to": null, "table": null}}, {"pk": 39, "model": "pingpong.bracketslot", "fields": {"status": 2, "match_end": "2015-01-31T12:59:20.858Z", "score": 2, "level": 2, "match_start": null, "no_player": false, "player": 6, "bracket": 5, "winner_goes_to": 38, "loser_goes_to": null, "table": null}}, {"pk": 40, "model": "pingpong.bracketslot", "fields": {"status": 2, "match_end": "2015-01-31T11:43:36.646Z", "score": 3, "level": 3, "match_start": null, "no_player": false, "player": 6, "bracket": 5, "winner_goes_to": 39, "loser_goes_to": null, "table": null}}, {"pk": 41, "model": "pingpong.bracketslot", "fields": {"status": 2, "match_end": "2015-01-31T11:43:36.655Z", "score": 1, "level": 3, "match_start": null, "no_player": false, "player": 36, "bracket": 5, "winner_goes_to": 39, "loser_goes_to": null, "table": null}}, {"pk": 42, "model": "pingpong.bracketslot", "fields": {"status": 2, "match_end": "2015-01-31T12:59:20.868Z", "score": 3, "level": 2, "match_start": null, "no_player": false, "player": 31, "bracket": 5, "winner_goes_to": 38, "loser_goes_to": null, "table": null}}, {"pk": 43, "model": "pingpong.bracketslot", "fields": {"status": 2, "match_end": "2015-01-31T12:21:50.289Z", "score": 1, "level": 3, "match_start": null, "no_player": false, "player": 30, "bracket": 5, "winner_goes_to": 42, "loser_goes_to": null, "table": null}}, {"pk": 44, "model": "pingpong.bracketslot", "fields": {"status": 2, "match_end": "2015-01-31T12:21:50.298Z", "score": 3, "level": 3, "match_start": null, "no_player": false, "player": 31, "bracket": 5, "winner_goes_to": 42, "loser_goes_to": null, "table": null}}, {"pk": 45, "model": "pingpong.bracketslot", "fields": {"status": 2, "match_end": "2015-01-31T13:48:07.036Z", "score": 3, "level": 1, "match_start": null, "no_player": false, "player": 35, "bracket": 5, "winner_goes_to": 37, "loser_goes_to": null, "table": null}}, {"pk": 46, "model": "pingpong.bracketslot", "fields": {"status": 2, "match_end": "2015-01-31T12:56:29.734Z", "score": 1, "level": 2, "match_start": null, "no_player": false, "player": 40, "bracket": 5, "winner_goes_to": 45, "loser_goes_to": null, "table": null}}, {"pk": 47, "model": "pingpong.bracketslot", "fields": {"status": 2, "match_end": "2015-01-31T11:56:37.126Z", "score": 3, "level": 3, "match_start": null, "no_player": false, "player": 40, "bracket": 5, "winner_goes_to": 46, "loser_goes_to": null, "table": null}}, {"pk": 48, "model": "pingpong.bracketslot", "fields": {"status": 2, "match_end": "2015-01-31T11:56:37.136Z", "score": 1, "level": 3, "match_start": null, "no_player": false, "player": 29, "bracket": 5, "winner_goes_to": 46, "loser_goes_to": null, "table": null}}, {"pk": 49, "model": "pingpong.bracketslot", "fields": {"status": 2, "match_end": "2015-01-31T12:56:29.743Z", "score": 3, "level": 2, "match_start": null, "no_player": false, "player": 35, "bracket": 5, "winner_goes_to": 45, "loser_goes_to": null, "table": null}}, {"pk": 50, "model": "pingpong.bracketslot", "fields": {"status": 2, "match_end": "2015-01-31T12:14:54.970Z", "score": 1, "level": 3, "match_start": null, "no_player": false, "player": 37, "bracket": 5, "winner_goes_to": 49, "loser_goes_to": null, "table": null}}, {"pk": 51, "model": "pingpong.bracketslot", "fields": {"status": 2, "match_end": "2015-01-31T12:14:54.982Z", "score": 3, "level": 3, "match_start": null, "no_player": false, "player": 35, "bracket": 5, "winner_goes_to": 49, "loser_goes_to": null, "table": null}}, {"pk": 52, "model": "pingpong.bracketslot", "fields": {"status": 2, "match_end": null, "score": null, "level": 0, "match_start": null, "no_player": false, "player": 32, "bracket": 6, "winner_goes_to": null, "loser_goes_to": null, "table": null}}, {"pk": 53, "model": "pingpong.bracketslot", "fields": {"status": 2, "match_end": "2015-01-31T13:09:54.382Z", "score": 0, "level": 1, "match_start": null, "no_player": false, "player": 39, "bracket": 6, "winner_goes_to": 52, "loser_goes_to": null, "table": null}}, {"pk": 54, "model": "pingpong.bracketslot", "fields": {"status": 2, "match_end": "2015-01-31T12:13:19.398Z", "score": 0, "level": 2, "match_start": null, "no_player": false, "player": 55, "bracket": 6, "winner_goes_to": 53, "loser_goes_to": null, "table": null}}, {"pk": 55, "model": "pingpong.bracketslot", "fields": {"status": 2, "match_end": "2015-01-31T11:40:48.599Z", "score": 3, "level": 3, "match_start": null, "no_player": false, "player": 55, "bracket": 6, "winner_goes_to": 54, "loser_goes_to": null, "table": null}}, {"pk": 56, "model": "pingpong.bracketslot", "fields": {"status": 2, "match_end": "2015-01-31T11:40:48.609Z", "score": 0, "level": 3, "match_start": null, "no_player": false, "player": 28, "bracket": 6, "winner_goes_to": 54, "loser_goes_to": null, "table": null}}, {"pk": 57, "model": "pingpong.bracketslot", "fields": {"status": 2, "match_end": "2015-01-31T12:13:19.408Z", "score": 3, "level": 2, "match_start": null, "no_player": false, "player": 39, "bracket": 6, "winner_goes_to": 53, "loser_goes_to": null, "table": null}}, {"pk": 58, "model": "pingpong.bracketslot", "fields": {"status": 2, "match_end": "2015-01-31T11:59:02.353Z", "score": 0, "level": 3, "match_start": null, "no_player": false, "player": 34, "bracket": 6, "winner_goes_to": 57, "loser_goes_to": null, "table": null}}, {"pk": 59, "model": "pingpong.bracketslot", "fields": {"status": 2, "match_end": "2015-01-31T11:59:02.361Z", "score": 3, "level": 3, "match_start": null, "no_player": false, "player": 39, "bracket": 6, "winner_goes_to": 57, "loser_goes_to": null, "table": null}}, {"pk": 60, "model": "pingpong.bracketslot", "fields": {"status": 2, "match_end": "2015-01-31T13:09:54.392Z", "score": 3, "level": 1, "match_start": null, "no_player": false, "player": 32, "bracket": 6, "winner_goes_to": 52, "loser_goes_to": null, "table": null}}, {"pk": 61, "model": "pingpong.bracketslot", "fields": {"status": 2, "match_end": "2015-01-31T12:48:09.885Z", "score": 3, "level": 2, "match_start": null, "no_player": false, "player": 32, "bracket": 6, "winner_goes_to": 60, "loser_goes_to": null, "table": null}}, {"pk": 62, "model": "pingpong.bracketslot", "fields": {"status": 2, "match_end": "2015-01-31T12:04:40.350Z", "score": 3, "level": 3, "match_start": null, "no_player": false, "player": 32, "bracket": 6, "winner_goes_to": 61, "loser_goes_to": null, "table": null}}, {"pk": 63, "model": "pingpong.bracketslot", "fields": {"status": 2, "match_end": "2015-01-31T12:04:40.356Z", "score": 1, "level": 3, "match_start": null, "no_player": false, "player": 38, "bracket": 6, "winner_goes_to": 61, "loser_goes_to": null, "table": null}}, {"pk": 64, "model": "pingpong.bracketslot", "fields": {"status": 2, "match_end": "2015-01-31T12:48:09.926Z", "score": 1, "level": 2, "match_start": null, "no_player": false, "player": 33, "bracket": 6, "winner_goes_to": 60, "loser_goes_to": null, "table": null}}, {"pk": 65, "model": "pingpong.bracketslot", "fields": {"status": 2, "match_end": "2015-01-31T12:11:11.938Z", "score": 0, "level": 3, "match_start": null, "no_player": false, "player": 8, "bracket": 6, "winner_goes_to": 64, "loser_goes_to": null, "table": null}}, {"pk": 66, "model": "pingpong.bracketslot", "fields": {"status": 2, "match_end": "2015-01-31T12:11:11.946Z", "score": 3, "level": 3, "match_start": null, "no_player": false, "player": 33, "bracket": 6, "winner_goes_to": 64, "loser_goes_to": null, "table": null}}, {"pk": 67, "model": "pingpong.bracketslot", "fields": {"status": 2, "match_end": null, "score": null, "level": 0, "match_start": null, "no_player": false, "player": 9, "bracket": 7, "winner_goes_to": null, "loser_goes_to": null, "table": null}}, {"pk": 68, "model": "pingpong.bracketslot", "fields": {"status": 2, "match_end": "2015-01-31T12:36:30.929Z", "score": 3, "level": 1, "match_start": null, "no_player": false, "player": 9, "bracket": 7, "winner_goes_to": 67, "loser_goes_to": null, "table": null}}, {"pk": 69, "model": "pingpong.bracketslot", "fields": {"status": 2, "match_end": "2015-01-31T11:46:11.361Z", "score": 3, "level": 2, "match_start": null, "no_player": false, "player": 9, "bracket": 7, "winner_goes_to": 68, "loser_goes_to": null, "table": null}}, {"pk": 70, "model": "pingpong.bracketslot", "fields": {"status": 2, "match_end": "2015-01-31T11:29:23.336Z", "score": 3, "level": 3, "match_start": null, "no_player": false, "player": 9, "bracket": 7, "winner_goes_to": 69, "loser_goes_to": null, "table": null}}, {"pk": 71, "model": "pingpong.bracketslot", "fields": {"status": 2, "match_end": "2015-01-31T11:29:23.348Z", "score": 0, "level": 3, "match_start": null, "no_player": false, "player": 11, "bracket": 7, "winner_goes_to": 69, "loser_goes_to": null, "table": null}}, {"pk": 72, "model": "pingpong.bracketslot", "fields": {"status": 2, "match_end": "2015-01-31T11:46:11.371Z", "score": 0, "level": 2, "match_start": null, "no_player": false, "player": 68, "bracket": 7, "winner_goes_to": 68, "loser_goes_to": null, "table": null}}, {"pk": 73, "model": "pingpong.bracketslot", "fields": {"status": 2, "match_end": "2015-01-31T11:13:20.522Z", "score": 0, "level": 3, "match_start": null, "no_player": false, "player": 18, "bracket": 7, "winner_goes_to": 72, "loser_goes_to": null, "table": null}}, {"pk": 74, "model": "pingpong.bracketslot", "fields": {"status": 2, "match_end": "2015-01-31T11:13:20.531Z", "score": 3, "level": 3, "match_start": null, "no_player": false, "player": 68, "bracket": 7, "winner_goes_to": 72, "loser_goes_to": null, "table": null}}, {"pk": 75, "model": "pingpong.bracketslot", "fields": {"status": 2, "match_end": "2015-01-31T12:36:30.938Z", "score": 1, "level": 1, "match_start": null, "no_player": false, "player": 19, "bracket": 7, "winner_goes_to": 67, "loser_goes_to": null, "table": null}}, {"pk": 76, "model": "pingpong.bracketslot", "fields": {"status": 2, "match_end": "2015-01-31T12:06:49.779Z", "score": 2, "level": 2, "match_start": null, "no_player": false, "player": 15, "bracket": 7, "winner_goes_to": 75, "loser_goes_to": null, "table": null}}, {"pk": 77, "model": "pingpong.bracketslot", "fields": {"status": 2, "match_end": "2015-01-31T11:32:42.083Z", "score": 3, "level": 3, "match_start": null, "no_player": false, "player": 15, "bracket": 7, "winner_goes_to": 76, "loser_goes_to": null, "table": null}}, {"pk": 78, "model": "pingpong.bracketslot", "fields": {"status": 2, "match_end": "2015-01-31T11:32:42.186Z", "score": 0, "level": 3, "match_start": null, "no_player": false, "player": 67, "bracket": 7, "winner_goes_to": 76, "loser_goes_to": null, "table": null}}, {"pk": 79, "model": "pingpong.bracketslot", "fields": {"status": 2, "match_end": "2015-01-31T12:06:49.788Z", "score": 3, "level": 2, "match_start": null, "no_player": false, "player": 19, "bracket": 7, "winner_goes_to": 75, "loser_goes_to": null, "table": null}}, {"pk": 80, "model": "pingpong.bracketslot", "fields": {"status": 2, "match_end": "2015-01-31T11:10:28.406Z", "score": 0, "level": 3, "match_start": null, "no_player": false, "player": 17, "bracket": 7, "winner_goes_to": 79, "loser_goes_to": null, "table": null}}, {"pk": 81, "model": "pingpong.bracketslot", "fields": {"status": 2, "match_end": "2015-01-31T11:10:28.415Z", "score": 3, "level": 3, "match_start": null, "no_player": false, "player": 19, "bracket": 7, "winner_goes_to": 79, "loser_goes_to": null, "table": null}}, {"pk": 82, "model": "pingpong.bracketslot", "fields": {"status": 2, "match_end": null, "score": null, "level": 0, "match_start": null, "no_player": false, "player": 16, "bracket": 8, "winner_goes_to": null, "loser_goes_to": null, "table": null}}, {"pk": 83, "model": "pingpong.bracketslot", "fields": {"status": 2, "match_end": "2015-01-31T12:17:05.346Z", "score": 0, "level": 1, "match_start": null, "no_player": false, "player": 13, "bracket": 8, "winner_goes_to": 82, "loser_goes_to": null, "table": null}}, {"pk": 84, "model": "pingpong.bracketslot", "fields": {"status": 2, "match_end": "2015-01-31T10:50:25.263Z", "score": 0, "level": 2, "match_start": null, "no_player": false, "player": 12, "bracket": 8, "winner_goes_to": 83, "loser_goes_to": null, "table": null}}, {"pk": 85, "model": "pingpong.bracketslot", "fields": {"status": 0, "match_end": null, "score": null, "level": 3, "match_start": null, "no_player": false, "player": 12, "bracket": 8, "winner_goes_to": 84, "loser_goes_to": null, "table": null}}, {"pk": 86, "model": "pingpong.bracketslot", "fields": {"status": 0, "match_end": null, "score": null, "level": 3, "match_start": null, "no_player": true, "player": null, "bracket": 8, "winner_goes_to": 84, "loser_goes_to": null, "table": null}}, {"pk": 87, "model": "pingpong.bracketslot", "fields": {"status": 2, "match_end": "2015-01-31T10:50:25.272Z", "score": 3, "level": 2, "match_start": null, "no_player": false, "player": 13, "bracket": 8, "winner_goes_to": 83, "loser_goes_to": null, "table": null}}, {"pk": 88, "model": "pingpong.bracketslot", "fields": {"status": 0, "match_end": null, "score": null, "level": 3, "match_start": null, "no_player": true, "player": null, "bracket": 8, "winner_goes_to": 87, "loser_goes_to": null, "table": null}}, {"pk": 89, "model": "pingpong.bracketslot", "fields": {"status": 0, "match_end": null, "score": null, "level": 3, "match_start": null, "no_player": false, "player": 13, "bracket": 8, "winner_goes_to": 87, "loser_goes_to": null, "table": null}}, {"pk": 90, "model": "pingpong.bracketslot", "fields": {"status": 2, "match_end": "2015-01-31T12:17:05.357Z", "score": 3, "level": 1, "match_start": null, "no_player": false, "player": 16, "bracket": 8, "winner_goes_to": 82, "loser_goes_to": null, "table": null}}, {"pk": 91, "model": "pingpong.bracketslot", "fields": {"status": 2, "match_end": "2015-01-31T12:04:39.648Z", "score": 3, "level": 2, "match_start": null, "no_player": false, "player": 16, "bracket": 8, "winner_goes_to": 90, "loser_goes_to": null, "table": null}}, {"pk": 92, "model": "pingpong.bracketslot", "fields": {"status": 2, "match_end": "2015-01-31T11:31:33.393Z", "score": 3, "level": 3, "match_start": null, "no_player": false, "player": 16, "bracket": 8, "winner_goes_to": 91, "loser_goes_to": null, "table": null}}, {"pk": 93, "model": "pingpong.bracketslot", "fields": {"status": 2, "match_end": "2015-01-31T11:31:33.402Z", "score": 0, "level": 3, "match_start": null, "no_player": false, "player": 10, "bracket": 8, "winner_goes_to": 91, "loser_goes_to": null, "table": null}}, {"pk": 94, "model": "pingpong.bracketslot", "fields": {"status": 2, "match_end": "2015-01-31T12:04:39.658Z", "score": 1, "level": 2, "match_start": null, "no_player": false, "player": 14, "bracket": 8, "winner_goes_to": 90, "loser_goes_to": null, "table": null}}, {"pk": 95, "model": "pingpong.bracketslot", "fields": {"status": 0, "match_end": null, "score": null, "level": 3, "match_start": null, "no_player": true, "player": null, "bracket": 8, "winner_goes_to": 94, "loser_goes_to": null, "table": null}}, {"pk": 96, "model": "pingpong.bracketslot", "fields": {"status": 0, "match_end": null, "score": null, "level": 3, "match_start": null, "no_player": false, "player": 14, "bracket": 8, "winner_goes_to": 94, "loser_goes_to": null, "table": null}}, {"pk": 153, "model": "pingpong.bracketslot", "fields": {"status": 2, "match_end": null, "score": null, "level": 0, "match_start": null, "no_player": false, "player": 63, "bracket": 21, "winner_goes_to": null, "loser_goes_to": null, "table": null}}, {"pk": 154, "model": "pingpong.bracketslot", "fields": {"status": 2, "match_end": "2015-01-31T12:14:06.215Z", "score": 3, "level": 1, "match_start": null, "no_player": false, "player": 63, "bracket": 21, "winner_goes_to": 153, "loser_goes_to": null, "table": null}}, {"pk": 155, "model": "pingpong.bracketslot", "fields": {"status": 2, "match_end": "2015-01-31T11:34:50.661Z", "score": 3, "level": 2, "match_start": null, "no_player": false, "player": 63, "bracket": 21, "winner_goes_to": 154, "loser_goes_to": null, "table": null}}, {"pk": 156, "model": "pingpong.bracketslot", "fields": {"status": 2, "match_end": "2015-01-31T11:34:50.668Z", "score": 0, "level": 2, "match_start": null, "no_player": false, "player": 65, "bracket": 21, "winner_goes_to": 154, "loser_goes_to": null, "table": null}}, {"pk": 157, "model": "pingpong.bracketslot", "fields": {"status": 2, "match_end": "2015-01-31T12:14:06.225Z", "score": 0, "level": 1, "match_start": null, "no_player": false, "player": 60, "bracket": 21, "winner_goes_to": 153, "loser_goes_to": null, "table": null}}, {"pk": 158, "model": "pingpong.bracketslot", "fields": {"status": 2, "match_end": "2015-01-31T11:47:34.363Z", "score": 2, "level": 2, "match_start": null, "no_player": false, "player": 61, "bracket": 21, "winner_goes_to": 157, "loser_goes_to": null, "table": null}}, {"pk": 159, "model": "pingpong.bracketslot", "fields": {"status": 2, "match_end": "2015-01-31T11:47:34.372Z", "score": 3, "level": 2, "match_start": null, "no_player": false, "player": 60, "bracket": 21, "winner_goes_to": 157, "loser_goes_to": null, "table": null}}, {"pk": 160, "model": "pingpong.bracketslot", "fields": {"status": 2, "match_end": null, "score": null, "level": 0, "match_start": null, "no_player": false, "player": 59, "bracket": 22, "winner_goes_to": null, "loser_goes_to": null, "table": null}}, {"pk": 161, "model": "pingpong.bracketslot", "fields": {"status": 2, "match_end": "2015-01-31T11:56:23.557Z", "score": 3, "level": 1, "match_start": null, "no_player": false, "player": 59, "bracket": 22, "winner_goes_to": 160, "loser_goes_to": null, "table": null}}, {"pk": 162, "model": "pingpong.bracketslot", "fields": {"status": 2, "match_end": "2015-01-31T11:56:23.567Z", "score": 1, "level": 1, "match_start": null, "no_player": false, "player": 71, "bracket": 22, "winner_goes_to": 160, "loser_goes_to": null, "table": null}}, {"pk": 163, "model": "pingpong.bracketslot", "fields": {"status": 2, "match_end": null, "score": null, "level": 0, "match_start": null, "no_player": false, "player": 77, "bracket": 23, "winner_goes_to": null, "loser_goes_to": null, "table": null}}, {"pk": 164, "model": "pingpong.bracketslot", "fields": {"status": 2, "match_end": "2015-01-31T15:09:07.408Z", "score": 3, "level": 1, "match_start": null, "no_player": false, "player": 77, "bracket": 23, "winner_goes_to": 163, "loser_goes_to": null, "table": null}}, {"pk": 165, "model": "pingpong.bracketslot", "fields": {"status": 2, "match_end": "2015-01-31T14:26:28.785Z", "score": 3, "level": 2, "match_start": null, "no_player": false, "player": 77, "bracket": 23, "winner_goes_to": 164, "loser_goes_to": null, "table": null}}, {"pk": 166, "model": "pingpong.bracketslot", "fields": {"status": 2, "match_end": "2015-01-31T14:08:46.159Z", "score": 0, "level": 3, "match_start": null, "no_player": false, "player": 78, "bracket": 23, "winner_goes_to": 165, "loser_goes_to": null, "table": null}}, {"pk": 167, "model": "pingpong.bracketslot", "fields": {"status": 2, "match_end": "2015-01-31T14:08:46.171Z", "score": 3, "level": 3, "match_start": null, "no_player": false, "player": 77, "bracket": 23, "winner_goes_to": 165, "loser_goes_to": null, "table": null}}, {"pk": 168, "model": "pingpong.bracketslot", "fields": {"status": 2, "match_end": "2015-01-31T14:26:28.819Z", "score": 0, "level": 2, "match_start": null, "no_player": false, "player": 75, "bracket": 23, "winner_goes_to": 164, "loser_goes_to": null, "table": null}}, {"pk": 169, "model": "pingpong.bracketslot", "fields": {"status": 2, "match_end": "2015-01-31T12:47:35.010Z", "score": 3, "level": 3, "match_start": null, "no_player": false, "player": 75, "bracket": 23, "winner_goes_to": 168, "loser_goes_to": null, "table": null}}, {"pk": 170, "model": "pingpong.bracketslot", "fields": {"status": 2, "match_end": "2015-01-31T12:47:35.019Z", "score": 1, "level": 3, "match_start": null, "no_player": false, "player": 94, "bracket": 23, "winner_goes_to": 168, "loser_goes_to": null, "table": null}}, {"pk": 171, "model": "pingpong.bracketslot", "fields": {"status": 2, "match_end": "2015-01-31T15:09:07.442Z", "score": 1, "level": 1, "match_start": null, "no_player": false, "player": 74, "bracket": 23, "winner_goes_to": 163, "loser_goes_to": null, "table": null}}, {"pk": 172, "model": "pingpong.bracketslot", "fields": {"status": 2, "match_end": "2015-01-31T13:07:39.001Z", "score": 3, "level": 2, "match_start": null, "no_player": false, "player": 74, "bracket": 23, "winner_goes_to": 171, "loser_goes_to": null, "table": null}}, {"pk": 173, "model": "pingpong.bracketslot", "fields": {"status": 2, "match_end": "2015-01-31T12:42:39.774Z", "score": 3, "level": 3, "match_start": null, "no_player": false, "player": 74, "bracket": 23, "winner_goes_to": 172, "loser_goes_to": null, "table": null}}, {"pk": 174, "model": "pingpong.bracketslot", "fields": {"status": 2, "match_end": "2015-01-31T12:42:39.784Z", "score": 0, "level": 3, "match_start": null, "no_player": false, "player": 73, "bracket": 23, "winner_goes_to": 172, "loser_goes_to": null, "table": null}}, {"pk": 175, "model": "pingpong.bracketslot", "fields": {"status": 2, "match_end": "2015-01-31T13:07:39.039Z", "score": 1, "level": 2, "match_start": null, "no_player": false, "player": 76, "bracket": 23, "winner_goes_to": 171, "loser_goes_to": null, "table": null}}, {"pk": 176, "model": "pingpong.bracketslot", "fields": {"status": 2, "match_end": "2015-01-31T12:41:57.893Z", "score": 0, "level": 3, "match_start": null, "no_player": false, "player": 72, "bracket": 23, "winner_goes_to": 175, "loser_goes_to": null, "table": null}}, {"pk": 177, "model": "pingpong.bracketslot", "fields": {"status": 2, "match_end": "2015-01-31T12:41:57.900Z", "score": 3, "level": 3, "match_start": null, "no_player": false, "player": 76, "bracket": 23, "winner_goes_to": 175, "loser_goes_to": null, "table": null}}, {"pk": 209, "model": "pingpong.bracketslot", "fields": {"status": 2, "match_end": null, "score": null, "level": 0, "match_start": null, "no_player": false, "player": 90, "bracket": 25, "winner_goes_to": null, "loser_goes_to": null, "table": null}}, {"pk": 210, "model": "pingpong.bracketslot", "fields": {"status": 2, "match_end": "2015-01-31T15:42:23.582Z", "score": 0, "level": 1, "match_start": null, "no_player": false, "player": 82, "bracket": 25, "winner_goes_to": 209, "loser_goes_to": null, "table": null}}, {"pk": 211, "model": "pingpong.bracketslot", "fields": {"status": 2, "match_end": "2015-01-31T14:10:16.287Z", "score": 0, "level": 2, "match_start": null, "no_player": false, "player": 88, "bracket": 25, "winner_goes_to": 210, "loser_goes_to": null, "table": null}}, {"pk": 212, "model": "pingpong.bracketslot", "fields": {"status": 2, "match_end": "2015-01-31T13:23:35.233Z", "score": 3, "level": 3, "match_start": null, "no_player": false, "player": 88, "bracket": 25, "winner_goes_to": 211, "loser_goes_to": null, "table": null}}, {"pk": 213, "model": "pingpong.bracketslot", "fields": {"status": 2, "match_end": "2015-01-31T12:26:52.510Z", "score": 3, "level": 4, "match_start": null, "no_player": false, "player": 88, "bracket": 25, "winner_goes_to": 212, "loser_goes_to": null, "table": null}}, {"pk": 214, "model": "pingpong.bracketslot", "fields": {"status": 2, "match_end": "2015-01-31T12:26:52.521Z", "score": 2, "level": 4, "match_start": null, "no_player": false, "player": 83, "bracket": 25, "winner_goes_to": 212, "loser_goes_to": null, "table": null}}, {"pk": 215, "model": "pingpong.bracketslot", "fields": {"status": 2, "match_end": "2015-01-31T13:23:35.243Z", "score": 1, "level": 3, "match_start": null, "no_player": false, "player": 81, "bracket": 25, "winner_goes_to": 211, "loser_goes_to": null, "table": null}}, {"pk": 216, "model": "pingpong.bracketslot", "fields": {"status": 2, "match_end": "2015-01-31T12:41:38.025Z", "score": 1, "level": 4, "match_start": null, "no_player": false, "player": 86, "bracket": 25, "winner_goes_to": 215, "loser_goes_to": null, "table": null}}, {"pk": 217, "model": "pingpong.bracketslot", "fields": {"status": 2, "match_end": "2015-01-31T12:41:38.063Z", "score": 3, "level": 4, "match_start": null, "no_player": false, "player": 81, "bracket": 25, "winner_goes_to": 215, "loser_goes_to": null, "table": null}}, {"pk": 218, "model": "pingpong.bracketslot", "fields": {"status": 2, "match_end": "2015-01-31T14:10:16.298Z", "score": 3, "level": 2, "match_start": null, "no_player": false, "player": 82, "bracket": 25, "winner_goes_to": 210, "loser_goes_to": null, "table": null}}, {"pk": 219, "model": "pingpong.bracketslot", "fields": {"status": 2, "match_end": "2015-01-31T13:53:04.300Z", "score": 3, "level": 3, "match_start": null, "no_player": false, "player": 82, "bracket": 25, "winner_goes_to": 218, "loser_goes_to": null, "table": null}}, {"pk": 220, "model": "pingpong.bracketslot", "fields": {"status": 2, "match_end": "2015-01-31T13:28:44.582Z", "score": 0, "level": 4, "match_start": null, "no_player": false, "player": 91, "bracket": 25, "winner_goes_to": 219, "loser_goes_to": null, "table": null}}, {"pk": 221, "model": "pingpong.bracketslot", "fields": {"status": 2, "match_end": "2015-01-31T13:28:44.590Z", "score": 3, "level": 4, "match_start": null, "no_player": false, "player": 82, "bracket": 25, "winner_goes_to": 219, "loser_goes_to": null, "table": null}}, {"pk": 222, "model": "pingpong.bracketslot", "fields": {"status": 2, "match_end": "2015-01-31T13:53:04.308Z", "score": 0, "level": 3, "match_start": null, "no_player": false, "player": 84, "bracket": 25, "winner_goes_to": 218, "loser_goes_to": null, "table": null}}, {"pk": 223, "model": "pingpong.bracketslot", "fields": {"status": 2, "match_end": "2015-01-31T12:35:57.559Z", "score": 0, "level": 4, "match_start": null, "no_player": false, "player": 89, "bracket": 25, "winner_goes_to": 222, "loser_goes_to": null, "table": null}}, {"pk": 224, "model": "pingpong.bracketslot", "fields": {"status": 2, "match_end": "2015-01-31T12:35:57.570Z", "score": 3, "level": 4, "match_start": null, "no_player": false, "player": 84, "bracket": 25, "winner_goes_to": 222, "loser_goes_to": null, "table": null}}, {"pk": 225, "model": "pingpong.bracketslot", "fields": {"status": 2, "match_end": "2015-01-31T15:42:23.699Z", "score": 3, "level": 1, "match_start": null, "no_player": false, "player": 90, "bracket": 25, "winner_goes_to": 209, "loser_goes_to": null, "table": null}}, {"pk": 226, "model": "pingpong.bracketslot", "fields": {"status": 2, "match_end": "2015-01-31T15:20:00.922Z", "score": 3, "level": 2, "match_start": null, "no_player": false, "player": 90, "bracket": 25, "winner_goes_to": 225, "loser_goes_to": null, "table": null}}, {"pk": 227, "model": "pingpong.bracketslot", "fields": {"status": 2, "match_end": "2015-01-31T14:47:20.998Z", "score": 2, "level": 3, "match_start": null, "no_player": false, "player": 87, "bracket": 25, "winner_goes_to": 226, "loser_goes_to": null, "table": null}}, {"pk": 228, "model": "pingpong.bracketslot", "fields": {"status": 2, "match_end": "2015-01-31T13:15:57.514Z", "score": 3, "level": 4, "match_start": null, "no_player": false, "player": 87, "bracket": 25, "winner_goes_to": 227, "loser_goes_to": null, "table": null}}, {"pk": 229, "model": "pingpong.bracketslot", "fields": {"status": 2, "match_end": "2015-01-31T13:15:57.552Z", "score": 0, "level": 4, "match_start": null, "no_player": false, "player": 100, "bracket": 25, "winner_goes_to": 227, "loser_goes_to": null, "table": null}}, {"pk": 230, "model": "pingpong.bracketslot", "fields": {"status": 2, "match_end": "2015-01-31T14:47:21.114Z", "score": 3, "level": 3, "match_start": null, "no_player": false, "player": 90, "bracket": 25, "winner_goes_to": 226, "loser_goes_to": null, "table": null}}, {"pk": 231, "model": "pingpong.bracketslot", "fields": {"status": 2, "match_end": "2015-01-31T14:15:25.220Z", "score": 3, "level": 4, "match_start": null, "no_player": false, "player": 90, "bracket": 25, "winner_goes_to": 230, "loser_goes_to": null, "table": null}}, {"pk": 232, "model": "pingpong.bracketslot", "fields": {"status": 2, "match_end": "2015-01-31T14:15:25.230Z", "score": 2, "level": 4, "match_start": null, "no_player": false, "player": 92, "bracket": 25, "winner_goes_to": 230, "loser_goes_to": null, "table": null}}, {"pk": 233, "model": "pingpong.bracketslot", "fields": {"status": 2, "match_end": "2015-01-31T15:20:00.956Z", "score": 2, "level": 2, "match_start": null, "no_player": false, "player": 79, "bracket": 25, "winner_goes_to": 225, "loser_goes_to": null, "table": null}}, {"pk": 234, "model": "pingpong.bracketslot", "fields": {"status": 2, "match_end": "2015-01-31T13:37:48.626Z", "score": 0, "level": 3, "match_start": null, "no_player": false, "player": 85, "bracket": 25, "winner_goes_to": 233, "loser_goes_to": null, "table": null}}, {"pk": 235, "model": "pingpong.bracketslot", "fields": {"status": 2, "match_end": "2015-01-31T12:36:46.087Z", "score": 0, "level": 4, "match_start": null, "no_player": false, "player": 93, "bracket": 25, "winner_goes_to": 234, "loser_goes_to": null, "table": null}}, {"pk": 236, "model": "pingpong.bracketslot", "fields": {"status": 2, "match_end": "2015-01-31T12:36:46.096Z", "score": 3, "level": 4, "match_start": null, "no_player": false, "player": 85, "bracket": 25, "winner_goes_to": 234, "loser_goes_to": null, "table": null}}, {"pk": 237, "model": "pingpong.bracketslot", "fields": {"status": 2, "match_end": "2015-01-31T13:37:48.634Z", "score": 3, "level": 3, "match_start": null, "no_player": false, "player": 79, "bracket": 25, "winner_goes_to": 233, "loser_goes_to": null, "table": null}}, {"pk": 238, "model": "pingpong.bracketslot", "fields": {"status": 2, "match_end": "2015-01-31T13:22:29.623Z", "score": 1, "level": 4, "match_start": null, "no_player": false, "player": 80, "bracket": 25, "winner_goes_to": 237, "loser_goes_to": null, "table": null}}, {"pk": 239, "model": "pingpong.bracketslot", "fields": {"status": 2, "match_end": "2015-01-31T13:22:29.634Z", "score": 3, "level": 4, "match_start": null, "no_player": false, "player": 79, "bracket": 25, "winner_goes_to": 237, "loser_goes_to": null, "table": null}}, {"pk": 240, "model": "pingpong.bracketslot", "fields": {"status": 2, "match_end": null, "score": null, "level": 0, "match_start": null, "no_player": false, "player": 96, "bracket": 26, "winner_goes_to": null, "loser_goes_to": null, "table": null}}, {"pk": 241, "model": "pingpong.bracketslot", "fields": {"status": 2, "match_end": "2015-01-31T13:44:45.604Z", "score": 2, "level": 1, "match_start": null, "no_player": false, "player": 99, "bracket": 26, "winner_goes_to": 240, "loser_goes_to": null, "table": null}}, {"pk": 242, "model": "pingpong.bracketslot", "fields": {"status": 2, "match_end": "2015-01-31T13:13:33.023Z", "score": 2, "level": 2, "match_start": null, "no_player": false, "player": 97, "bracket": 26, "winner_goes_to": 241, "loser_goes_to": null, "table": null}}, {"pk": 243, "model": "pingpong.bracketslot", "fields": {"status": 0, "match_end": null, "score": null, "level": 3, "match_start": null, "no_player": false, "player": 97, "bracket": 26, "winner_goes_to": 242, "loser_goes_to": null, "table": null}}, {"pk": 244, "model": "pingpong.bracketslot", "fields": {"status": 0, "match_end": null, "score": null, "level": 3, "match_start": null, "no_player": true, "player": null, "bracket": 26, "winner_goes_to": 242, "loser_goes_to": null, "table": null}}, {"pk": 245, "model": "pingpong.bracketslot", "fields": {"status": 2, "match_end": "2015-01-31T13:13:33.072Z", "score": 3, "level": 2, "match_start": null, "no_player": false, "player": 99, "bracket": 26, "winner_goes_to": 241, "loser_goes_to": null, "table": null}}, {"pk": 246, "model": "pingpong.bracketslot", "fields": {"status": 2, "match_end": "2015-01-31T12:50:44.228Z", "score": 3, "level": 3, "match_start": null, "no_player": false, "player": 99, "bracket": 26, "winner_goes_to": 245, "loser_goes_to": null, "table": null}}, {"pk": 247, "model": "pingpong.bracketslot", "fields": {"status": 2, "match_end": "2015-01-31T12:50:44.237Z", "score": 0, "level": 3, "match_start": null, "no_player": false, "player": 98, "bracket": 26, "winner_goes_to": 245, "loser_goes_to": null, "table": null}}, {"pk": 248, "model": "pingpong.bracketslot", "fields": {"status": 2, "match_end": "2015-01-31T13:44:45.613Z", "score": 3, "level": 1, "match_start": null, "no_player": false, "player": 96, "bracket": 26, "winner_goes_to": 240, "loser_goes_to": null, "table": null}}, {"pk": 249, "model": "pingpong.bracketslot", "fields": {"status": 2, "match_end": "2015-01-31T13:01:56.388Z", "score": 3, "level": 2, "match_start": null, "no_player": false, "player": 96, "bracket": 26, "winner_goes_to": 248, "loser_goes_to": null, "table": null}}, {"pk": 250, "model": "pingpong.bracketslot", "fields": {"status": 0, "match_end": null, "score": null, "level": 3, "match_start": null, "no_player": false, "player": 96, "bracket": 26, "winner_goes_to": 249, "loser_goes_to": null, "table": null}}, {"pk": 251, "model": "pingpong.bracketslot", "fields": {"status": 0, "match_end": null, "score": null, "level": 3, "match_start": null, "no_player": true, "player": null, "bracket": 26, "winner_goes_to": 249, "loser_goes_to": null, "table": null}}, {"pk": 252, "model": "pingpong.bracketslot", "fields": {"status": 2, "match_end": "2015-01-31T13:01:56.396Z", "score": 1, "level": 2, "match_start": null, "no_player": false, "player": 95, "bracket": 26, "winner_goes_to": 248, "loser_goes_to": null, "table": null}}, {"pk": 253, "model": "pingpong.bracketslot", "fields": {"status": 0, "match_end": null, "score": null, "level": 3, "match_start": null, "no_player": true, "player": null, "bracket": 26, "winner_goes_to": 252, "loser_goes_to": null, "table": null}}, {"pk": 254, "model": "pingpong.bracketslot", "fields": {"status": 0, "match_end": null, "score": null, "level": 3, "match_start": null, "no_player": false, "player": 95, "bracket": 26, "winner_goes_to": 252, "loser_goes_to": null, "table": null}}, {"pk": 1, "model": "pingpong.grouptobrackettransition", "fields": {"slot": 3, "place": 1, "group": 1}}, {"pk": 2, "model": "pingpong.grouptobrackettransition", "fields": {"slot": 4, "place": 2, "group": 2}}, {"pk": 3, "model": "pingpong.grouptobrackettransition", "fields": {"slot": 6, "place": 2, "group": 1}}, {"pk": 4, "model": "pingpong.grouptobrackettransition", "fields": {"slot": 7, "place": 1, "group": 2}}, {"pk": 5, "model": "pingpong.grouptobrackettransition", "fields": {"slot": 10, "place": 3, "group": 1}}, {"pk": 6, "model": "pingpong.grouptobrackettransition", "fields": {"slot": 11, "place": 4, "group": 2}}, {"pk": 7, "model": "pingpong.grouptobrackettransition", "fields": {"slot": 13, "place": 4, "group": 1}}, {"pk": 8, "model": "pingpong.grouptobrackettransition", "fields": {"slot": 14, "place": 3, "group": 2}}, {"pk": 9, "model": "pingpong.grouptobrackettransition", "fields": {"slot": 18, "place": 1, "group": 3}}, {"pk": 10, "model": "pingpong.grouptobrackettransition", "fields": {"slot": 19, "place": 2, "group": 5}}, {"pk": 11, "model": "pingpong.grouptobrackettransition", "fields": {"slot": 21, "place": 2, "group": 4}}, {"pk": 12, "model": "pingpong.grouptobrackettransition", "fields": {"slot": 22, "place": 1, "group": 6}}, {"pk": 13, "model": "pingpong.grouptobrackettransition", "fields": {"slot": 25, "place": 1, "group": 5}}, {"pk": 14, "model": "pingpong.grouptobrackettransition", "fields": {"slot": 26, "place": 2, "group": 3}}, {"pk": 15, "model": "pingpong.grouptobrackettransition", "fields": {"slot": 28, "place": 2, "group": 6}}, {"pk": 16, "model": "pingpong.grouptobrackettransition", "fields": {"slot": 29, "place": 1, "group": 4}}, {"pk": 17, "model": "pingpong.grouptobrackettransition", "fields": {"slot": 32, "place": 3, "group": 3}}, {"pk": 18, "model": "pingpong.grouptobrackettransition", "fields": {"slot": 33, "place": 3, "group": 6}}, {"pk": 19, "model": "pingpong.grouptobrackettransition", "fields": {"slot": 35, "place": 3, "group": 5}}, {"pk": 20, "model": "pingpong.grouptobrackettransition", "fields": {"slot": 36, "place": 3, "group": 4}}, {"pk": 21, "model": "pingpong.grouptobrackettransition", "fields": {"slot": 40, "place": 1, "group": 7}}, {"pk": 22, "model": "pingpong.grouptobrackettransition", "fields": {"slot": 41, "place": 2, "group": 9}}, {"pk": 23, "model": "pingpong.grouptobrackettransition", "fields": {"slot": 43, "place": 2, "group": 8}}, {"pk": 24, "model": "pingpong.grouptobrackettransition", "fields": {"slot": 44, "place": 1, "group": 10}}, {"pk": 25, "model": "pingpong.grouptobrackettransition", "fields": {"slot": 47, "place": 1, "group": 9}}, {"pk": 26, "model": "pingpong.grouptobrackettransition", "fields": {"slot": 48, "place": 2, "group": 7}}, {"pk": 27, "model": "pingpong.grouptobrackettransition", "fields": {"slot": 50, "place": 2, "group": 10}}, {"pk": 28, "model": "pingpong.grouptobrackettransition", "fields": {"slot": 51, "place": 1, "group": 8}}, {"pk": 29, "model": "pingpong.grouptobrackettransition", "fields": {"slot": 55, "place": 3, "group": 7}}, {"pk": 30, "model": "pingpong.grouptobrackettransition", "fields": {"slot": 56, "place": 4, "group": 9}}, {"pk": 31, "model": "pingpong.grouptobrackettransition", "fields": {"slot": 58, "place": 4, "group": 8}}, {"pk": 32, "model": "pingpong.grouptobrackettransition", "fields": {"slot": 59, "place": 3, "group": 10}}, {"pk": 33, "model": "pingpong.grouptobrackettransition", "fields": {"slot": 62, "place": 3, "group": 9}}, {"pk": 34, "model": "pingpong.grouptobrackettransition", "fields": {"slot": 63, "place": 4, "group": 7}}, {"pk": 35, "model": "pingpong.grouptobrackettransition", "fields": {"slot": 65, "place": 4, "group": 10}}, {"pk": 36, "model": "pingpong.grouptobrackettransition", "fields": {"slot": 66, "place": 3, "group": 8}}, {"pk": 37, "model": "pingpong.grouptobrackettransition", "fields": {"slot": 70, "place": 1, "group": 11}}, {"pk": 38, "model": "pingpong.grouptobrackettransition", "fields": {"slot": 71, "place": 2, "group": 13}}, {"pk": 39, "model": "pingpong.grouptobrackettransition", "fields": {"slot": 73, "place": 2, "group": 12}}, {"pk": 40, "model": "pingpong.grouptobrackettransition", "fields": {"slot": 74, "place": 1, "group": 14}}, {"pk": 41, "model": "pingpong.grouptobrackettransition", "fields": {"slot": 77, "place": 1, "group": 13}}, {"pk": 42, "model": "pingpong.grouptobrackettransition", "fields": {"slot": 78, "place": 2, "group": 11}}, {"pk": 43, "model": "pingpong.grouptobrackettransition", "fields": {"slot": 80, "place": 2, "group": 14}}, {"pk": 44, "model": "pingpong.grouptobrackettransition", "fields": {"slot": 81, "place": 1, "group": 12}}, {"pk": 45, "model": "pingpong.grouptobrackettransition", "fields": {"slot": 85, "place": 3, "group": 11}}, {"pk": 46, "model": "pingpong.grouptobrackettransition", "fields": {"slot": 89, "place": 3, "group": 14}}, {"pk": 47, "model": "pingpong.grouptobrackettransition", "fields": {"slot": 92, "place": 3, "group": 13}}, {"pk": 48, "model": "pingpong.grouptobrackettransition", "fields": {"slot": 93, "place": 4, "group": 11}}, {"pk": 49, "model": "pingpong.grouptobrackettransition", "fields": {"slot": 96, "place": 3, "group": 12}}, {"pk": 79, "model": "pingpong.grouptobrackettransition", "fields": {"slot": 155, "place": 1, "group": 23}}, {"pk": 80, "model": "pingpong.grouptobrackettransition", "fields": {"slot": 156, "place": 2, "group": 24}}, {"pk": 81, "model": "pingpong.grouptobrackettransition", "fields": {"slot": 158, "place": 2, "group": 23}}, {"pk": 82, "model": "pingpong.grouptobrackettransition", "fields": {"slot": 159, "place": 1, "group": 24}}, {"pk": 83, "model": "pingpong.grouptobrackettransition", "fields": {"slot": 161, "place": 3, "group": 23}}, {"pk": 84, "model": "pingpong.grouptobrackettransition", "fields": {"slot": 162, "place": 3, "group": 24}}, {"pk": 1, "model": "auth.permission", "fields": {"codename": "add_logentry", "name": "Can add log entry", "content_type": 1}}, {"pk": 2, "model": "auth.permission", "fields": {"codename": "change_logentry", "name": "Can change log entry", "content_type": 1}}, {"pk": 3, "model": "auth.permission", "fields": {"codename": "delete_logentry", "name": "Can delete log entry", "content_type": 1}}, {"pk": 4, "model": "auth.permission", "fields": {"codename": "add_permission", "name": "Can add permission", "content_type": 2}}, {"pk": 5, "model": "auth.permission", "fields": {"codename": "change_permission", "name": "Can change permission", "content_type": 2}}, {"pk": 6, "model": "auth.permission", "fields": {"codename": "delete_permission", "name": "Can delete permission", "content_type": 2}}, {"pk": 7, "model": "auth.permission", "fields": {"codename": "add_group", "name": "Can add group", "content_type": 3}}, {"pk": 8, "model": "auth.permission", "fields": {"codename": "change_group", "name": "Can change group", "content_type": 3}}, {"pk": 9, "model": "auth.permission", "fields": {"codename": "delete_group", "name": "Can delete group", "content_type": 3}}, {"pk": 10, "model": "auth.permission", "fields": {"codename": "add_user", "name": "Can add user", "content_type": 4}}, {"pk": 11, "model": "auth.permission", "fields": {"codename": "change_user", "name": "Can change user", "content_type": 4}}, {"pk": 12, "model": "auth.permission", "fields": {"codename": "delete_user", "name": "Can delete user", "content_type": 4}}, {"pk": 13, "model": "auth.permission", "fields": {"codename": "add_contenttype", "name": "Can add content type", "content_type": 5}}, {"pk": 14, "model": "auth.permission", "fields": {"codename": "change_contenttype", "name": "Can change content type", "content_type": 5}}, {"pk": 15, "model": "auth.permission", "fields": {"codename": "delete_contenttype", "name": "Can delete content type", "content_type": 5}}, {"pk": 16, "model": "auth.permission", "fields": {"codename": "add_session", "name": "Can add session", "content_type": 6}}, {"pk": 17, "model": "auth.permission", "fields": {"codename": "change_session", "name": "Can change session", "content_type": 6}}, {"pk": 18, "model": "auth.permission", "fields": {"codename": "delete_session", "name": "Can delete session", "content_type": 6}}, {"pk": 19, "model": "auth.permission", "fields": {"codename": "add_migrationhistory", "name": "Can add migration history", "content_type": 7}}, {"pk": 20, "model": "auth.permission", "fields": {"codename": "change_migrationhistory", "name": "Can change migration history", "content_type": 7}}, {"pk": 21, "model": "auth.permission", "fields": {"codename": "delete_migrationhistory", "name": "Can delete migration history", "content_type": 7}}, {"pk": 22, "model": "auth.permission", "fields": {"codename": "add_player", "name": "Can add player", "content_type": 8}}, {"pk": 23, "model": "auth.permission", "fields": {"codename": "change_player", "name": "Can change player", "content_type": 8}}, {"pk": 24, "model": "auth.permission", "fields": {"codename": "delete_player", "name": "Can delete player", "content_type": 8}}, {"pk": 25, "model": "auth.permission", "fields": {"codename": "add_category", "name": "Can add category", "content_type": 9}}, {"pk": 26, "model": "auth.permission", "fields": {"codename": "change_category", "name": "Can change category", "content_type": 9}}, {"pk": 27, "model": "auth.permission", "fields": {"codename": "delete_category", "name": "Can delete category", "content_type": 9}}, {"pk": 28, "model": "auth.permission", "fields": {"codename": "add_table", "name": "Can add table", "content_type": 10}}, {"pk": 29, "model": "auth.permission", "fields": {"codename": "change_table", "name": "Can change table", "content_type": 10}}, {"pk": 30, "model": "auth.permission", "fields": {"codename": "delete_table", "name": "Can delete table", "content_type": 10}}, {"pk": 31, "model": "auth.permission", "fields": {"codename": "add_match", "name": "Can add Match", "content_type": 11}}, {"pk": 32, "model": "auth.permission", "fields": {"codename": "change_match", "name": "Can change Match", "content_type": 11}}, {"pk": 33, "model": "auth.permission", "fields": {"codename": "delete_match", "name": "Can delete Match", "content_type": 11}}, {"pk": 34, "model": "auth.permission", "fields": {"codename": "add_double", "name": "Can add double", "content_type": 12}}, {"pk": 35, "model": "auth.permission", "fields": {"codename": "change_double", "name": "Can change double", "content_type": 12}}, {"pk": 36, "model": "auth.permission", "fields": {"codename": "delete_double", "name": "Can delete double", "content_type": 12}}, {"pk": 37, "model": "auth.permission", "fields": {"codename": "add_group", "name": "Can add group", "content_type": 13}}, {"pk": 38, "model": "auth.permission", "fields": {"codename": "change_group", "name": "Can change group", "content_type": 13}}, {"pk": 39, "model": "auth.permission", "fields": {"codename": "delete_group", "name": "Can delete group", "content_type": 13}}, {"pk": 40, "model": "auth.permission", "fields": {"codename": "add_groupmember", "name": "Can add group member", "content_type": 14}}, {"pk": 41, "model": "auth.permission", "fields": {"codename": "change_groupmember", "name": "Can change group member", "content_type": 14}}, {"pk": 42, "model": "auth.permission", "fields": {"codename": "delete_groupmember", "name": "Can delete group member", "content_type": 14}}, {"pk": 43, "model": "auth.permission", "fields": {"codename": "add_knownplayer", "name": "Can add known player", "content_type": 15}}, {"pk": 44, "model": "auth.permission", "fields": {"codename": "change_knownplayer", "name": "Can change known player", "content_type": 15}}, {"pk": 45, "model": "auth.permission", "fields": {"codename": "delete_knownplayer", "name": "Can delete known player", "content_type": 15}}, {"pk": 46, "model": "auth.permission", "fields": {"codename": "add_knownclub", "name": "Can add known club", "content_type": 16}}, {"pk": 47, "model": "auth.permission", "fields": {"codename": "change_knownclub", "name": "Can change known club", "content_type": 16}}, {"pk": 48, "model": "auth.permission", "fields": {"codename": "delete_knownclub", "name": "Can delete known club", "content_type": 16}}, {"pk": 49, "model": "auth.permission", "fields": {"codename": "add_bracket", "name": "Can add bracket", "content_type": 17}}, {"pk": 50, "model": "auth.permission", "fields": {"codename": "change_bracket", "name": "Can change bracket", "content_type": 17}}, {"pk": 51, "model": "auth.permission", "fields": {"codename": "delete_bracket", "name": "Can delete bracket", "content_type": 17}}, {"pk": 52, "model": "auth.permission", "fields": {"codename": "add_bracketslot", "name": "Can add bracket slot", "content_type": 18}}, {"pk": 53, "model": "auth.permission", "fields": {"codename": "change_bracketslot", "name": "Can change bracket slot", "content_type": 18}}, {"pk": 54, "model": "auth.permission", "fields": {"codename": "delete_bracketslot", "name": "Can delete bracket slot", "content_type": 18}}, {"pk": 55, "model": "auth.permission", "fields": {"codename": "add_grouptobrackettransition", "name": "Can add group to bracket transition", "content_type": 19}}, {"pk": 56, "model": "auth.permission", "fields": {"codename": "change_grouptobrackettransition", "name": "Can change group to bracket transition", "content_type": 19}}, {"pk": 57, "model": "auth.permission", "fields": {"codename": "delete_grouptobrackettransition", "name": "Can delete group to bracket transition", "content_type": 19}}, {"pk": 1, "model": "auth.user", "fields": {"username": "x", "first_name": "", "last_name": "", "is_active": true, "is_superuser": true, "is_staff": true, "last_login": "2015-01-31T12:04:05.362Z", "groups": [], "user_permissions": [], "password": "pbkdf2_sha256$12000$WNQfwrWUekK0$kiGj3YJMy3Vy97r3FB0Os9LDJL69X49Y5cXQMAbaic8=", "email": "x@jst.sm", "date_joined": "2015-01-31T06:47:13.266Z"}}, {"pk": 1, "model": "admin.logentry", "fields": {"action_flag": 2, "action_time": "2015-01-31T09:45:35.122Z", "object_repr": "Darko Jakob\u010di\u010d", "object_id": "31", "change_message": "Spremenjen surname in gender.", "user": 1, "content_type": 8}}, {"pk": 5, "model": "admin.logentry", "fields": {"action_flag": 2, "action_time": "2015-01-31T12:11:58.980Z", "object_repr": "214", "object_id": "214", "change_message": "Spremenjen player.", "user": 1, "content_type": 18}}, {"pk": 6, "model": "admin.logentry", "fields": {"action_flag": 2, "action_time": "2015-01-31T12:12:20.550Z", "object_repr": "216", "object_id": "216", "change_message": "Spremenjen player.", "user": 1, "content_type": 18}}, {"pk": 7, "model": "admin.logentry", "fields": {"action_flag": 2, "action_time": "2015-01-31T12:19:37.568Z", "object_repr": "D. \u017divunovi\u010d ?. Kuki\u010d", "object_id": "86", "change_message": "Spremenjen surname in gender.", "user": 1, "content_type": 8}}]