[{"pk": 1, "model": "pingpong.player", "fields": {"club": "LJ", "gender": null, "category": 1, "surname": "Miklav\u010di\u010d", "name": "Damjan"}}, {"pk": 2, "model": "pingpong.player", "fields": {"club": "Krka", "gender": null, "category": 1, "surname": "Vokal", "name": "Bojan"}}, {"pk": 3, "model": "pingpong.player", "fields": {"club": "vl", "gender": null, "category": 1, "surname": "Lesar", "name": "Marko"}}, {"pk": 4, "model": "pingpong.player", "fields": {"club": "Sti\u010dna", "gender": null, "category": 2, "surname": "Kuhelj", "name": "Bojan"}}, {"pk": 5, "model": "pingpong.player", "fields": {"club": "LJ", "gender": null, "category": 2, "surname": "Komar", "name": "Tone"}}, {"pk": 6, "model": "pingpong.player", "fields": {"club": "vl", "gender": null, "category": 2, "surname": "Smrekar", "name": "Ale\u0161"}}, {"pk": 7, "model": "pingpong.player", "fields": {"club": "LJ", "gender": null, "category": 2, "surname": "Torkar", "name": "Drago"}}, {"pk": 8, "model": "pingpong.player", "fields": {"club": "Dolsko", "gender": null, "category": 1, "surname": "Grad", "name": "Lucija"}}, {"pk": 9, "model": "pingpong.player", "fields": {"club": "Kamnik", "gender": null, "category": 1, "surname": "Svetec", "name": "Gregor"}}, {"pk": 10, "model": "pingpong.player", "fields": {"club": "Krka", "gender": null, "category": 1, "surname": "Mlakar", "name": "Luka"}}, {"pk": 11, "model": "pingpong.player", "fields": {"club": "vl", "gender": null, "category": 1, "surname": "\u017du\u017eek", "name": "Jan"}}, {"pk": 12, "model": "pingpong.player", "fields": {"club": "Vrhnika", "gender": null, "category": 2, "surname": "Vrban\u010di\u010d", "name": "Peter"}}, {"pk": 13, "model": "pingpong.player", "fields": {"club": "Vrhnika", "gender": null, "category": 2, "surname": "\u0160urca", "name": "Marjan"}}, {"pk": 14, "model": "pingpong.player", "fields": {"club": "Kamnik", "gender": null, "category": 2, "surname": "Starc", "name": "Tone"}}, {"pk": 15, "model": "pingpong.player", "fields": {"club": "Koper", "gender": null, "category": 2, "surname": "\u0160majgl", "name": "Matja\u017e"}}, {"pk": 16, "model": "pingpong.player", "fields": {"club": "Koper", "gender": null, "category": 2, "surname": "Farasin", "name": "Bo\u0161tjan"}}, {"pk": 17, "model": "pingpong.player", "fields": {"club": "Sodra\u017eica", "gender": null, "category": 2, "surname": "Ga\u0161peri\u010d", "name": "Mitja"}}, {"pk": 18, "model": "pingpong.player", "fields": {"club": "LJ", "gender": null, "category": 3, "surname": "Petrovi\u010d", "name": "Zdenko"}}, {"pk": 19, "model": "pingpong.player", "fields": {"club": "Krka", "gender": null, "category": 3, "surname": "Oven", "name": "Robert"}}, {"pk": 20, "model": "pingpong.player", "fields": {"club": "LJ", "gender": null, "category": 3, "surname": "Horvat", "name": "Edo"}}, {"pk": 21, "model": "pingpong.player", "fields": {"club": "ZG", "gender": null, "category": 3, "surname": "Odor\u010di\u010d", "name": "\u017deljko"}}, {"pk": 22, "model": "pingpong.player", "fields": {"club": "", "gender": null, "category": 3, "surname": "Mencingar", "name": "Marjan"}}, {"pk": 23, "model": "pingpong.player", "fields": {"club": "Postojna", "gender": null, "category": 3, "surname": "Nadoh", "name": "Iztok"}}, {"pk": 24, "model": "pingpong.player", "fields": {"club": "LJ", "gender": null, "category": 3, "surname": "Merc", "name": "Miran"}}, {"pk": 25, "model": "pingpong.player", "fields": {"club": "\u017diri", "gender": null, "category": 3, "surname": "Makovec", "name": "Darko"}}, {"pk": 27, "model": "pingpong.player", "fields": {"club": "Lesce", "gender": null, "category": 3, "surname": "Rauh", "name": "Bojan"}}, {"pk": 28, "model": "pingpong.player", "fields": {"club": "LJ", "gender": null, "category": 4, "surname": "Miklav\u010di\u010d", "name": "Jo\u017ee"}}, {"pk": 29, "model": "pingpong.player", "fields": {"club": "ZG", "gender": null, "category": 4, "surname": "Paher", "name": "\u0110uro"}}, {"pk": 30, "model": "pingpong.player", "fields": {"club": "LJ", "gender": null, "category": 4, "surname": "Supani\u010d", "name": "Bojan"}}, {"pk": 31, "model": "pingpong.player", "fields": {"club": "Kranj", "gender": null, "category": 4, "surname": "Pretnar", "name": "Vinko"}}, {"pk": 32, "model": "pingpong.player", "fields": {"club": "", "gender": null, "category": 4, "surname": "Horvat", "name": "Damir"}}, {"pk": 33, "model": "pingpong.player", "fields": {"club": "Zalog", "gender": null, "category": 4, "surname": "\u0160emrov", "name": "Miro"}}, {"pk": 34, "model": "pingpong.player", "fields": {"club": "Postojna", "gender": null, "category": 4, "surname": "Keni\u010d", "name": "Ivan"}}, {"pk": 35, "model": "pingpong.player", "fields": {"club": "Postojna", "gender": null, "category": 4, "surname": "Gla\u017ear", "name": "Stane"}}, {"pk": 36, "model": "pingpong.player", "fields": {"club": "\u0160en\u010dur", "gender": null, "category": 4, "surname": "Kozjek", "name": "Ciril"}}, {"pk": 37, "model": "pingpong.player", "fields": {"club": "Stara Fu\u017eina", "gender": null, "category": 4, "surname": "Repinc", "name": "Jo\u017ee"}}, {"pk": 38, "model": "pingpong.player", "fields": {"club": "Stara Fu\u017eina", "gender": null, "category": 4, "surname": "Ali\u010d", "name": "Zefir"}}, {"pk": 39, "model": "pingpong.player", "fields": {"club": "Kamna Gorica", "gender": null, "category": 4, "surname": "Ko\u0161ir", "name": "Janez"}}, {"pk": 40, "model": "pingpong.player", "fields": {"club": "Kropa", "gender": null, "category": 4, "surname": "Rali\u010d", "name": "Rajko"}}, {"pk": 41, "model": "pingpong.player", "fields": {"club": "Trbovlje", "gender": null, "category": 1, "surname": "Re\u017eun", "name": "Miha"}}, {"pk": 42, "model": "pingpong.player", "fields": {"club": "ZG", "gender": null, "category": 5, "surname": "Ahmetovi\u010d", "name": "Esad"}}, {"pk": 43, "model": "pingpong.player", "fields": {"club": "Postojna", "gender": null, "category": 5, "surname": "Bergo\u010d", "name": "Dario"}}, {"pk": 44, "model": "pingpong.player", "fields": {"club": "", "gender": null, "category": 5, "surname": "\u017dmavc", "name": "Franc"}}, {"pk": 45, "model": "pingpong.player", "fields": {"club": "ZG", "gender": null, "category": 6, "surname": "Perha\u010d", "name": "Boris"}}, {"pk": 46, "model": "pingpong.player", "fields": {"club": "Krka", "gender": null, "category": 3, "surname": "Mali", "name": "Robert"}}, {"pk": 47, "model": "pingpong.player", "fields": {"club": "\u0160tore", "gender": null, "category": 3, "surname": "\u0160tor", "name": "Gorazd"}}, {"pk": 48, "model": "pingpong.player", "fields": {"club": "Pragersko", "gender": null, "category": 3, "surname": "Klep", "name": "Drago"}}, {"pk": 49, "model": "pingpong.player", "fields": {"club": "Trbovlje", "gender": null, "category": 2, "surname": "Potrbin", "name": "Andrej"}}, {"pk": 50, "model": "pingpong.player", "fields": {"club": "Trojane", "gender": null, "category": 2, "surname": "Zore", "name": "Lojze"}}, {"pk": 51, "model": "pingpong.player", "fields": {"club": "Celje", "gender": null, "category": 3, "surname": "\u0160tor", "name": "Vojteh"}}, {"pk": 52, "model": "pingpong.player", "fields": {"club": "LJ", "gender": null, "category": 3, "surname": "Kadak", "name": "Rok"}}, {"pk": 53, "model": "pingpong.player", "fields": {"club": "ZG", "gender": null, "category": 8, "surname": "Menla", "name": "Vera"}}, {"pk": 54, "model": "pingpong.player", "fields": {"club": "ZG", "gender": null, "category": 8, "surname": "Perho\u010d", "name": "Vesna"}}, {"pk": 55, "model": "pingpong.player", "fields": {"club": "Postojna", "gender": null, "category": 8, "surname": "\u0160ebjani\u010d Pupis", "name": "Jasna"}}, {"pk": 56, "model": "pingpong.player", "fields": {"club": "\u0160en\u010dur", "gender": null, "category": 8, "surname": "Lapanja", "name": "Dragica"}}, {"pk": 57, "model": "pingpong.player", "fields": {"club": "\u017diri", "gender": null, "category": 8, "surname": "Mlinar", "name": "Vida"}}, {"pk": 58, "model": "pingpong.player", "fields": {"club": "Kompolje", "gender": null, "category": 4, "surname": "Prijatelj", "name": "Marjan"}}, {"pk": 59, "model": "pingpong.player", "fields": {"club": "Sti\u010dna", "gender": null, "category": 2, "surname": "Lampret", "name": "Janez"}}, {"pk": 60, "model": "pingpong.player", "fields": {"club": "LJ", "gender": 0, "category": 6, "surname": "Hafner", "name": "Jo\u017ee"}}, {"pk": 61, "model": "pingpong.player", "fields": {"club": "Litija", "gender": null, "category": 4, "surname": "De\u017eelak", "name": "Vladimir"}}, {"pk": 62, "model": "pingpong.player", "fields": {"club": "LJ", "gender": null, "category": 5, "surname": "Hafner", "name": "Jo\u017ee"}}, {"pk": 63, "model": "pingpong.player", "fields": {"club": "ZG", "gender": null, "category": 5, "surname": "Perha\u010d", "name": "Boris"}}, {"pk": 64, "model": "pingpong.player", "fields": {"club": "Kropa", "gender": null, "category": 3, "surname": "Rali\u010d", "name": "Rajko"}}, {"pk": 65, "model": "pingpong.player", "fields": {"club": "Kranj", "gender": null, "category": 5, "surname": "Pretnar", "name": "Vinko"}}, {"pk": 68, "model": "pingpong.player", "fields": {"club": "", "gender": null, "category": 10, "surname": "D. Lapanja", "name": "C. Kozjek"}}, {"pk": 70, "model": "pingpong.player", "fields": {"club": "", "gender": null, "category": 10, "surname": "I. Nadoh", "name": "D. Makovec"}}, {"pk": 71, "model": "pingpong.player", "fields": {"club": "", "gender": null, "category": 10, "surname": "S. Gla\u017ear", "name": "I. Keni\u010d"}}, {"pk": 72, "model": "pingpong.player", "fields": {"club": "", "gender": null, "category": 10, "surname": "B. Perha\u010d", "name": "E. Ahmetovi\u010d"}}, {"pk": 73, "model": "pingpong.player", "fields": {"club": "", "gender": null, "category": 10, "surname": "R. Rali\u010d", "name": "B. Rauh"}}, {"pk": 74, "model": "pingpong.player", "fields": {"club": "", "gender": null, "category": 9, "surname": "L. Mlakar", "name": "B. Kuhelj"}}, {"pk": 75, "model": "pingpong.player", "fields": {"club": "", "gender": null, "category": 9, "surname": "M. \u0160majgl", "name": "B. Farasin"}}, {"pk": 76, "model": "pingpong.player", "fields": {"club": "", "gender": null, "category": 9, "surname": "A. Potrbin", "name": "M. Re\u017eun"}}, {"pk": 77, "model": "pingpong.player", "fields": {"club": "", "gender": null, "category": 10, "surname": "\u0110. Paher", "name": "M. \u0160emrov"}}, {"pk": 78, "model": "pingpong.player", "fields": {"club": "", "gender": null, "category": 10, "surname": "B. Supani\u010d", "name": "E. Horvat"}}, {"pk": 79, "model": "pingpong.player", "fields": {"club": "", "gender": null, "category": 10, "surname": "\u017d. Odor\u010di\u010d", "name": "D. Horvat"}}, {"pk": 80, "model": "pingpong.player", "fields": {"club": "", "gender": null, "category": 10, "surname": "Z. Petrovi\u010d", "name": "D. Bergo\u010d"}}, {"pk": 82, "model": "pingpong.player", "fields": {"club": "", "gender": 0, "category": 10, "surname": "J. Hafner", "name": "F. \u017dmavc"}}, {"pk": 83, "model": "pingpong.player", "fields": {"club": "", "gender": null, "category": 9, "surname": "A. Smrekar", "name": "B. Vokal"}}, {"pk": 84, "model": "pingpong.player", "fields": {"club": "", "gender": null, "category": 9, "surname": "R. Mali", "name": "T. Komar"}}, {"pk": 85, "model": "pingpong.player", "fields": {"club": "", "gender": null, "category": 9, "surname": "M. Ga\u0161peri\u010d", "name": "P. Vrban\u010di\u010d"}}, {"pk": 86, "model": "pingpong.player", "fields": {"club": "", "gender": null, "category": 10, "surname": "J. Repinc", "name": "M. Prijatelj"}}, {"pk": 87, "model": "pingpong.player", "fields": {"club": "", "gender": null, "category": 9, "surname": "R. Oven", "name": "J. Lampret"}}, {"pk": 88, "model": "pingpong.player", "fields": {"club": "", "gender": null, "category": 10, "surname": "J. Ko\u0161ir", "name": "Z. Ali\u010d"}}, {"pk": 89, "model": "pingpong.player", "fields": {"club": "", "gender": null, "category": 10, "surname": "V. \u0160tor", "name": "D. Klep"}}, {"pk": 91, "model": "pingpong.player", "fields": {"club": "", "gender": null, "category": 9, "surname": "J. Miklav\u010di\u010d", "name": "D. Miklav\u010di\u010d"}}, {"pk": 92, "model": "pingpong.player", "fields": {"club": "", "gender": null, "category": 10, "surname": "D. Torkar", "name": "M. Merc"}}, {"pk": 93, "model": "pingpong.player", "fields": {"club": "", "gender": null, "category": 9, "surname": "L. Grad", "name": "M. Mencingar"}}, {"pk": 94, "model": "pingpong.player", "fields": {"club": "", "gender": null, "category": 12, "surname": "Lapanja D.", "name": "\u0160ebjani\u010d Pupis J."}}, {"pk": 95, "model": "pingpong.player", "fields": {"club": "", "gender": null, "category": 12, "surname": "Perho\u010d V.", "name": "Menla V."}}, {"pk": 96, "model": "pingpong.player", "fields": {"club": "", "gender": null, "category": 12, "surname": "Grad L.", "name": "Mlinar V."}}, {"pk": 97, "model": "pingpong.player", "fields": {"club": "", "gender": null, "category": 9, "surname": "G. \u0160tor", "name": "L. Zore"}}, {"pk": 1, "model": "pingpong.category", "fields": {"max_age": null, "name": "M<39", "gender": null, "min_age": null, "type": 0, "description": "Mo\u0161ki do 39 let"}}, {"pk": 2, "model": "pingpong.category", "fields": {"max_age": null, "name": "M40-49", "gender": null, "min_age": null, "type": 0, "description": "Mo\u0161ki 40 do 49 let"}}, {"pk": 3, "model": "pingpong.category", "fields": {"max_age": null, "name": "M50-59", "gender": null, "min_age": null, "type": 0, "description": "Mo\u0161ki 50 do 59 let"}}, {"pk": 4, "model": "pingpong.category", "fields": {"max_age": null, "name": "M60-69", "gender": null, "min_age": null, "type": 0, "description": "Mo\u0161ki 60 do 69 let"}}, {"pk": 5, "model": "pingpong.category", "fields": {"max_age": null, "name": "M70-74", "gender": null, "min_age": null, "type": 0, "description": "Mo\u0161ki 70 do 74 let"}}, {"pk": 6, "model": "pingpong.category", "fields": {"max_age": null, "name": "M>75", "gender": null, "min_age": null, "type": 0, "description": "Mo\u0161ki nad 75"}}, {"pk": 8, "model": "pingpong.category", "fields": {"max_age": null, "name": "\u017d>50", "gender": null, "min_age": null, "type": 0, "description": "\u017denske nad 50 let"}}, {"pk": 9, "model": "pingpong.category", "fields": {"max_age": null, "name": "DM<50", "gender": null, "min_age": null, "type": 1, "description": "Mo\u0161ke dvojice do 50 let"}}, {"pk": 10, "model": "pingpong.category", "fields": {"max_age": null, "name": "DM>50", "gender": null, "min_age": null, "type": 1, "description": "Mo\u0161ke dvojice nad 50 let"}}, {"pk": 12, "model": "pingpong.category", "fields": {"max_age": null, "name": "D\u017d", "gender": null, "min_age": null, "type": 0, "description": "\u017denske dvojice"}}, {"pk": 1, "model": "pingpong.table", "fields": {"display_order": 9, "name": "Miza 1", "short_name": "1"}}, {"pk": 2, "model": "pingpong.table", "fields": {"display_order": 10, "name": "Miza 2", "short_name": "2"}}, {"pk": 3, "model": "pingpong.table", "fields": {"display_order": 11, "name": "Miza 3", "short_name": "3"}}, {"pk": 4, "model": "pingpong.table", "fields": {"display_order": 12, "name": "Miza 4", "short_name": "4"}}, {"pk": 5, "model": "pingpong.table", "fields": {"display_order": 5, "name": "Miza 5", "short_name": "5"}}, {"pk": 6, "model": "pingpong.table", "fields": {"display_order": 6, "name": "Miza 6", "short_name": "6"}}, {"pk": 7, "model": "pingpong.table", "fields": {"display_order": 7, "name": "Miza 7", "short_name": "7"}}, {"pk": 8, "model": "pingpong.table", "fields": {"display_order": 8, "name": "Miza 8", "short_name": "8"}}, {"pk": 9, "model": "pingpong.table", "fields": {"display_order": 1, "name": "Miza 9", "short_name": "9"}}, {"pk": 10, "model": "pingpong.table", "fields": {"display_order": 2, "name": "Miza 10", "short_name": "10"}}, {"pk": 11, "model": "pingpong.table", "fields": {"display_order": 3, "name": "Miza 11", "short_name": "11"}}, {"pk": 12, "model": "pingpong.table", "fields": {"display_order": 4, "name": "Miza 12", "short_name": "12"}}, {"pk": 1, "model": "pingpong.match", "fields": {"status": 3, "player1_bracket_slot": null, "group": 1, "player2_bracket_slot": null, "player2_score": null, "start_time": null, "player2": 3, "ready_time": null, "player1": 2, "end_time": "2016-01-30T11:29:17.641Z", "player1_score": null, "table": null}}, {"pk": 2, "model": "pingpong.match", "fields": {"status": 3, "player1_bracket_slot": null, "group": 1, "player2_bracket_slot": null, "player2_score": null, "start_time": null, "player2": 8, "ready_time": null, "player1": 9, "end_time": "2016-01-30T11:29:17.641Z", "player1_score": null, "table": null}}, {"pk": 3, "model": "pingpong.match", "fields": {"status": 3, "player1_bracket_slot": null, "group": 1, "player2_bracket_slot": null, "player2_score": null, "start_time": null, "player2": 8, "ready_time": null, "player1": 3, "end_time": "2016-01-30T11:29:17.641Z", "player1_score": null, "table": null}}, {"pk": 4, "model": "pingpong.match", "fields": {"status": 3, "player1_bracket_slot": null, "group": 1, "player2_bracket_slot": null, "player2_score": null, "start_time": null, "player2": 9, "ready_time": null, "player1": 2, "end_time": "2016-01-30T11:29:17.641Z", "player1_score": null, "table": null}}, {"pk": 5, "model": "pingpong.match", "fields": {"status": 3, "player1_bracket_slot": null, "group": 1, "player2_bracket_slot": null, "player2_score": null, "start_time": null, "player2": 3, "ready_time": null, "player1": 9, "end_time": "2016-01-30T11:29:17.641Z", "player1_score": null, "table": null}}, {"pk": 6, "model": "pingpong.match", "fields": {"status": 3, "player1_bracket_slot": null, "group": 1, "player2_bracket_slot": null, "player2_score": null, "start_time": null, "player2": 2, "ready_time": null, "player1": 8, "end_time": "2016-01-30T11:29:17.641Z", "player1_score": null, "table": null}}, {"pk": 7, "model": "pingpong.match", "fields": {"status": 3, "player1_bracket_slot": null, "group": 1, "player2_bracket_slot": null, "player2_score": null, "start_time": "2016-01-30T09:33:40.359Z", "player2": null, "ready_time": null, "player1": null, "end_time": "2016-01-30T11:29:17.641Z", "player1_score": null, "table": 6}}, {"pk": 8, "model": "pingpong.match", "fields": {"status": 3, "player1_bracket_slot": null, "group": 2, "player2_bracket_slot": null, "player2_score": null, "start_time": null, "player2": 11, "ready_time": null, "player1": 10, "end_time": "2016-01-30T11:30:34.941Z", "player1_score": null, "table": null}}, {"pk": 9, "model": "pingpong.match", "fields": {"status": 3, "player1_bracket_slot": null, "group": 2, "player2_bracket_slot": null, "player2_score": null, "start_time": null, "player2": 41, "ready_time": null, "player1": 1, "end_time": "2016-01-30T11:30:34.941Z", "player1_score": null, "table": null}}, {"pk": 10, "model": "pingpong.match", "fields": {"status": 3, "player1_bracket_slot": null, "group": 2, "player2_bracket_slot": null, "player2_score": null, "start_time": null, "player2": 41, "ready_time": null, "player1": 11, "end_time": "2016-01-30T11:30:34.941Z", "player1_score": null, "table": null}}, {"pk": 11, "model": "pingpong.match", "fields": {"status": 3, "player1_bracket_slot": null, "group": 2, "player2_bracket_slot": null, "player2_score": null, "start_time": null, "player2": 1, "ready_time": null, "player1": 10, "end_time": "2016-01-30T11:30:34.941Z", "player1_score": null, "table": null}}, {"pk": 12, "model": "pingpong.match", "fields": {"status": 3, "player1_bracket_slot": null, "group": 2, "player2_bracket_slot": null, "player2_score": null, "start_time": null, "player2": 11, "ready_time": null, "player1": 1, "end_time": "2016-01-30T11:30:34.941Z", "player1_score": null, "table": null}}, {"pk": 13, "model": "pingpong.match", "fields": {"status": 3, "player1_bracket_slot": null, "group": 2, "player2_bracket_slot": null, "player2_score": null, "start_time": null, "player2": 10, "ready_time": null, "player1": 41, "end_time": "2016-01-30T11:30:34.941Z", "player1_score": null, "table": null}}, {"pk": 14, "model": "pingpong.match", "fields": {"status": 3, "player1_bracket_slot": null, "group": 2, "player2_bracket_slot": null, "player2_score": null, "start_time": "2016-01-30T08:43:37.338Z", "player2": null, "ready_time": null, "player1": null, "end_time": "2016-01-30T11:30:34.941Z", "player1_score": null, "table": 7}}, {"pk": 15, "model": "pingpong.match", "fields": {"status": 3, "player1_bracket_slot": 3, "group": null, "player2_bracket_slot": 4, "player2_score": 3, "start_time": "2016-01-30T11:51:42.623Z", "player2": 10, "ready_time": null, "player1": 2, "end_time": "2016-01-30T12:23:03.219Z", "player1_score": 1, "table": 1}}, {"pk": 16, "model": "pingpong.match", "fields": {"status": 3, "player1_bracket_slot": 6, "group": null, "player2_bracket_slot": 7, "player2_score": 3, "start_time": "2016-01-30T11:57:43.145Z", "player2": 41, "ready_time": null, "player1": 3, "end_time": "2016-01-30T12:13:51.099Z", "player1_score": 0, "table": 2}}, {"pk": 17, "model": "pingpong.match", "fields": {"status": 3, "player1_bracket_slot": 2, "group": null, "player2_bracket_slot": 5, "player2_score": 1, "start_time": "2016-01-30T12:33:28.031Z", "player2": 41, "ready_time": null, "player1": 10, "end_time": "2016-01-30T12:59:16.737Z", "player1_score": 3, "table": 2}}, {"pk": 18, "model": "pingpong.match", "fields": {"status": 3, "player1_bracket_slot": 10, "group": null, "player2_bracket_slot": 11, "player2_score": 0, "start_time": "2016-01-30T11:33:02.750Z", "player2": 11, "ready_time": null, "player1": 8, "end_time": "2016-01-30T11:49:19.173Z", "player1_score": 3, "table": 10}}, {"pk": 19, "model": "pingpong.match", "fields": {"status": 3, "player1_bracket_slot": 13, "group": null, "player2_bracket_slot": 14, "player2_score": 2, "start_time": "2016-01-30T11:33:06.649Z", "player2": 1, "ready_time": null, "player1": 9, "end_time": "2016-01-30T11:54:09.156Z", "player1_score": 3, "table": 11}}, {"pk": 20, "model": "pingpong.match", "fields": {"status": 3, "player1_bracket_slot": 9, "group": null, "player2_bracket_slot": 12, "player2_score": 1, "start_time": "2016-01-30T11:56:26.126Z", "player2": 9, "ready_time": null, "player1": 8, "end_time": "2016-01-30T12:18:35.138Z", "player1_score": 3, "table": 5}}, {"pk": 21, "model": "pingpong.match", "fields": {"status": 3, "player1_bracket_slot": null, "group": 3, "player2_bracket_slot": null, "player2_score": null, "start_time": null, "player2": 12, "ready_time": null, "player1": 50, "end_time": "2016-01-30T10:33:06.930Z", "player1_score": null, "table": null}}, {"pk": 22, "model": "pingpong.match", "fields": {"status": 3, "player1_bracket_slot": null, "group": 3, "player2_bracket_slot": null, "player2_score": null, "start_time": null, "player2": 59, "ready_time": null, "player1": 17, "end_time": "2016-01-30T10:33:06.930Z", "player1_score": null, "table": null}}, {"pk": 23, "model": "pingpong.match", "fields": {"status": 3, "player1_bracket_slot": null, "group": 3, "player2_bracket_slot": null, "player2_score": null, "start_time": null, "player2": 59, "ready_time": null, "player1": 12, "end_time": "2016-01-30T10:33:06.930Z", "player1_score": null, "table": null}}, {"pk": 24, "model": "pingpong.match", "fields": {"status": 3, "player1_bracket_slot": null, "group": 3, "player2_bracket_slot": null, "player2_score": null, "start_time": null, "player2": 17, "ready_time": null, "player1": 50, "end_time": "2016-01-30T10:33:06.930Z", "player1_score": null, "table": null}}, {"pk": 25, "model": "pingpong.match", "fields": {"status": 3, "player1_bracket_slot": null, "group": 3, "player2_bracket_slot": null, "player2_score": null, "start_time": null, "player2": 12, "ready_time": null, "player1": 17, "end_time": "2016-01-30T10:33:06.930Z", "player1_score": null, "table": null}}, {"pk": 26, "model": "pingpong.match", "fields": {"status": 3, "player1_bracket_slot": null, "group": 3, "player2_bracket_slot": null, "player2_score": null, "start_time": null, "player2": 50, "ready_time": null, "player1": 59, "end_time": "2016-01-30T10:33:06.930Z", "player1_score": null, "table": null}}, {"pk": 27, "model": "pingpong.match", "fields": {"status": 3, "player1_bracket_slot": null, "group": 3, "player2_bracket_slot": null, "player2_score": null, "start_time": "2016-01-30T08:25:30.404Z", "player2": null, "ready_time": null, "player1": null, "end_time": "2016-01-30T10:33:06.930Z", "player1_score": null, "table": 1}}, {"pk": 28, "model": "pingpong.match", "fields": {"status": 3, "player1_bracket_slot": null, "group": 4, "player2_bracket_slot": null, "player2_score": null, "start_time": null, "player2": 5, "ready_time": null, "player1": 16, "end_time": "2016-01-30T09:14:28.015Z", "player1_score": null, "table": null}}, {"pk": 29, "model": "pingpong.match", "fields": {"status": 3, "player1_bracket_slot": null, "group": 4, "player2_bracket_slot": null, "player2_score": null, "start_time": null, "player2": 16, "ready_time": null, "player1": 4, "end_time": "2016-01-30T09:14:28.015Z", "player1_score": null, "table": null}}, {"pk": 30, "model": "pingpong.match", "fields": {"status": 3, "player1_bracket_slot": null, "group": 4, "player2_bracket_slot": null, "player2_score": null, "start_time": null, "player2": 4, "ready_time": null, "player1": 5, "end_time": "2016-01-30T09:14:28.015Z", "player1_score": null, "table": null}}, {"pk": 31, "model": "pingpong.match", "fields": {"status": 3, "player1_bracket_slot": null, "group": 4, "player2_bracket_slot": null, "player2_score": null, "start_time": "2016-01-30T08:33:29.107Z", "player2": null, "ready_time": null, "player1": null, "end_time": "2016-01-30T09:14:28.015Z", "player1_score": null, "table": 11}}, {"pk": 32, "model": "pingpong.match", "fields": {"status": 3, "player1_bracket_slot": null, "group": 5, "player2_bracket_slot": null, "player2_score": null, "start_time": null, "player2": 6, "ready_time": null, "player1": 13, "end_time": "2016-01-30T09:18:58.449Z", "player1_score": null, "table": null}}, {"pk": 33, "model": "pingpong.match", "fields": {"status": 3, "player1_bracket_slot": null, "group": 5, "player2_bracket_slot": null, "player2_score": null, "start_time": null, "player2": 13, "ready_time": null, "player1": 14, "end_time": "2016-01-30T09:18:58.449Z", "player1_score": null, "table": null}}, {"pk": 34, "model": "pingpong.match", "fields": {"status": 3, "player1_bracket_slot": null, "group": 5, "player2_bracket_slot": null, "player2_score": null, "start_time": null, "player2": 14, "ready_time": null, "player1": 6, "end_time": "2016-01-30T09:18:58.449Z", "player1_score": null, "table": null}}, {"pk": 35, "model": "pingpong.match", "fields": {"status": 3, "player1_bracket_slot": null, "group": 5, "player2_bracket_slot": null, "player2_score": null, "start_time": "2016-01-30T08:31:01.141Z", "player2": null, "ready_time": null, "player1": null, "end_time": "2016-01-30T09:18:58.449Z", "player1_score": null, "table": 10}}, {"pk": 36, "model": "pingpong.match", "fields": {"status": 3, "player1_bracket_slot": null, "group": 6, "player2_bracket_slot": null, "player2_score": null, "start_time": null, "player2": 7, "ready_time": null, "player1": 15, "end_time": "2016-01-30T09:21:34.708Z", "player1_score": null, "table": null}}, {"pk": 37, "model": "pingpong.match", "fields": {"status": 3, "player1_bracket_slot": null, "group": 6, "player2_bracket_slot": null, "player2_score": null, "start_time": null, "player2": 15, "ready_time": null, "player1": 49, "end_time": "2016-01-30T09:21:34.708Z", "player1_score": null, "table": null}}, {"pk": 38, "model": "pingpong.match", "fields": {"status": 3, "player1_bracket_slot": null, "group": 6, "player2_bracket_slot": null, "player2_score": null, "start_time": null, "player2": 49, "ready_time": null, "player1": 7, "end_time": "2016-01-30T09:21:34.708Z", "player1_score": null, "table": null}}, {"pk": 39, "model": "pingpong.match", "fields": {"status": 3, "player1_bracket_slot": null, "group": 6, "player2_bracket_slot": null, "player2_score": null, "start_time": "2016-01-30T08:44:45.371Z", "player2": null, "ready_time": null, "player1": null, "end_time": "2016-01-30T09:21:34.708Z", "player1_score": null, "table": 9}}, {"pk": 40, "model": "pingpong.match", "fields": {"status": 3, "player1_bracket_slot": 18, "group": null, "player2_bracket_slot": 19, "player2_score": 0, "start_time": "2016-01-30T10:50:34.135Z", "player2": 14, "ready_time": null, "player1": 50, "end_time": "2016-01-30T11:04:41.429Z", "player1_score": 3, "table": 1}}, {"pk": 41, "model": "pingpong.match", "fields": {"status": 3, "player1_bracket_slot": 21, "group": null, "player2_bracket_slot": 22, "player2_score": 3, "start_time": "2016-01-30T10:01:02.287Z", "player2": 49, "ready_time": null, "player1": 4, "end_time": "2016-01-30T10:29:10.654Z", "player1_score": 0, "table": 11}}, {"pk": 42, "model": "pingpong.match", "fields": {"status": 3, "player1_bracket_slot": 17, "group": null, "player2_bracket_slot": 20, "player2_score": 1, "start_time": "2016-01-30T11:21:57.354Z", "player2": 49, "ready_time": null, "player1": 50, "end_time": "2016-01-30T11:51:26.749Z", "player1_score": 3, "table": 1}}, {"pk": 43, "model": "pingpong.match", "fields": {"status": 3, "player1_bracket_slot": 25, "group": null, "player2_bracket_slot": 26, "player2_score": 0, "start_time": "2016-01-30T10:34:18.244Z", "player2": 17, "ready_time": null, "player1": 6, "end_time": "2016-01-30T10:50:12.904Z", "player1_score": 3, "table": 1}}, {"pk": 44, "model": "pingpong.match", "fields": {"status": 3, "player1_bracket_slot": 28, "group": null, "player2_bracket_slot": 29, "player2_score": 3, "start_time": "2016-01-30T10:18:21.029Z", "player2": 5, "ready_time": null, "player1": 7, "end_time": "2016-01-30T10:37:57.398Z", "player1_score": 0, "table": 4}}, {"pk": 45, "model": "pingpong.match", "fields": {"status": 3, "player1_bracket_slot": 24, "group": null, "player2_bracket_slot": 27, "player2_score": 3, "start_time": "2016-01-30T11:35:26.300Z", "player2": 5, "ready_time": null, "player1": 6, "end_time": "2016-01-30T11:57:16.452Z", "player1_score": 1, "table": 2}}, {"pk": 46, "model": "pingpong.match", "fields": {"status": 3, "player1_bracket_slot": 16, "group": null, "player2_bracket_slot": 23, "player2_score": 3, "start_time": "2016-01-30T12:24:02.731Z", "player2": 5, "ready_time": null, "player1": 50, "end_time": "2016-01-30T12:49:43.033Z", "player1_score": 1, "table": 1}}, {"pk": 47, "model": "pingpong.match", "fields": {"status": 3, "player1_bracket_slot": 33, "group": null, "player2_bracket_slot": 34, "player2_score": null, "start_time": null, "player2": null, "ready_time": null, "player1": 59, "end_time": null, "player1_score": null, "table": null}}, {"pk": 48, "model": "pingpong.match", "fields": {"status": 3, "player1_bracket_slot": 36, "group": null, "player2_bracket_slot": 37, "player2_score": null, "start_time": null, "player2": 15, "ready_time": null, "player1": null, "end_time": null, "player1_score": null, "table": null}}, {"pk": 49, "model": "pingpong.match", "fields": {"status": 3, "player1_bracket_slot": 32, "group": null, "player2_bracket_slot": 35, "player2_score": 3, "start_time": "2016-01-30T10:34:43.589Z", "player2": 15, "ready_time": null, "player1": 59, "end_time": "2016-01-30T11:01:45.794Z", "player1_score": 1, "table": 10}}, {"pk": 50, "model": "pingpong.match", "fields": {"status": 3, "player1_bracket_slot": 40, "group": null, "player2_bracket_slot": 41, "player2_score": 0, "start_time": "2016-01-30T10:34:46.817Z", "player2": 12, "ready_time": null, "player1": 13, "end_time": "2016-01-30T10:51:50.646Z", "player1_score": 3, "table": 11}}, {"pk": 51, "model": "pingpong.match", "fields": {"status": 3, "player1_bracket_slot": 43, "group": null, "player2_bracket_slot": 44, "player2_score": null, "start_time": null, "player2": 16, "ready_time": null, "player1": null, "end_time": null, "player1_score": null, "table": null}}, {"pk": 52, "model": "pingpong.match", "fields": {"status": 3, "player1_bracket_slot": 39, "group": null, "player2_bracket_slot": 42, "player2_score": 0, "start_time": "2016-01-30T11:08:51.675Z", "player2": 16, "ready_time": null, "player1": 13, "end_time": "2016-01-30T11:22:12.414Z", "player1_score": 3, "table": 11}}, {"pk": 53, "model": "pingpong.match", "fields": {"status": 3, "player1_bracket_slot": 31, "group": null, "player2_bracket_slot": 38, "player2_score": 3, "start_time": "2016-01-30T11:30:06.582Z", "player2": 13, "ready_time": null, "player1": 15, "end_time": "2016-01-30T11:54:44.386Z", "player1_score": 0, "table": 5}}, {"pk": 90, "model": "pingpong.match", "fields": {"status": 3, "player1_bracket_slot": null, "group": 11, "player2_bracket_slot": null, "player2_score": null, "start_time": null, "player2": 29, "ready_time": null, "player1": 39, "end_time": "2016-01-30T10:41:57.062Z", "player1_score": null, "table": null}}, {"pk": 91, "model": "pingpong.match", "fields": {"status": 3, "player1_bracket_slot": null, "group": 11, "player2_bracket_slot": null, "player2_score": null, "start_time": null, "player2": 32, "ready_time": null, "player1": 38, "end_time": "2016-01-30T10:41:57.062Z", "player1_score": null, "table": null}}, {"pk": 92, "model": "pingpong.match", "fields": {"status": 3, "player1_bracket_slot": null, "group": 11, "player2_bracket_slot": null, "player2_score": null, "start_time": null, "player2": 32, "ready_time": null, "player1": 29, "end_time": "2016-01-30T10:41:57.062Z", "player1_score": null, "table": null}}, {"pk": 93, "model": "pingpong.match", "fields": {"status": 3, "player1_bracket_slot": null, "group": 11, "player2_bracket_slot": null, "player2_score": null, "start_time": null, "player2": 38, "ready_time": null, "player1": 39, "end_time": "2016-01-30T10:41:57.062Z", "player1_score": null, "table": null}}, {"pk": 94, "model": "pingpong.match", "fields": {"status": 3, "player1_bracket_slot": null, "group": 11, "player2_bracket_slot": null, "player2_score": null, "start_time": null, "player2": 29, "ready_time": null, "player1": 38, "end_time": "2016-01-30T10:41:57.062Z", "player1_score": null, "table": null}}, {"pk": 95, "model": "pingpong.match", "fields": {"status": 3, "player1_bracket_slot": null, "group": 11, "player2_bracket_slot": null, "player2_score": null, "start_time": null, "player2": 39, "ready_time": null, "player1": 32, "end_time": "2016-01-30T10:41:57.062Z", "player1_score": null, "table": null}}, {"pk": 96, "model": "pingpong.match", "fields": {"status": 3, "player1_bracket_slot": null, "group": 11, "player2_bracket_slot": null, "player2_score": null, "start_time": "2016-01-30T08:27:37.671Z", "player2": null, "ready_time": null, "player1": null, "end_time": "2016-01-30T10:41:57.062Z", "player1_score": null, "table": 5}}, {"pk": 97, "model": "pingpong.match", "fields": {"status": 3, "player1_bracket_slot": null, "group": 12, "player2_bracket_slot": null, "player2_score": null, "start_time": null, "player2": 33, "ready_time": null, "player1": 34, "end_time": "2016-01-30T09:33:03.673Z", "player1_score": null, "table": null}}, {"pk": 98, "model": "pingpong.match", "fields": {"status": 3, "player1_bracket_slot": null, "group": 12, "player2_bracket_slot": null, "player2_score": null, "start_time": null, "player2": 28, "ready_time": null, "player1": 31, "end_time": "2016-01-30T09:33:03.673Z", "player1_score": null, "table": null}}, {"pk": 99, "model": "pingpong.match", "fields": {"status": 3, "player1_bracket_slot": null, "group": 12, "player2_bracket_slot": null, "player2_score": null, "start_time": null, "player2": 28, "ready_time": null, "player1": 33, "end_time": "2016-01-30T09:33:03.673Z", "player1_score": null, "table": null}}, {"pk": 100, "model": "pingpong.match", "fields": {"status": 3, "player1_bracket_slot": null, "group": 12, "player2_bracket_slot": null, "player2_score": null, "start_time": null, "player2": 31, "ready_time": null, "player1": 34, "end_time": "2016-01-30T09:33:03.673Z", "player1_score": null, "table": null}}, {"pk": 101, "model": "pingpong.match", "fields": {"status": 3, "player1_bracket_slot": null, "group": 12, "player2_bracket_slot": null, "player2_score": null, "start_time": null, "player2": 33, "ready_time": null, "player1": 31, "end_time": "2016-01-30T09:33:03.673Z", "player1_score": null, "table": null}}, {"pk": 102, "model": "pingpong.match", "fields": {"status": 3, "player1_bracket_slot": null, "group": 12, "player2_bracket_slot": null, "player2_score": null, "start_time": null, "player2": 34, "ready_time": null, "player1": 28, "end_time": "2016-01-30T09:33:03.673Z", "player1_score": null, "table": null}}, {"pk": 103, "model": "pingpong.match", "fields": {"status": 3, "player1_bracket_slot": null, "group": 12, "player2_bracket_slot": null, "player2_score": null, "start_time": "2016-01-30T08:28:09.825Z", "player2": null, "ready_time": null, "player1": null, "end_time": "2016-01-30T09:33:03.673Z", "player1_score": null, "table": 6}}, {"pk": 104, "model": "pingpong.match", "fields": {"status": 3, "player1_bracket_slot": null, "group": 13, "player2_bracket_slot": null, "player2_score": null, "start_time": null, "player2": 36, "ready_time": null, "player1": 58, "end_time": "2016-01-30T10:08:12.418Z", "player1_score": null, "table": null}}, {"pk": 105, "model": "pingpong.match", "fields": {"status": 3, "player1_bracket_slot": null, "group": 13, "player2_bracket_slot": null, "player2_score": null, "start_time": null, "player2": 40, "ready_time": null, "player1": 30, "end_time": "2016-01-30T10:08:12.418Z", "player1_score": null, "table": null}}, {"pk": 106, "model": "pingpong.match", "fields": {"status": 3, "player1_bracket_slot": null, "group": 13, "player2_bracket_slot": null, "player2_score": null, "start_time": null, "player2": 40, "ready_time": null, "player1": 36, "end_time": "2016-01-30T10:08:12.418Z", "player1_score": null, "table": null}}, {"pk": 107, "model": "pingpong.match", "fields": {"status": 3, "player1_bracket_slot": null, "group": 13, "player2_bracket_slot": null, "player2_score": null, "start_time": null, "player2": 30, "ready_time": null, "player1": 58, "end_time": "2016-01-30T10:08:12.418Z", "player1_score": null, "table": null}}, {"pk": 108, "model": "pingpong.match", "fields": {"status": 3, "player1_bracket_slot": null, "group": 13, "player2_bracket_slot": null, "player2_score": null, "start_time": null, "player2": 36, "ready_time": null, "player1": 30, "end_time": "2016-01-30T10:08:12.418Z", "player1_score": null, "table": null}}, {"pk": 109, "model": "pingpong.match", "fields": {"status": 3, "player1_bracket_slot": null, "group": 13, "player2_bracket_slot": null, "player2_score": null, "start_time": null, "player2": 58, "ready_time": null, "player1": 40, "end_time": "2016-01-30T10:08:12.418Z", "player1_score": null, "table": null}}, {"pk": 110, "model": "pingpong.match", "fields": {"status": 3, "player1_bracket_slot": null, "group": 13, "player2_bracket_slot": null, "player2_score": null, "start_time": "2016-01-30T09:19:21.437Z", "player2": null, "ready_time": null, "player1": null, "end_time": "2016-01-30T10:08:12.418Z", "player1_score": null, "table": 10}}, {"pk": 111, "model": "pingpong.match", "fields": {"status": 3, "player1_bracket_slot": null, "group": 14, "player2_bracket_slot": null, "player2_score": null, "start_time": null, "player2": 35, "ready_time": null, "player1": 61, "end_time": "2016-01-30T10:41:05.829Z", "player1_score": null, "table": null}}, {"pk": 112, "model": "pingpong.match", "fields": {"status": 3, "player1_bracket_slot": null, "group": 14, "player2_bracket_slot": null, "player2_score": null, "start_time": null, "player2": 61, "ready_time": null, "player1": 37, "end_time": "2016-01-30T10:41:05.829Z", "player1_score": null, "table": null}}, {"pk": 113, "model": "pingpong.match", "fields": {"status": 3, "player1_bracket_slot": null, "group": 14, "player2_bracket_slot": null, "player2_score": null, "start_time": null, "player2": 37, "ready_time": null, "player1": 35, "end_time": "2016-01-30T10:41:05.829Z", "player1_score": null, "table": null}}, {"pk": 114, "model": "pingpong.match", "fields": {"status": 3, "player1_bracket_slot": null, "group": 14, "player2_bracket_slot": null, "player2_score": null, "start_time": "2016-01-30T09:21:42.620Z", "player2": null, "ready_time": null, "player1": null, "end_time": "2016-01-30T10:41:05.829Z", "player1_score": null, "table": 9}}, {"pk": 115, "model": "pingpong.match", "fields": {"status": 3, "player1_bracket_slot": 78, "group": null, "player2_bracket_slot": 79, "player2_score": 3, "start_time": "2016-01-30T10:43:09.735Z", "player2": 36, "ready_time": null, "player1": 32, "end_time": "2016-01-30T11:10:18.625Z", "player1_score": 1, "table": 4}}, {"pk": 116, "model": "pingpong.match", "fields": {"status": 3, "player1_bracket_slot": 81, "group": null, "player2_bracket_slot": 82, "player2_score": 0, "start_time": "2016-01-30T11:14:54.962Z", "player2": 35, "ready_time": null, "player1": 34, "end_time": "2016-01-30T11:35:05.353Z", "player1_score": 3, "table": 2}}, {"pk": 117, "model": "pingpong.match", "fields": {"status": 3, "player1_bracket_slot": 77, "group": null, "player2_bracket_slot": 80, "player2_score": 2, "start_time": "2016-01-30T11:43:30.375Z", "player2": 34, "ready_time": null, "player1": 36, "end_time": "2016-01-30T12:11:10.098Z", "player1_score": 3, "table": 3}}, {"pk": 118, "model": "pingpong.match", "fields": {"status": 3, "player1_bracket_slot": 85, "group": null, "player2_bracket_slot": 86, "player2_score": 3, "start_time": "2016-01-30T10:43:11.891Z", "player2": 29, "ready_time": null, "player1": 30, "end_time": "2016-01-30T10:59:37.908Z", "player1_score": 0, "table": 5}}, {"pk": 119, "model": "pingpong.match", "fields": {"status": 3, "player1_bracket_slot": 88, "group": null, "player2_bracket_slot": 89, "player2_score": 3, "start_time": "2016-01-30T11:06:02.682Z", "player2": 33, "ready_time": null, "player1": 61, "end_time": "2016-01-30T11:21:31.380Z", "player1_score": 0, "table": 1}}, {"pk": 120, "model": "pingpong.match", "fields": {"status": 3, "player1_bracket_slot": 84, "group": null, "player2_bracket_slot": 87, "player2_score": 1, "start_time": "2016-01-30T11:52:25.123Z", "player2": 33, "ready_time": null, "player1": 29, "end_time": "2016-01-30T12:15:52.308Z", "player1_score": 3, "table": 4}}, {"pk": 121, "model": "pingpong.match", "fields": {"status": 3, "player1_bracket_slot": 76, "group": null, "player2_bracket_slot": 83, "player2_score": 3, "start_time": "2016-01-30T12:25:28.782Z", "player2": 29, "ready_time": null, "player1": 36, "end_time": "2016-01-30T12:42:40.899Z", "player1_score": 0, "table": 5}}, {"pk": 122, "model": "pingpong.match", "fields": {"status": 3, "player1_bracket_slot": 93, "group": null, "player2_bracket_slot": 94, "player2_score": 0, "start_time": "2016-01-30T10:52:06.203Z", "player2": 40, "ready_time": null, "player1": 39, "end_time": "2016-01-30T10:55:29.572Z", "player1_score": 3, "table": 11}}, {"pk": 123, "model": "pingpong.match", "fields": {"status": 3, "player1_bracket_slot": 96, "group": null, "player2_bracket_slot": 97, "player2_score": 3, "start_time": "2016-01-30T10:54:38.703Z", "player2": 37, "ready_time": null, "player1": 31, "end_time": "2016-01-30T10:56:57.294Z", "player1_score": 0, "table": 8}}, {"pk": 124, "model": "pingpong.match", "fields": {"status": 3, "player1_bracket_slot": 92, "group": null, "player2_bracket_slot": 95, "player2_score": 0, "start_time": "2016-01-30T11:06:58.874Z", "player2": 37, "ready_time": null, "player1": 39, "end_time": "2016-01-30T11:23:18.359Z", "player1_score": 3, "table": 9}}, {"pk": 125, "model": "pingpong.match", "fields": {"status": 3, "player1_bracket_slot": 100, "group": null, "player2_bracket_slot": 101, "player2_score": 3, "start_time": "2016-01-30T10:41:15.262Z", "player2": 38, "ready_time": null, "player1": 58, "end_time": "2016-01-30T11:05:46.599Z", "player1_score": 2, "table": 9}}, {"pk": 126, "model": "pingpong.match", "fields": {"status": 3, "player1_bracket_slot": 103, "group": null, "player2_bracket_slot": 104, "player2_score": null, "start_time": null, "player2": 28, "ready_time": null, "player1": null, "end_time": null, "player1_score": null, "table": null}}, {"pk": 127, "model": "pingpong.match", "fields": {"status": 3, "player1_bracket_slot": 99, "group": null, "player2_bracket_slot": 102, "player2_score": 3, "start_time": "2016-01-30T11:07:06.372Z", "player2": 28, "ready_time": null, "player1": 38, "end_time": "2016-01-30T11:26:48.819Z", "player1_score": 1, "table": 10}}, {"pk": 128, "model": "pingpong.match", "fields": {"status": 3, "player1_bracket_slot": 91, "group": null, "player2_bracket_slot": 98, "player2_score": 3, "start_time": "2016-01-30T11:30:11.949Z", "player2": 28, "ready_time": null, "player1": 39, "end_time": "2016-01-30T11:57:07.544Z", "player1_score": 2, "table": 8}}, {"pk": 144, "model": "pingpong.match", "fields": {"status": 3, "player1_bracket_slot": null, "group": 16, "player2_bracket_slot": null, "player2_score": null, "start_time": null, "player2": 53, "ready_time": null, "player1": 55, "end_time": "2016-01-30T11:14:33.295Z", "player1_score": null, "table": null}}, {"pk": 145, "model": "pingpong.match", "fields": {"status": 3, "player1_bracket_slot": null, "group": 16, "player2_bracket_slot": null, "player2_score": null, "start_time": null, "player2": 57, "ready_time": null, "player1": 56, "end_time": "2016-01-30T11:14:33.295Z", "player1_score": null, "table": null}}, {"pk": 146, "model": "pingpong.match", "fields": {"status": 3, "player1_bracket_slot": null, "group": 16, "player2_bracket_slot": null, "player2_score": null, "start_time": null, "player2": 56, "ready_time": null, "player1": 53, "end_time": "2016-01-30T11:14:33.295Z", "player1_score": null, "table": null}}, {"pk": 147, "model": "pingpong.match", "fields": {"status": 3, "player1_bracket_slot": null, "group": 16, "player2_bracket_slot": null, "player2_score": null, "start_time": null, "player2": 55, "ready_time": null, "player1": 54, "end_time": "2016-01-30T11:14:33.295Z", "player1_score": null, "table": null}}, {"pk": 148, "model": "pingpong.match", "fields": {"status": 3, "player1_bracket_slot": null, "group": 16, "player2_bracket_slot": null, "player2_score": null, "start_time": null, "player2": 54, "ready_time": null, "player1": 56, "end_time": "2016-01-30T11:14:33.295Z", "player1_score": null, "table": null}}, {"pk": 149, "model": "pingpong.match", "fields": {"status": 3, "player1_bracket_slot": null, "group": 16, "player2_bracket_slot": null, "player2_score": null, "start_time": null, "player2": 53, "ready_time": null, "player1": 57, "end_time": "2016-01-30T11:14:33.295Z", "player1_score": null, "table": null}}, {"pk": 150, "model": "pingpong.match", "fields": {"status": 3, "player1_bracket_slot": null, "group": 16, "player2_bracket_slot": null, "player2_score": null, "start_time": null, "player2": 57, "ready_time": null, "player1": 54, "end_time": "2016-01-30T11:14:33.295Z", "player1_score": null, "table": null}}, {"pk": 151, "model": "pingpong.match", "fields": {"status": 3, "player1_bracket_slot": null, "group": 16, "player2_bracket_slot": null, "player2_score": null, "start_time": null, "player2": 56, "ready_time": null, "player1": 55, "end_time": "2016-01-30T11:14:33.295Z", "player1_score": null, "table": null}}, {"pk": 152, "model": "pingpong.match", "fields": {"status": 3, "player1_bracket_slot": null, "group": 16, "player2_bracket_slot": null, "player2_score": null, "start_time": null, "player2": 55, "ready_time": null, "player1": 57, "end_time": "2016-01-30T11:14:33.295Z", "player1_score": null, "table": null}}, {"pk": 153, "model": "pingpong.match", "fields": {"status": 3, "player1_bracket_slot": null, "group": 16, "player2_bracket_slot": null, "player2_score": null, "start_time": null, "player2": 54, "ready_time": null, "player1": 53, "end_time": "2016-01-30T11:14:33.295Z", "player1_score": null, "table": null}}, {"pk": 154, "model": "pingpong.match", "fields": {"status": 3, "player1_bracket_slot": null, "group": 16, "player2_bracket_slot": null, "player2_score": null, "start_time": "2016-01-30T08:34:16.008Z", "player2": null, "ready_time": null, "player1": null, "end_time": "2016-01-30T11:14:33.295Z", "player1_score": null, "table": 12}}, {"pk": 198, "model": "pingpong.match", "fields": {"status": 3, "player1_bracket_slot": null, "group": 21, "player2_bracket_slot": null, "player2_score": null, "start_time": null, "player2": 19, "ready_time": null, "player1": 47, "end_time": "2016-01-30T11:00:52.872Z", "player1_score": null, "table": null}}, {"pk": 199, "model": "pingpong.match", "fields": {"status": 3, "player1_bracket_slot": null, "group": 21, "player2_bracket_slot": null, "player2_score": null, "start_time": null, "player2": 23, "ready_time": null, "player1": 24, "end_time": "2016-01-30T11:00:52.872Z", "player1_score": null, "table": null}}, {"pk": 200, "model": "pingpong.match", "fields": {"status": 3, "player1_bracket_slot": null, "group": 21, "player2_bracket_slot": null, "player2_score": null, "start_time": null, "player2": 23, "ready_time": null, "player1": 19, "end_time": "2016-01-30T11:00:52.872Z", "player1_score": null, "table": null}}, {"pk": 201, "model": "pingpong.match", "fields": {"status": 3, "player1_bracket_slot": null, "group": 21, "player2_bracket_slot": null, "player2_score": null, "start_time": null, "player2": 24, "ready_time": null, "player1": 47, "end_time": "2016-01-30T11:00:52.872Z", "player1_score": null, "table": null}}, {"pk": 202, "model": "pingpong.match", "fields": {"status": 3, "player1_bracket_slot": null, "group": 21, "player2_bracket_slot": null, "player2_score": null, "start_time": null, "player2": 19, "ready_time": null, "player1": 24, "end_time": "2016-01-30T11:00:52.872Z", "player1_score": null, "table": null}}, {"pk": 203, "model": "pingpong.match", "fields": {"status": 3, "player1_bracket_slot": null, "group": 21, "player2_bracket_slot": null, "player2_score": null, "start_time": null, "player2": 47, "ready_time": null, "player1": 23, "end_time": "2016-01-30T11:00:52.872Z", "player1_score": null, "table": null}}, {"pk": 204, "model": "pingpong.match", "fields": {"status": 3, "player1_bracket_slot": null, "group": 21, "player2_bracket_slot": null, "player2_score": null, "start_time": "2016-01-30T08:50:24.100Z", "player2": null, "ready_time": null, "player1": null, "end_time": "2016-01-30T11:00:52.872Z", "player1_score": null, "table": 3}}, {"pk": 205, "model": "pingpong.match", "fields": {"status": 3, "player1_bracket_slot": null, "group": 22, "player2_bracket_slot": null, "player2_score": null, "start_time": null, "player2": 21, "ready_time": null, "player1": 25, "end_time": "2016-01-30T11:14:15.810Z", "player1_score": null, "table": null}}, {"pk": 206, "model": "pingpong.match", "fields": {"status": 3, "player1_bracket_slot": null, "group": 22, "player2_bracket_slot": null, "player2_score": null, "start_time": null, "player2": 48, "ready_time": null, "player1": 52, "end_time": "2016-01-30T11:14:15.810Z", "player1_score": null, "table": null}}, {"pk": 207, "model": "pingpong.match", "fields": {"status": 3, "player1_bracket_slot": null, "group": 22, "player2_bracket_slot": null, "player2_score": null, "start_time": null, "player2": 48, "ready_time": null, "player1": 21, "end_time": "2016-01-30T11:14:15.810Z", "player1_score": null, "table": null}}, {"pk": 208, "model": "pingpong.match", "fields": {"status": 3, "player1_bracket_slot": null, "group": 22, "player2_bracket_slot": null, "player2_score": null, "start_time": null, "player2": 52, "ready_time": null, "player1": 25, "end_time": "2016-01-30T11:14:15.810Z", "player1_score": null, "table": null}}, {"pk": 209, "model": "pingpong.match", "fields": {"status": 3, "player1_bracket_slot": null, "group": 22, "player2_bracket_slot": null, "player2_score": null, "start_time": null, "player2": 21, "ready_time": null, "player1": 52, "end_time": "2016-01-30T11:14:15.810Z", "player1_score": null, "table": null}}, {"pk": 210, "model": "pingpong.match", "fields": {"status": 3, "player1_bracket_slot": null, "group": 22, "player2_bracket_slot": null, "player2_score": null, "start_time": null, "player2": 25, "ready_time": null, "player1": 48, "end_time": "2016-01-30T11:14:15.810Z", "player1_score": null, "table": null}}, {"pk": 211, "model": "pingpong.match", "fields": {"status": 3, "player1_bracket_slot": null, "group": 22, "player2_bracket_slot": null, "player2_score": null, "start_time": "2016-01-30T08:40:51.119Z", "player2": null, "ready_time": null, "player1": null, "end_time": "2016-01-30T11:14:15.810Z", "player1_score": null, "table": 2}}, {"pk": 212, "model": "pingpong.match", "fields": {"status": 3, "player1_bracket_slot": null, "group": 23, "player2_bracket_slot": null, "player2_score": null, "start_time": null, "player2": 64, "ready_time": null, "player1": 20, "end_time": "2016-01-30T10:18:04.475Z", "player1_score": null, "table": null}}, {"pk": 213, "model": "pingpong.match", "fields": {"status": 3, "player1_bracket_slot": null, "group": 23, "player2_bracket_slot": null, "player2_score": null, "start_time": null, "player2": 51, "ready_time": null, "player1": 22, "end_time": "2016-01-30T10:18:04.475Z", "player1_score": null, "table": null}}, {"pk": 214, "model": "pingpong.match", "fields": {"status": 3, "player1_bracket_slot": null, "group": 23, "player2_bracket_slot": null, "player2_score": null, "start_time": null, "player2": 51, "ready_time": null, "player1": 64, "end_time": "2016-01-30T10:18:04.475Z", "player1_score": null, "table": null}}, {"pk": 215, "model": "pingpong.match", "fields": {"status": 3, "player1_bracket_slot": null, "group": 23, "player2_bracket_slot": null, "player2_score": null, "start_time": null, "player2": 22, "ready_time": null, "player1": 20, "end_time": "2016-01-30T10:18:04.475Z", "player1_score": null, "table": null}}, {"pk": 216, "model": "pingpong.match", "fields": {"status": 3, "player1_bracket_slot": null, "group": 23, "player2_bracket_slot": null, "player2_score": null, "start_time": null, "player2": 64, "ready_time": null, "player1": 22, "end_time": "2016-01-30T10:18:04.475Z", "player1_score": null, "table": null}}, {"pk": 217, "model": "pingpong.match", "fields": {"status": 3, "player1_bracket_slot": null, "group": 23, "player2_bracket_slot": null, "player2_score": null, "start_time": null, "player2": 20, "ready_time": null, "player1": 51, "end_time": "2016-01-30T10:18:04.475Z", "player1_score": null, "table": null}}, {"pk": 218, "model": "pingpong.match", "fields": {"status": 3, "player1_bracket_slot": null, "group": 23, "player2_bracket_slot": null, "player2_score": null, "start_time": "2016-01-30T08:48:50.138Z", "player2": null, "ready_time": null, "player1": null, "end_time": "2016-01-30T10:18:04.475Z", "player1_score": null, "table": 4}}, {"pk": 219, "model": "pingpong.match", "fields": {"status": 3, "player1_bracket_slot": null, "group": 24, "player2_bracket_slot": null, "player2_score": null, "start_time": null, "player2": 27, "ready_time": null, "player1": 18, "end_time": "2016-01-30T09:37:45.956Z", "player1_score": null, "table": null}}, {"pk": 220, "model": "pingpong.match", "fields": {"status": 3, "player1_bracket_slot": null, "group": 24, "player2_bracket_slot": null, "player2_score": null, "start_time": null, "player2": 18, "ready_time": null, "player1": 46, "end_time": "2016-01-30T09:37:45.956Z", "player1_score": null, "table": null}}, {"pk": 221, "model": "pingpong.match", "fields": {"status": 3, "player1_bracket_slot": null, "group": 24, "player2_bracket_slot": null, "player2_score": null, "start_time": null, "player2": 46, "ready_time": null, "player1": 27, "end_time": "2016-01-30T09:37:45.956Z", "player1_score": null, "table": null}}, {"pk": 222, "model": "pingpong.match", "fields": {"status": 3, "player1_bracket_slot": null, "group": 24, "player2_bracket_slot": null, "player2_score": null, "start_time": "2016-01-30T08:52:13.564Z", "player2": null, "ready_time": null, "player1": null, "end_time": "2016-01-30T09:37:45.956Z", "player1_score": null, "table": 8}}, {"pk": 223, "model": "pingpong.match", "fields": {"status": 3, "player1_bracket_slot": 158, "group": null, "player2_bracket_slot": 159, "player2_score": 0, "start_time": "2016-01-30T11:11:11.520Z", "player2": 51, "ready_time": null, "player1": 47, "end_time": "2016-01-30T11:28:41.324Z", "player1_score": 3, "table": 4}}, {"pk": 224, "model": "pingpong.match", "fields": {"status": 3, "player1_bracket_slot": 161, "group": null, "player2_bracket_slot": 162, "player2_score": 3, "start_time": "2016-01-30T11:21:05.867Z", "player2": 46, "ready_time": null, "player1": 21, "end_time": "2016-01-30T11:42:58.440Z", "player1_score": 0, "table": 3}}, {"pk": 225, "model": "pingpong.match", "fields": {"status": 3, "player1_bracket_slot": 157, "group": null, "player2_bracket_slot": 160, "player2_score": 1, "start_time": "2016-01-30T12:11:22.858Z", "player2": 46, "ready_time": null, "player1": 47, "end_time": "2016-01-30T12:38:19.707Z", "player1_score": 3, "table": 3}}, {"pk": 226, "model": "pingpong.match", "fields": {"status": 3, "player1_bracket_slot": 165, "group": null, "player2_bracket_slot": 166, "player2_score": 0, "start_time": "2016-01-30T11:33:46.286Z", "player2": 24, "ready_time": null, "player1": 20, "end_time": "2016-01-30T11:52:02.494Z", "player1_score": 3, "table": 4}}, {"pk": 227, "model": "pingpong.match", "fields": {"status": 3, "player1_bracket_slot": 168, "group": null, "player2_bracket_slot": 169, "player2_score": 3, "start_time": "2016-01-30T11:37:59.198Z", "player2": 48, "ready_time": null, "player1": 18, "end_time": "2016-01-30T12:01:29.986Z", "player1_score": 0, "table": 6}}, {"pk": 228, "model": "pingpong.match", "fields": {"status": 3, "player1_bracket_slot": 164, "group": null, "player2_bracket_slot": 167, "player2_score": 2, "start_time": "2016-01-30T12:15:59.030Z", "player2": 48, "ready_time": null, "player1": 20, "end_time": "2016-01-30T12:53:00.033Z", "player1_score": 3, "table": 4}}, {"pk": 229, "model": "pingpong.match", "fields": {"status": 3, "player1_bracket_slot": 156, "group": null, "player2_bracket_slot": 163, "player2_score": 0, "start_time": "2016-01-30T12:53:19.062Z", "player2": 20, "ready_time": null, "player1": 47, "end_time": "2016-01-30T13:15:49.215Z", "player1_score": 3, "table": 1}}, {"pk": 230, "model": "pingpong.match", "fields": {"status": 3, "player1_bracket_slot": 173, "group": null, "player2_bracket_slot": 174, "player2_score": 1, "start_time": "2016-01-30T11:02:48.941Z", "player2": 64, "ready_time": null, "player1": 19, "end_time": "2016-01-30T11:27:44.118Z", "player1_score": 3, "table": 8}}, {"pk": 231, "model": "pingpong.match", "fields": {"status": 3, "player1_bracket_slot": 176, "group": null, "player2_bracket_slot": 177, "player2_score": 3, "start_time": "2016-01-30T11:15:19.535Z", "player2": 27, "ready_time": null, "player1": 52, "end_time": "2016-01-30T12:00:59.378Z", "player1_score": 0, "table": 12}}, {"pk": 232, "model": "pingpong.match", "fields": {"status": 3, "player1_bracket_slot": 172, "group": null, "player2_bracket_slot": 175, "player2_score": 0, "start_time": "2016-01-30T12:01:07.592Z", "player2": 27, "ready_time": null, "player1": 19, "end_time": "2016-01-30T12:25:37.772Z", "player1_score": 3, "table": 8}}, {"pk": 233, "model": "pingpong.match", "fields": {"status": 3, "player1_bracket_slot": 180, "group": null, "player2_bracket_slot": 181, "player2_score": 2, "start_time": "2016-01-30T11:02:41.380Z", "player2": 23, "ready_time": null, "player1": 22, "end_time": "2016-01-30T11:29:25.965Z", "player1_score": 3, "table": 5}}, {"pk": 234, "model": "pingpong.match", "fields": {"status": 3, "player1_bracket_slot": 183, "group": null, "player2_bracket_slot": 184, "player2_score": null, "start_time": null, "player2": 25, "ready_time": null, "player1": null, "end_time": null, "player1_score": null, "table": null}}, {"pk": 235, "model": "pingpong.match", "fields": {"status": 3, "player1_bracket_slot": 179, "group": null, "player2_bracket_slot": 182, "player2_score": 1, "start_time": "2016-01-30T11:37:53.169Z", "player2": 25, "ready_time": null, "player1": 22, "end_time": "2016-01-30T12:02:52.009Z", "player1_score": 3, "table": 7}}, {"pk": 236, "model": "pingpong.match", "fields": {"status": 3, "player1_bracket_slot": 171, "group": null, "player2_bracket_slot": 178, "player2_score": 0, "start_time": "2016-01-30T12:25:49.905Z", "player2": 22, "ready_time": null, "player1": 19, "end_time": "2016-01-30T12:47:11.752Z", "player1_score": 3, "table": 8}}, {"pk": 237, "model": "pingpong.match", "fields": {"status": 3, "player1_bracket_slot": null, "group": 25, "player2_bracket_slot": null, "player2_score": null, "start_time": null, "player2": 43, "ready_time": null, "player1": 42, "end_time": "2016-01-30T09:58:39.818Z", "player1_score": null, "table": null}}, {"pk": 238, "model": "pingpong.match", "fields": {"status": 3, "player1_bracket_slot": null, "group": 25, "player2_bracket_slot": null, "player2_score": null, "start_time": null, "player2": 42, "ready_time": null, "player1": 62, "end_time": "2016-01-30T09:58:39.818Z", "player1_score": null, "table": null}}, {"pk": 239, "model": "pingpong.match", "fields": {"status": 3, "player1_bracket_slot": null, "group": 25, "player2_bracket_slot": null, "player2_score": null, "start_time": null, "player2": 62, "ready_time": null, "player1": 43, "end_time": "2016-01-30T09:58:39.818Z", "player1_score": null, "table": null}}, {"pk": 240, "model": "pingpong.match", "fields": {"status": 3, "player1_bracket_slot": null, "group": 25, "player2_bracket_slot": null, "player2_score": null, "start_time": "2016-01-30T09:14:47.916Z", "player2": null, "ready_time": null, "player1": null, "end_time": "2016-01-30T09:58:39.818Z", "player1_score": null, "table": 11}}, {"pk": 241, "model": "pingpong.match", "fields": {"status": 3, "player1_bracket_slot": null, "group": 26, "player2_bracket_slot": null, "player2_score": null, "start_time": null, "player2": 63, "ready_time": null, "player1": 44, "end_time": "2016-01-30T10:52:59.435Z", "player1_score": null, "table": null}}, {"pk": 242, "model": "pingpong.match", "fields": {"status": 3, "player1_bracket_slot": null, "group": 26, "player2_bracket_slot": null, "player2_score": null, "start_time": null, "player2": 44, "ready_time": null, "player1": 65, "end_time": "2016-01-30T10:52:59.435Z", "player1_score": null, "table": null}}, {"pk": 243, "model": "pingpong.match", "fields": {"status": 3, "player1_bracket_slot": null, "group": 26, "player2_bracket_slot": null, "player2_score": null, "start_time": null, "player2": 65, "ready_time": null, "player1": 63, "end_time": "2016-01-30T10:52:59.435Z", "player1_score": null, "table": null}}, {"pk": 244, "model": "pingpong.match", "fields": {"status": 3, "player1_bracket_slot": null, "group": 26, "player2_bracket_slot": null, "player2_score": null, "start_time": "2016-01-30T09:37:55.138Z", "player2": null, "ready_time": null, "player1": null, "end_time": "2016-01-30T10:52:59.435Z", "player1_score": null, "table": 8}}, {"pk": 245, "model": "pingpong.match", "fields": {"status": 3, "player1_bracket_slot": 187, "group": null, "player2_bracket_slot": 188, "player2_score": 0, "start_time": "2016-01-30T11:03:13.975Z", "player2": 65, "ready_time": null, "player1": 42, "end_time": "2016-01-30T11:20:33.188Z", "player1_score": 3, "table": 3}}, {"pk": 246, "model": "pingpong.match", "fields": {"status": 3, "player1_bracket_slot": 190, "group": null, "player2_bracket_slot": 191, "player2_score": 0, "start_time": "2016-01-30T11:46:52.887Z", "player2": 44, "ready_time": null, "player1": 62, "end_time": "2016-01-30T12:08:17.923Z", "player1_score": 3, "table": 9}}, {"pk": 247, "model": "pingpong.match", "fields": {"status": 3, "player1_bracket_slot": 186, "group": null, "player2_bracket_slot": 189, "player2_score": 0, "start_time": "2016-01-30T12:15:12.608Z", "player2": 62, "ready_time": null, "player1": 42, "end_time": "2016-01-30T12:33:16.927Z", "player1_score": 3, "table": 2}}, {"pk": 248, "model": "pingpong.match", "fields": {"status": 3, "player1_bracket_slot": 193, "group": null, "player2_bracket_slot": 194, "player2_score": 0, "start_time": "2016-01-30T11:23:52.046Z", "player2": 63, "ready_time": null, "player1": 43, "end_time": "2016-01-30T11:45:44.129Z", "player1_score": 3, "table": 9}}, {"pk": 249, "model": "pingpong.match", "fields": {"status": 3, "player1_bracket_slot": null, "group": 27, "player2_bracket_slot": null, "player2_score": null, "start_time": null, "player2": 95, "ready_time": null, "player1": 96, "end_time": "2016-01-30T12:51:10.357Z", "player1_score": null, "table": null}}, {"pk": 250, "model": "pingpong.match", "fields": {"status": 3, "player1_bracket_slot": null, "group": 27, "player2_bracket_slot": null, "player2_score": null, "start_time": null, "player2": 96, "ready_time": null, "player1": 94, "end_time": "2016-01-30T12:51:10.357Z", "player1_score": null, "table": null}}, {"pk": 251, "model": "pingpong.match", "fields": {"status": 3, "player1_bracket_slot": null, "group": 27, "player2_bracket_slot": null, "player2_score": null, "start_time": null, "player2": 94, "ready_time": null, "player1": 95, "end_time": "2016-01-30T12:51:10.357Z", "player1_score": null, "table": null}}, {"pk": 252, "model": "pingpong.match", "fields": {"status": 3, "player1_bracket_slot": null, "group": 27, "player2_bracket_slot": null, "player2_score": null, "start_time": "2016-01-30T11:55:53.679Z", "player2": null, "ready_time": null, "player1": null, "end_time": "2016-01-30T12:51:10.357Z", "player1_score": null, "table": 10}}, {"pk": 258, "model": "pingpong.match", "fields": {"status": 4, "player1_bracket_slot": 212, "group": null, "player2_bracket_slot": 213, "player2_score": null, "start_time": null, "player2": null, "ready_time": null, "player1": 83, "end_time": null, "player1_score": null, "table": null}}, {"pk": 259, "model": "pingpong.match", "fields": {"status": 3, "player1_bracket_slot": 215, "group": null, "player2_bracket_slot": 216, "player2_score": 2, "start_time": "2016-01-30T12:47:46.031Z", "player2": 93, "ready_time": null, "player1": 85, "end_time": "2016-01-30T13:29:55.749Z", "player1_score": 3, "table": 8}}, {"pk": 260, "model": "pingpong.match", "fields": {"status": 3, "player1_bracket_slot": 211, "group": null, "player2_bracket_slot": 214, "player2_score": 0, "start_time": "2016-01-30T13:30:07.512Z", "player2": 85, "ready_time": null, "player1": 83, "end_time": "2016-01-30T13:53:35.742Z", "player1_score": 3, "table": 5}}, {"pk": 261, "model": "pingpong.match", "fields": {"status": 4, "player1_bracket_slot": 219, "group": null, "player2_bracket_slot": 220, "player2_score": null, "start_time": null, "player2": null, "ready_time": null, "player1": 74, "end_time": null, "player1_score": null, "table": null}}, {"pk": 262, "model": "pingpong.match", "fields": {"status": 4, "player1_bracket_slot": 222, "group": null, "player2_bracket_slot": 223, "player2_score": null, "start_time": null, "player2": 75, "ready_time": null, "player1": null, "end_time": null, "player1_score": null, "table": null}}, {"pk": 263, "model": "pingpong.match", "fields": {"status": 3, "player1_bracket_slot": 218, "group": null, "player2_bracket_slot": 221, "player2_score": 0, "start_time": "2016-01-30T12:59:35.984Z", "player2": 75, "ready_time": null, "player1": 74, "end_time": "2016-01-30T13:13:58.520Z", "player1_score": 3, "table": 2}}, {"pk": 264, "model": "pingpong.match", "fields": {"status": 3, "player1_bracket_slot": 210, "group": null, "player2_bracket_slot": 217, "player2_score": 2, "start_time": "2016-01-30T13:54:19.919Z", "player2": 74, "ready_time": null, "player1": 83, "end_time": "2016-01-30T14:21:41.142Z", "player1_score": 3, "table": 2}}, {"pk": 265, "model": "pingpong.match", "fields": {"status": 4, "player1_bracket_slot": 227, "group": null, "player2_bracket_slot": 228, "player2_score": null, "start_time": null, "player2": null, "ready_time": null, "player1": 87, "end_time": null, "player1_score": null, "table": null}}, {"pk": 266, "model": "pingpong.match", "fields": {"status": 4, "player1_bracket_slot": 230, "group": null, "player2_bracket_slot": 231, "player2_score": null, "start_time": null, "player2": 97, "ready_time": null, "player1": null, "end_time": null, "player1_score": null, "table": null}}, {"pk": 267, "model": "pingpong.match", "fields": {"status": 3, "player1_bracket_slot": 226, "group": null, "player2_bracket_slot": 229, "player2_score": 3, "start_time": "2016-01-30T13:16:02.695Z", "player2": 97, "ready_time": null, "player1": 87, "end_time": "2016-01-30T13:44:33.734Z", "player1_score": 1, "table": 1}}, {"pk": 268, "model": "pingpong.match", "fields": {"status": 3, "player1_bracket_slot": 234, "group": null, "player2_bracket_slot": 235, "player2_score": 3, "start_time": "2016-01-30T12:59:39.245Z", "player2": 76, "ready_time": null, "player1": 91, "end_time": "2016-01-30T13:16:47.773Z", "player1_score": 0, "table": 4}}, {"pk": 269, "model": "pingpong.match", "fields": {"status": 4, "player1_bracket_slot": 237, "group": null, "player2_bracket_slot": 238, "player2_score": null, "start_time": null, "player2": 84, "ready_time": null, "player1": null, "end_time": null, "player1_score": null, "table": null}}, {"pk": 270, "model": "pingpong.match", "fields": {"status": 3, "player1_bracket_slot": 233, "group": null, "player2_bracket_slot": 236, "player2_score": 1, "start_time": "2016-01-30T13:17:05.224Z", "player2": 84, "ready_time": null, "player1": 76, "end_time": "2016-01-30T13:36:49.054Z", "player1_score": 3, "table": 4}}, {"pk": 271, "model": "pingpong.match", "fields": {"status": 3, "player1_bracket_slot": 225, "group": null, "player2_bracket_slot": 232, "player2_score": 3, "start_time": "2016-01-30T13:45:39.193Z", "player2": 76, "ready_time": null, "player1": 97, "end_time": "2016-01-30T14:16:44.091Z", "player1_score": 2, "table": 1}}, {"pk": 272, "model": "pingpong.match", "fields": {"status": 3, "player1_bracket_slot": 209, "group": null, "player2_bracket_slot": 224, "player2_score": 0, "start_time": "2016-01-30T14:21:45.435Z", "player2": 76, "ready_time": null, "player1": 83, "end_time": "2016-01-30T14:46:07.104Z", "player1_score": 3, "table": 1}}, {"pk": 273, "model": "pingpong.match", "fields": {"status": 4, "player1_bracket_slot": 243, "group": null, "player2_bracket_slot": 244, "player2_score": null, "start_time": null, "player2": null, "ready_time": null, "player1": 70, "end_time": null, "player1_score": null, "table": null}}, {"pk": 274, "model": "pingpong.match", "fields": {"status": 3, "player1_bracket_slot": 246, "group": null, "player2_bracket_slot": 247, "player2_score": 2, "start_time": "2016-01-30T12:55:55.450Z", "player2": 89, "ready_time": null, "player1": 79, "end_time": "2016-01-30T13:34:41.552Z", "player1_score": 3, "table": 11}}, {"pk": 275, "model": "pingpong.match", "fields": {"status": 3, "player1_bracket_slot": 242, "group": null, "player2_bracket_slot": 245, "player2_score": 3, "start_time": "2016-01-30T13:35:09.807Z", "player2": 79, "ready_time": null, "player1": 70, "end_time": "2016-01-30T13:53:50.186Z", "player1_score": 0, "table": 2}}, {"pk": 276, "model": "pingpong.match", "fields": {"status": 3, "player1_bracket_slot": 250, "group": null, "player2_bracket_slot": 251, "player2_score": 1, "start_time": "2016-01-30T12:28:10.386Z", "player2": 73, "ready_time": null, "player1": 92, "end_time": "2016-01-30T12:50:35.736Z", "player1_score": 3, "table": 9}}, {"pk": 277, "model": "pingpong.match", "fields": {"status": 3, "player1_bracket_slot": 253, "group": null, "player2_bracket_slot": 254, "player2_score": 3, "start_time": "2016-01-30T12:55:45.993Z", "player2": 68, "ready_time": null, "player1": 80, "end_time": "2016-01-30T13:16:23.620Z", "player1_score": 0, "table": 9}}, {"pk": 278, "model": "pingpong.match", "fields": {"status": 3, "player1_bracket_slot": 249, "group": null, "player2_bracket_slot": 252, "player2_score": 0, "start_time": "2016-01-30T13:17:01.352Z", "player2": 68, "ready_time": null, "player1": 92, "end_time": "2016-01-30T13:33:37.251Z", "player1_score": 3, "table": 3}}, {"pk": 279, "model": "pingpong.match", "fields": {"status": 3, "player1_bracket_slot": 241, "group": null, "player2_bracket_slot": 248, "player2_score": 1, "start_time": "2016-01-30T13:54:38.066Z", "player2": 92, "ready_time": null, "player1": 79, "end_time": "2016-01-30T14:17:03.350Z", "player1_score": 3, "table": 4}}, {"pk": 280, "model": "pingpong.match", "fields": {"status": 3, "player1_bracket_slot": 258, "group": null, "player2_bracket_slot": 259, "player2_score": 3, "start_time": "2016-01-30T12:34:20.560Z", "player2": 72, "ready_time": null, "player1": 82, "end_time": "2016-01-30T12:52:17.445Z", "player1_score": 0, "table": 11}}, {"pk": 281, "model": "pingpong.match", "fields": {"status": 3, "player1_bracket_slot": 261, "group": null, "player2_bracket_slot": 262, "player2_score": 1, "start_time": "2016-01-30T12:43:06.786Z", "player2": 71, "ready_time": null, "player1": 77, "end_time": "2016-01-30T13:01:52.490Z", "player1_score": 3, "table": 5}}, {"pk": 282, "model": "pingpong.match", "fields": {"status": 3, "player1_bracket_slot": 257, "group": null, "player2_bracket_slot": 260, "player2_score": 3, "start_time": "2016-01-30T13:07:13.088Z", "player2": 77, "ready_time": null, "player1": 72, "end_time": "2016-01-30T13:25:05.846Z", "player1_score": 1, "table": 5}}, {"pk": 283, "model": "pingpong.match", "fields": {"status": 3, "player1_bracket_slot": 265, "group": null, "player2_bracket_slot": 266, "player2_score": 3, "start_time": "2016-01-30T13:16:06.072Z", "player2": 78, "ready_time": null, "player1": 88, "end_time": "2016-01-30T13:35:02.317Z", "player1_score": 0, "table": 2}}, {"pk": 284, "model": "pingpong.match", "fields": {"status": 4, "player1_bracket_slot": 268, "group": null, "player2_bracket_slot": 269, "player2_score": null, "start_time": null, "player2": 86, "ready_time": null, "player1": null, "end_time": null, "player1_score": null, "table": null}}, {"pk": 285, "model": "pingpong.match", "fields": {"status": 3, "player1_bracket_slot": 264, "group": null, "player2_bracket_slot": 267, "player2_score": 0, "start_time": "2016-01-30T13:35:12.853Z", "player2": 86, "ready_time": null, "player1": 78, "end_time": "2016-01-30T13:49:05.724Z", "player1_score": 3, "table": 3}}, {"pk": 286, "model": "pingpong.match", "fields": {"status": 3, "player1_bracket_slot": 256, "group": null, "player2_bracket_slot": 263, "player2_score": 1, "start_time": "2016-01-30T13:49:13.160Z", "player2": 78, "ready_time": null, "player1": 77, "end_time": "2016-01-30T14:13:45.597Z", "player1_score": 3, "table": 3}}, {"pk": 287, "model": "pingpong.match", "fields": {"status": 3, "player1_bracket_slot": 240, "group": null, "player2_bracket_slot": 255, "player2_score": 2, "start_time": "2016-01-30T14:19:17.542Z", "player2": 77, "ready_time": null, "player1": 79, "end_time": "2016-01-30T14:52:37.629Z", "player1_score": 3, "table": 3}}, {"pk": 288, "model": "pingpong.match", "fields": {"status": 3, "player1_bracket_slot": 271, "group": null, "player2_bracket_slot": 272, "player2_score": 3, "start_time": "2016-01-30T12:52:05.828Z", "player2": 60, "ready_time": null, "player1": 45, "end_time": "2016-01-30T13:06:43.558Z", "player1_score": 0, "table": 3}}, {"pk": 68, "model": "pingpong.double", "fields": {"player2": 56, "player1": 36}}, {"pk": 70, "model": "pingpong.double", "fields": {"player2": 23, "player1": 25}}, {"pk": 71, "model": "pingpong.double", "fields": {"player2": 35, "player1": 34}}, {"pk": 72, "model": "pingpong.double", "fields": {"player2": 45, "player1": 42}}, {"pk": 73, "model": "pingpong.double", "fields": {"player2": 40, "player1": 27}}, {"pk": 74, "model": "pingpong.double", "fields": {"player2": 10, "player1": 4}}, {"pk": 75, "model": "pingpong.double", "fields": {"player2": 15, "player1": 16}}, {"pk": 76, "model": "pingpong.double", "fields": {"player2": 49, "player1": 41}}, {"pk": 77, "model": "pingpong.double", "fields": {"player2": 29, "player1": 33}}, {"pk": 78, "model": "pingpong.double", "fields": {"player2": 30, "player1": 20}}, {"pk": 79, "model": "pingpong.double", "fields": {"player2": 21, "player1": 32}}, {"pk": 80, "model": "pingpong.double", "fields": {"player2": 18, "player1": 43}}, {"pk": 82, "model": "pingpong.double", "fields": {"player2": 60, "player1": 44}}, {"pk": 83, "model": "pingpong.double", "fields": {"player2": 6, "player1": 2}}, {"pk": 84, "model": "pingpong.double", "fields": {"player2": 46, "player1": 5}}, {"pk": 85, "model": "pingpong.double", "fields": {"player2": 17, "player1": 12}}, {"pk": 86, "model": "pingpong.double", "fields": {"player2": 37, "player1": 58}}, {"pk": 87, "model": "pingpong.double", "fields": {"player2": 19, "player1": 59}}, {"pk": 88, "model": "pingpong.double", "fields": {"player2": 39, "player1": 38}}, {"pk": 89, "model": "pingpong.double", "fields": {"player2": 51, "player1": 48}}, {"pk": 91, "model": "pingpong.double", "fields": {"player2": 28, "player1": 1}}, {"pk": 92, "model": "pingpong.double", "fields": {"player2": 7, "player1": 24}}, {"pk": 93, "model": "pingpong.double", "fields": {"player2": 8, "player1": 22}}, {"pk": 97, "model": "pingpong.double", "fields": {"player2": 47, "player1": 50}}, {"pk": 1, "model": "pingpong.group", "fields": {"category": 1, "table": null, "status": 0, "name": "A"}}, {"pk": 2, "model": "pingpong.group", "fields": {"category": 1, "table": null, "status": 0, "name": "B"}}, {"pk": 3, "model": "pingpong.group", "fields": {"category": 2, "table": null, "status": 0, "name": "A"}}, {"pk": 4, "model": "pingpong.group", "fields": {"category": 2, "table": null, "status": 0, "name": "B"}}, {"pk": 5, "model": "pingpong.group", "fields": {"category": 2, "table": null, "status": 0, "name": "C"}}, {"pk": 6, "model": "pingpong.group", "fields": {"category": 2, "table": null, "status": 0, "name": "D"}}, {"pk": 11, "model": "pingpong.group", "fields": {"category": 4, "table": null, "status": 0, "name": "A"}}, {"pk": 12, "model": "pingpong.group", "fields": {"category": 4, "table": null, "status": 0, "name": "B"}}, {"pk": 13, "model": "pingpong.group", "fields": {"category": 4, "table": null, "status": 0, "name": "C"}}, {"pk": 14, "model": "pingpong.group", "fields": {"category": 4, "table": null, "status": 0, "name": "D"}}, {"pk": 16, "model": "pingpong.group", "fields": {"category": 8, "table": null, "status": 0, "name": "A"}}, {"pk": 21, "model": "pingpong.group", "fields": {"category": 3, "table": null, "status": 0, "name": "A"}}, {"pk": 22, "model": "pingpong.group", "fields": {"category": 3, "table": null, "status": 0, "name": "B"}}, {"pk": 23, "model": "pingpong.group", "fields": {"category": 3, "table": null, "status": 0, "name": "C"}}, {"pk": 24, "model": "pingpong.group", "fields": {"category": 3, "table": null, "status": 0, "name": "D"}}, {"pk": 25, "model": "pingpong.group", "fields": {"category": 5, "table": null, "status": 0, "name": "A"}}, {"pk": 26, "model": "pingpong.group", "fields": {"category": 5, "table": null, "status": 0, "name": "B"}}, {"pk": 27, "model": "pingpong.group", "fields": {"category": 12, "table": null, "status": 0, "name": "A"}}, {"pk": 1, "model": "pingpong.groupmember", "fields": {"player": 2, "group": 1, "place": 1, "leader": true}}, {"pk": 2, "model": "pingpong.groupmember", "fields": {"player": 9, "group": 1, "place": 4, "leader": false}}, {"pk": 3, "model": "pingpong.groupmember", "fields": {"player": 8, "group": 1, "place": 3, "leader": false}}, {"pk": 4, "model": "pingpong.groupmember", "fields": {"player": 3, "group": 1, "place": 2, "leader": false}}, {"pk": 5, "model": "pingpong.groupmember", "fields": {"player": 10, "group": 2, "place": 2, "leader": true}}, {"pk": 6, "model": "pingpong.groupmember", "fields": {"player": 1, "group": 2, "place": 3, "leader": false}}, {"pk": 7, "model": "pingpong.groupmember", "fields": {"player": 41, "group": 2, "place": 1, "leader": false}}, {"pk": 8, "model": "pingpong.groupmember", "fields": {"player": 11, "group": 2, "place": 4, "leader": false}}, {"pk": 9, "model": "pingpong.groupmember", "fields": {"player": 50, "group": 3, "place": 1, "leader": true}}, {"pk": 10, "model": "pingpong.groupmember", "fields": {"player": 17, "group": 3, "place": 2, "leader": false}}, {"pk": 11, "model": "pingpong.groupmember", "fields": {"player": 59, "group": 3, "place": 3, "leader": false}}, {"pk": 12, "model": "pingpong.groupmember", "fields": {"player": 12, "group": 3, "place": 4, "leader": false}}, {"pk": 13, "model": "pingpong.groupmember", "fields": {"player": 4, "group": 4, "place": 2, "leader": true}}, {"pk": 14, "model": "pingpong.groupmember", "fields": {"player": 16, "group": 4, "place": 3, "leader": false}}, {"pk": 15, "model": "pingpong.groupmember", "fields": {"player": 5, "group": 4, "place": 1, "leader": false}}, {"pk": 16, "model": "pingpong.groupmember", "fields": {"player": 14, "group": 5, "place": 2, "leader": true}}, {"pk": 17, "model": "pingpong.groupmember", "fields": {"player": 13, "group": 5, "place": 3, "leader": false}}, {"pk": 18, "model": "pingpong.groupmember", "fields": {"player": 6, "group": 5, "place": 1, "leader": false}}, {"pk": 19, "model": "pingpong.groupmember", "fields": {"player": 49, "group": 6, "place": 1, "leader": true}}, {"pk": 20, "model": "pingpong.groupmember", "fields": {"player": 15, "group": 6, "place": 3, "leader": false}}, {"pk": 21, "model": "pingpong.groupmember", "fields": {"player": 7, "group": 6, "place": 2, "leader": false}}, {"pk": 36, "model": "pingpong.groupmember", "fields": {"player": 29, "group": 11, "place": 2, "leader": true}}, {"pk": 37, "model": "pingpong.groupmember", "fields": {"player": 32, "group": 11, "place": 1, "leader": false}}, {"pk": 38, "model": "pingpong.groupmember", "fields": {"player": 38, "group": 11, "place": 4, "leader": false}}, {"pk": 39, "model": "pingpong.groupmember", "fields": {"player": 39, "group": 11, "place": 3, "leader": false}}, {"pk": 40, "model": "pingpong.groupmember", "fields": {"player": 33, "group": 12, "place": 1, "leader": true}}, {"pk": 41, "model": "pingpong.groupmember", "fields": {"player": 28, "group": 12, "place": 3, "leader": false}}, {"pk": 42, "model": "pingpong.groupmember", "fields": {"player": 31, "group": 12, "place": 4, "leader": false}}, {"pk": 43, "model": "pingpong.groupmember", "fields": {"player": 34, "group": 12, "place": 2, "leader": false}}, {"pk": 44, "model": "pingpong.groupmember", "fields": {"player": 36, "group": 13, "place": 2, "leader": true}}, {"pk": 45, "model": "pingpong.groupmember", "fields": {"player": 40, "group": 13, "place": 4, "leader": false}}, {"pk": 46, "model": "pingpong.groupmember", "fields": {"player": 30, "group": 13, "place": 1, "leader": false}}, {"pk": 47, "model": "pingpong.groupmember", "fields": {"player": 58, "group": 13, "place": 3, "leader": false}}, {"pk": 48, "model": "pingpong.groupmember", "fields": {"player": 35, "group": 14, "place": 1, "leader": true}}, {"pk": 49, "model": "pingpong.groupmember", "fields": {"player": 61, "group": 14, "place": 2, "leader": false}}, {"pk": 50, "model": "pingpong.groupmember", "fields": {"player": 37, "group": 14, "place": 3, "leader": false}}, {"pk": 56, "model": "pingpong.groupmember", "fields": {"player": 54, "group": 16, "place": 2, "leader": true}}, {"pk": 57, "model": "pingpong.groupmember", "fields": {"player": 55, "group": 16, "place": 3, "leader": false}}, {"pk": 58, "model": "pingpong.groupmember", "fields": {"player": 56, "group": 16, "place": 1, "leader": false}}, {"pk": 59, "model": "pingpong.groupmember", "fields": {"player": 57, "group": 16, "place": 5, "leader": false}}, {"pk": 60, "model": "pingpong.groupmember", "fields": {"player": 53, "group": 16, "place": 4, "leader": false}}, {"pk": 76, "model": "pingpong.groupmember", "fields": {"player": 47, "group": 21, "place": 1, "leader": true}}, {"pk": 77, "model": "pingpong.groupmember", "fields": {"player": 24, "group": 21, "place": 2, "leader": false}}, {"pk": 78, "model": "pingpong.groupmember", "fields": {"player": 23, "group": 21, "place": 4, "leader": false}}, {"pk": 79, "model": "pingpong.groupmember", "fields": {"player": 19, "group": 21, "place": 3, "leader": false}}, {"pk": 80, "model": "pingpong.groupmember", "fields": {"player": 25, "group": 22, "place": 3, "leader": true}}, {"pk": 81, "model": "pingpong.groupmember", "fields": {"player": 52, "group": 22, "place": 4, "leader": false}}, {"pk": 82, "model": "pingpong.groupmember", "fields": {"player": 48, "group": 22, "place": 1, "leader": false}}, {"pk": 83, "model": "pingpong.groupmember", "fields": {"player": 21, "group": 22, "place": 2, "leader": false}}, {"pk": 84, "model": "pingpong.groupmember", "fields": {"player": 20, "group": 23, "place": 1, "leader": true}}, {"pk": 85, "model": "pingpong.groupmember", "fields": {"player": 22, "group": 23, "place": 3, "leader": false}}, {"pk": 86, "model": "pingpong.groupmember", "fields": {"player": 51, "group": 23, "place": 2, "leader": false}}, {"pk": 87, "model": "pingpong.groupmember", "fields": {"player": 64, "group": 23, "place": 4, "leader": false}}, {"pk": 88, "model": "pingpong.groupmember", "fields": {"player": 46, "group": 24, "place": 1, "leader": true}}, {"pk": 89, "model": "pingpong.groupmember", "fields": {"player": 18, "group": 24, "place": 2, "leader": false}}, {"pk": 90, "model": "pingpong.groupmember", "fields": {"player": 27, "group": 24, "place": 3, "leader": false}}, {"pk": 91, "model": "pingpong.groupmember", "fields": {"player": 62, "group": 25, "place": 2, "leader": true}}, {"pk": 92, "model": "pingpong.groupmember", "fields": {"player": 42, "group": 25, "place": 1, "leader": false}}, {"pk": 93, "model": "pingpong.groupmember", "fields": {"player": 43, "group": 25, "place": 3, "leader": false}}, {"pk": 94, "model": "pingpong.groupmember", "fields": {"player": 65, "group": 26, "place": 2, "leader": true}}, {"pk": 95, "model": "pingpong.groupmember", "fields": {"player": 44, "group": 26, "place": 1, "leader": false}}, {"pk": 96, "model": "pingpong.groupmember", "fields": {"player": 63, "group": 26, "place": 3, "leader": false}}, {"pk": 97, "model": "pingpong.groupmember", "fields": {"player": 94, "group": 27, "place": 1, "leader": false}}, {"pk": 98, "model": "pingpong.groupmember", "fields": {"player": 96, "group": 27, "place": 3, "leader": false}}, {"pk": 99, "model": "pingpong.groupmember", "fields": {"player": 95, "group": 27, "place": 2, "leader": false}}, {"pk": 261, "model": "pingpong.knownplayer", "fields": {"search_surname": "Vodusek", "club": "Velenje", "surname": "Vodu\u0161ek", "name": "Tadej", "search_name": "Tadej"}}, {"pk": 262, "model": "pingpong.knownplayer", "fields": {"search_surname": "Kokelj", "club": "Bled", "surname": "Kokelj", "name": "Drejc", "search_name": "Drejc"}}, {"pk": 263, "model": "pingpong.knownplayer", "fields": {"search_surname": "Zupancic", "club": "Izlake", "surname": "Zupan\u010di\u010d", "name": "Iztok", "search_name": "Iztok"}}, {"pk": 264, "model": "pingpong.knownplayer", "fields": {"search_surname": "Klenovsek", "club": "Hrastnik", "surname": "Klenov\u0161ek", "name": "Alja\u017e", "search_name": "Aljaz"}}, {"pk": 265, "model": "pingpong.knownplayer", "fields": {"search_surname": "Rezun", "club": "Trbovlje", "surname": "Re\u017eun", "name": "Miha", "search_name": "Miha"}}, {"pk": 266, "model": "pingpong.knownplayer", "fields": {"search_surname": "Premrl", "club": "Ajdov\u0161\u010dina", "surname": "Premrl", "name": "Dejan", "search_name": "Dejan"}}, {"pk": 267, "model": "pingpong.knownplayer", "fields": {"search_surname": "Cerar", "club": "LJ", "surname": "Cerar", "name": "Uro\u0161", "search_name": "Uros"}}, {"pk": 268, "model": "pingpong.knownplayer", "fields": {"search_surname": "Janezic", "club": "\u0160marje", "surname": "Jane\u017ei\u010d", "name": "Martin", "search_name": "Martin"}}, {"pk": 269, "model": "pingpong.knownplayer", "fields": {"search_surname": "Ori", "club": "Vi\u010d", "surname": "\u00d6ri", "name": "Janez", "search_name": "Janez"}}, {"pk": 270, "model": "pingpong.knownplayer", "fields": {"search_surname": "Smrekar", "club": "", "surname": "Smrekar", "name": "Ale\u0161", "search_name": "Ales"}}, {"pk": 271, "model": "pingpong.knownplayer", "fields": {"search_surname": "Petrin", "club": "Hrastnik", "surname": "Petrin", "name": "Lovro", "search_name": "Lovro"}}, {"pk": 272, "model": "pingpong.knownplayer", "fields": {"search_surname": "Ludvik", "club": "Izola", "surname": "Ludvik", "name": "Kristijan", "search_name": "Kristijan"}}, {"pk": 273, "model": "pingpong.knownplayer", "fields": {"search_surname": "Ulcnik", "club": "Tr\u017ei\u010d", "surname": "Ul\u010dnik", "name": "Matej", "search_name": "Matej"}}, {"pk": 274, "model": "pingpong.knownplayer", "fields": {"search_surname": "Bokal", "club": "\u0160kofja Loka", "surname": "Bokal", "name": "Ivo", "search_name": "Ivo"}}, {"pk": 275, "model": "pingpong.knownplayer", "fields": {"search_surname": "Lisac", "club": "Ko\u010devje", "surname": "Lisac", "name": "Ivan", "search_name": "Ivan"}}, {"pk": 276, "model": "pingpong.knownplayer", "fields": {"search_surname": "Maselj", "club": "Dom\u017eale", "surname": "Maselj", "name": "Bojan", "search_name": "Bojan"}}, {"pk": 277, "model": "pingpong.knownplayer", "fields": {"search_surname": "Zore", "club": "Trojane", "surname": "Zore", "name": "Lojze", "search_name": "Lojze"}}, {"pk": 278, "model": "pingpong.knownplayer", "fields": {"search_surname": "Torkar", "club": "Vi\u010d", "surname": "Torkar", "name": "Drago", "search_name": "Drago"}}, {"pk": 279, "model": "pingpong.knownplayer", "fields": {"search_surname": "Zore", "club": "Dom\u017eale", "surname": "Zore", "name": "Janez", "search_name": "Janez"}}, {"pk": 280, "model": "pingpong.knownplayer", "fields": {"search_surname": "Palcic", "club": "Izlake", "surname": "Pal\u010di\u010d", "name": "Damjan", "search_name": "Damjan"}}, {"pk": 281, "model": "pingpong.knownplayer", "fields": {"search_surname": "Smajgl", "club": "Izola", "surname": "\u0160majgl", "name": "Matja\u017e", "search_name": "Matjaz"}}, {"pk": 282, "model": "pingpong.knownplayer", "fields": {"search_surname": "Kuhelj", "club": "Sti\u010dna", "surname": "Kuhelj", "name": "Bojan", "search_name": "Bojan"}}, {"pk": 283, "model": "pingpong.knownplayer", "fields": {"search_surname": "Skerl", "club": "Dobova", "surname": "\u0160kerl", "name": "Damir", "search_name": "Damir"}}, {"pk": 284, "model": "pingpong.knownplayer", "fields": {"search_surname": "Sever", "club": "vl", "surname": "Sever", "name": "Igor", "search_name": "Igor"}}, {"pk": 285, "model": "pingpong.knownplayer", "fields": {"search_surname": "Vizjak", "club": "Rakek", "surname": "Vizjak", "name": "Darijan", "search_name": "Darijan"}}, {"pk": 286, "model": "pingpong.knownplayer", "fields": {"search_surname": "Veronik", "club": "", "surname": "Veronik", "name": "Rajko", "search_name": "Rajko"}}, {"pk": 287, "model": "pingpong.knownplayer", "fields": {"search_surname": "Urbajs", "club": "Hrastnik", "surname": "Urbajs", "name": "Vojteh", "search_name": "Vojteh"}}, {"pk": 288, "model": "pingpong.knownplayer", "fields": {"search_surname": "Gunther", "club": "Ravne", "surname": "G\u00fcnther", "name": "Erih", "search_name": "Erih"}}, {"pk": 289, "model": "pingpong.knownplayer", "fields": {"search_surname": "Oven", "club": "Sti\u010dna", "surname": "Oven", "name": "Robert", "search_name": "Robert"}}, {"pk": 290, "model": "pingpong.knownplayer", "fields": {"search_surname": "Zizmond", "club": "\u0160empas", "surname": "\u017di\u017emond", "name": "Milan", "search_name": "Milan"}}, {"pk": 291, "model": "pingpong.knownplayer", "fields": {"search_surname": "Gajsek", "club": "Dobova", "surname": "Gaj\u0161ek", "name": "Primo\u017e", "search_name": "Primoz"}}, {"pk": 292, "model": "pingpong.knownplayer", "fields": {"search_surname": "Jontez", "club": "Trbovlje", "surname": "Jontez", "name": "Janez", "search_name": "Janez"}}, {"pk": 293, "model": "pingpong.knownplayer", "fields": {"search_surname": "Vodlan", "club": "Trbovlje", "surname": "Vodlan", "name": "Bla\u017e", "search_name": "Blaz"}}, {"pk": 294, "model": "pingpong.knownplayer", "fields": {"search_surname": "Potrbin", "club": "Trbovlje", "surname": "Potrbin", "name": "Andrej", "search_name": "Andrej"}}, {"pk": 295, "model": "pingpong.knownplayer", "fields": {"search_surname": "Trbovc", "club": "Koper", "surname": "Trbovc", "name": "Drago", "search_name": "Drago"}}, {"pk": 296, "model": "pingpong.knownplayer", "fields": {"search_surname": "Vodusek", "club": "Velenje", "surname": "Vodu\u0161ek", "name": "Fredi", "search_name": "Fredi"}}, {"pk": 297, "model": "pingpong.knownplayer", "fields": {"search_surname": "Tesanovic", "club": "Gorenje", "surname": "Te\u0161anovi\u010d", "name": "Spasoje", "search_name": "Spasoje"}}, {"pk": 298, "model": "pingpong.knownplayer", "fields": {"search_surname": "Cargo", "club": "Gorica", "surname": "\u010cargo", "name": "Zdenko", "search_name": "Zdenko"}}, {"pk": 299, "model": "pingpong.knownplayer", "fields": {"search_surname": "Vodlan", "club": "Trbovlje", "surname": "Vodlan", "name": "Jo\u017ee", "search_name": "Joze"}}, {"pk": 300, "model": "pingpong.knownplayer", "fields": {"search_surname": "Strukelj", "club": "\u0160empas", "surname": "\u0160trukelj", "name": "Igor", "search_name": "Igor"}}, {"pk": 301, "model": "pingpong.knownplayer", "fields": {"search_surname": "Stor", "club": "Celje", "surname": "\u0160tor", "name": "Vojteh", "search_name": "Vojteh"}}, {"pk": 302, "model": "pingpong.knownplayer", "fields": {"search_surname": "Horvat", "club": "Kamnik", "surname": "Horvat", "name": "Edo", "search_name": "Edo"}}, {"pk": 303, "model": "pingpong.knownplayer", "fields": {"search_surname": "Makovec", "club": "\u017diri", "surname": "Makovec", "name": "Darko", "search_name": "Darko"}}, {"pk": 304, "model": "pingpong.knownplayer", "fields": {"search_surname": "Zalaznik", "club": "Celje", "surname": "Zalaznik", "name": "Jo\u017ee", "search_name": "Joze"}}, {"pk": 305, "model": "pingpong.knownplayer", "fields": {"search_surname": "Klep", "club": "Sl. Bistrica", "surname": "Klep", "name": "Drago", "search_name": "Drago"}}, {"pk": 306, "model": "pingpong.knownplayer", "fields": {"search_surname": "Hacin", "club": "Celje", "surname": "Hacin", "name": "Slavko", "search_name": "Slavko"}}, {"pk": 307, "model": "pingpong.knownplayer", "fields": {"search_surname": "Cikojevic", "club": "Celje", "surname": "\u010cikojevi\u010d", "name": "Nedeljko", "search_name": "Nedeljko"}}, {"pk": 308, "model": "pingpong.knownplayer", "fields": {"search_surname": "Skoberne", "club": "Celje", "surname": "\u0160koberne", "name": "Boris", "search_name": "Boris"}}, {"pk": 309, "model": "pingpong.knownplayer", "fields": {"search_surname": "Supanic", "club": "LJ", "surname": "Supani\u010d", "name": "Bojan", "search_name": "Bojan"}}, {"pk": 310, "model": "pingpong.knownplayer", "fields": {"search_surname": "Pogacar", "club": "Kranj", "surname": "Poga\u010dar", "name": "Jo\u017ee", "search_name": "Joze"}}, {"pk": 311, "model": "pingpong.knownplayer", "fields": {"search_surname": "Pretnar", "club": "Kranj", "surname": "Pretnar", "name": "Vinko", "search_name": "Vinko"}}, {"pk": 312, "model": "pingpong.knownplayer", "fields": {"search_surname": "Torkar", "club": "Bled", "surname": "Torkar", "name": "Miha", "search_name": "Miha"}}, {"pk": 313, "model": "pingpong.knownplayer", "fields": {"search_surname": "Govednik", "club": "Metlika", "surname": "Govednik", "name": "Boris", "search_name": "Boris"}}, {"pk": 314, "model": "pingpong.knownplayer", "fields": {"search_surname": "Varl", "club": "Gorica", "surname": "Varl", "name": "Igor", "search_name": "Igor"}}, {"pk": 315, "model": "pingpong.knownplayer", "fields": {"search_surname": "Dezelak", "club": "Litija", "surname": "De\u017eelak", "name": "Vladimir", "search_name": "Vladimir"}}, {"pk": 316, "model": "pingpong.knownplayer", "fields": {"search_surname": "Muzik", "club": "Kri\u017ee", "surname": "Muzik", "name": "Janez", "search_name": "Janez"}}, {"pk": 317, "model": "pingpong.knownplayer", "fields": {"search_surname": "Kunstelj", "club": "Bled", "surname": "Kunstelj", "name": "\u0160tefan", "search_name": "Stefan"}}, {"pk": 318, "model": "pingpong.knownplayer", "fields": {"search_surname": "Fijavz", "club": "Ljutomer", "surname": "Fijav\u017e", "name": "Darko", "search_name": "Darko"}}, {"pk": 319, "model": "pingpong.knownplayer", "fields": {"search_surname": "Vida", "club": "Bohinj", "surname": "Vida", "name": "Sre\u010do", "search_name": "Sreco"}}, {"pk": 320, "model": "pingpong.knownplayer", "fields": {"search_surname": "Glisic", "club": "Bohinj", "surname": "Gli\u0161i\u010d", "name": "Matja\u017e", "search_name": "Matjaz"}}, {"pk": 321, "model": "pingpong.knownplayer", "fields": {"search_surname": "Ajdic", "club": "Bohinj", "surname": "Ajdi\u010d", "name": "Iztok", "search_name": "Iztok"}}, {"pk": 322, "model": "pingpong.knownplayer", "fields": {"search_surname": "Mlakar", "club": "Borovnica", "surname": "Mlakar", "name": "Luka", "search_name": "Luka"}}, {"pk": 323, "model": "pingpong.knownplayer", "fields": {"search_surname": "Svetec", "club": "Kamnik", "surname": "Svetec", "name": "Gregor", "search_name": "Gregor"}}, {"pk": 324, "model": "pingpong.knownplayer", "fields": {"search_surname": "Konjicek", "club": "MB", "surname": "Konji\u010dek", "name": "Boris", "search_name": "Boris"}}, {"pk": 325, "model": "pingpong.knownplayer", "fields": {"search_surname": "Djuric", "club": "Kamnik", "surname": "Djuri\u010d", "name": "\u017deljko", "search_name": "Zeljko"}}, {"pk": 326, "model": "pingpong.knownplayer", "fields": {"search_surname": "Vincec", "club": "M. Sobota", "surname": "Vin\u010dec", "name": "Igor", "search_name": "Igor"}}, {"pk": 327, "model": "pingpong.knownplayer", "fields": {"search_surname": "Nadoh", "club": "Prestranek", "surname": "Nadoh", "name": "Iztok", "search_name": "Iztok"}}, {"pk": 328, "model": "pingpong.knownplayer", "fields": {"search_surname": "Bergoc", "club": "Postojna", "surname": "Bergo\u010d", "name": "Dario", "search_name": "Dario"}}, {"pk": 329, "model": "pingpong.knownplayer", "fields": {"search_surname": "Tkavc", "club": "LJ", "surname": "Tkavc", "name": "Emil", "search_name": "Emil"}}, {"pk": 330, "model": "pingpong.knownplayer", "fields": {"search_surname": "Lesnik", "club": "Radlje", "surname": "Lesnik", "name": "Doris", "search_name": "Doris"}}, {"pk": 331, "model": "pingpong.knownplayer", "fields": {"search_surname": "Zidar Zupan", "club": "vl", "surname": "Zidar Zupan", "name": "Alenka", "search_name": "Alenka"}}, {"pk": 332, "model": "pingpong.knownplayer", "fields": {"search_surname": "Lebaric", "club": "Ravne", "surname": "Lebari\u010d", "name": "Janja", "search_name": "Janja"}}, {"pk": 333, "model": "pingpong.knownplayer", "fields": {"search_surname": "Ramsak", "club": "", "surname": "Ram\u0161ak", "name": "Mirjana", "search_name": "Mirjana"}}, {"pk": 334, "model": "pingpong.knownplayer", "fields": {"search_surname": "Jan", "club": "", "surname": "Jan", "name": "Milena", "search_name": "Milena"}}, {"pk": 335, "model": "pingpong.knownplayer", "fields": {"search_surname": "Mlinar", "club": "\u017diri", "surname": "Mlinar", "name": "Vida", "search_name": "Vida"}}, {"pk": 336, "model": "pingpong.knownplayer", "fields": {"search_surname": "Sebjanic Pupis", "club": "", "surname": "\u0160ebjani\u010d Pupis", "name": "Jasna", "search_name": "Jasna"}}, {"pk": 337, "model": "pingpong.knownplayer", "fields": {"search_surname": "Prezelj", "club": "", "surname": "Prezelj", "name": "\u017diva", "search_name": "Ziva"}}, {"pk": 338, "model": "pingpong.knownplayer", "fields": {"search_surname": "Mocan", "club": "Dom\u017eale", "surname": "Mo\u010dan", "name": "Janez", "search_name": "Janez"}}, {"pk": 339, "model": "pingpong.knownplayer", "fields": {"search_surname": "Rakovec", "club": "Duplje", "surname": "Rakovec", "name": "Brane", "search_name": "Brane"}}, {"pk": 340, "model": "pingpong.knownplayer", "fields": {"search_surname": "Kozjek", "club": "\u0160en\u010dur", "surname": "Kozjek", "name": "Ciril", "search_name": "Ciril"}}, {"pk": 341, "model": "pingpong.knownplayer", "fields": {"search_surname": "Semrov", "club": "Zalog", "surname": "\u0160emrov", "name": "Miro", "search_name": "Miro"}}, {"pk": 342, "model": "pingpong.knownplayer", "fields": {"search_surname": "Hafner", "club": "LJ", "surname": "Hafner", "name": "Jo\u017ee", "search_name": "Joze"}}, {"pk": 343, "model": "pingpong.knownplayer", "fields": {"search_surname": "Burger", "club": "LJ", "surname": "Burger", "name": "Maks", "search_name": "Maks"}}, {"pk": 344, "model": "pingpong.knownplayer", "fields": {"search_surname": "Stankovic", "club": "LJ", "surname": "Stankovi\u010d", "name": "Dragutin", "search_name": "Dragutin"}}, {"pk": 345, "model": "pingpong.knownplayer", "fields": {"search_surname": "Pancur", "club": "Tr\u017ei\u010d", "surname": "Pan\u010dur", "name": "Rado", "search_name": "Rado"}}, {"pk": 346, "model": "pingpong.knownplayer", "fields": {"search_surname": "Krenker", "club": "LJ", "surname": "Krenker", "name": "Franjo", "search_name": "Franjo"}}, {"pk": 347, "model": "pingpong.knownplayer", "fields": {"search_surname": "Leber", "club": "Gorenje", "surname": "Leber", "name": "Tone", "search_name": "Tone"}}, {"pk": 348, "model": "pingpong.knownplayer", "fields": {"search_surname": "Tkavc", "club": "", "surname": "Tkavc", "name": "Emil", "search_name": "Emil"}}, {"pk": 349, "model": "pingpong.knownplayer", "fields": {"search_surname": "Pancur", "club": "", "surname": "Pan\u010dur", "name": "Rado", "search_name": "Rado"}}, {"pk": 350, "model": "pingpong.knownplayer", "fields": {"search_surname": "Klenovsek", "club": "Hrastnik", "surname": "Klenov\u0161ek", "name": "Jurij", "search_name": "Jurij"}}, {"pk": 351, "model": "pingpong.knownplayer", "fields": {"search_surname": "Lapanja", "club": "", "surname": "Lapanja", "name": "Dragica", "search_name": "Dragica"}}, {"pk": 352, "model": "pingpong.knownplayer", "fields": {"search_surname": "Gradisnik", "club": "", "surname": "Gradi\u0161nik", "name": "Sonja", "search_name": "Sonja"}}, {"pk": 353, "model": "pingpong.knownplayer", "fields": {"search_surname": "Krmelj", "club": "", "surname": "Krmelj", "name": "Milana", "search_name": "Milana"}}, {"pk": 354, "model": "pingpong.knownplayer", "fields": {"search_surname": "Smolej", "club": "Jesenice", "surname": "Smolej", "name": "Mojca", "search_name": "Mojca"}}, {"pk": 355, "model": "pingpong.knownplayer", "fields": {"search_surname": "Jancic", "club": "Jesenice", "surname": "Jan\u010di\u010d", "name": "Barbara", "search_name": "Barbara"}}, {"pk": 356, "model": "pingpong.knownplayer", "fields": {"search_surname": "Zeks", "club": "Puconci", "surname": "\u017dek\u0161", "name": "Jo\u017ee", "search_name": "Joze"}}, {"pk": 357, "model": "pingpong.knownplayer", "fields": {"search_surname": "Fartek", "club": "Puconci", "surname": "Fartek", "name": "Jo\u017ee", "search_name": "Joze"}}, {"pk": 358, "model": "pingpong.knownplayer", "fields": {"search_surname": "Strnisnik", "club": "Dom\u017eale", "surname": "Strni\u0161nik", "name": "Franc", "search_name": "Franc"}}, {"pk": 359, "model": "pingpong.knownplayer", "fields": {"search_surname": "Bernardini", "club": "Gorica", "surname": "Bernardini", "name": "Franco", "search_name": "Franco"}}, {"pk": 64, "model": "pingpong.knownclub", "fields": {"name": "Ajdov\u0161\u010dina", "search_name": "Ajdovscina"}}, {"pk": 65, "model": "pingpong.knownclub", "fields": {"name": "Bled", "search_name": "Bled"}}, {"pk": 66, "model": "pingpong.knownclub", "fields": {"name": "Bohinj", "search_name": "Bohinj"}}, {"pk": 67, "model": "pingpong.knownclub", "fields": {"name": "Borovnica", "search_name": "Borovnica"}}, {"pk": 68, "model": "pingpong.knownclub", "fields": {"name": "Celje", "search_name": "Celje"}}, {"pk": 69, "model": "pingpong.knownclub", "fields": {"name": "Dobova", "search_name": "Dobova"}}, {"pk": 70, "model": "pingpong.knownclub", "fields": {"name": "Dom\u017eale", "search_name": "Domzale"}}, {"pk": 71, "model": "pingpong.knownclub", "fields": {"name": "Duplje", "search_name": "Duplje"}}, {"pk": 72, "model": "pingpong.knownclub", "fields": {"name": "Gorenje", "search_name": "Gorenje"}}, {"pk": 73, "model": "pingpong.knownclub", "fields": {"name": "Gorica", "search_name": "Gorica"}}, {"pk": 74, "model": "pingpong.knownclub", "fields": {"name": "Hrastnik", "search_name": "Hrastnik"}}, {"pk": 75, "model": "pingpong.knownclub", "fields": {"name": "Izlake", "search_name": "Izlake"}}, {"pk": 76, "model": "pingpong.knownclub", "fields": {"name": "Izola", "search_name": "Izola"}}, {"pk": 77, "model": "pingpong.knownclub", "fields": {"name": "Jesenice", "search_name": "Jesenice"}}, {"pk": 78, "model": "pingpong.knownclub", "fields": {"name": "Kamnik", "search_name": "Kamnik"}}, {"pk": 79, "model": "pingpong.knownclub", "fields": {"name": "Koper", "search_name": "Koper"}}, {"pk": 80, "model": "pingpong.knownclub", "fields": {"name": "Ko\u010devje", "search_name": "Kocevje"}}, {"pk": 81, "model": "pingpong.knownclub", "fields": {"name": "Kranj", "search_name": "Kranj"}}, {"pk": 82, "model": "pingpong.knownclub", "fields": {"name": "Kri\u017ee", "search_name": "Krize"}}, {"pk": 83, "model": "pingpong.knownclub", "fields": {"name": "LJ", "search_name": "LJ"}}, {"pk": 84, "model": "pingpong.knownclub", "fields": {"name": "Litija", "search_name": "Litija"}}, {"pk": 85, "model": "pingpong.knownclub", "fields": {"name": "Ljutomer", "search_name": "Ljutomer"}}, {"pk": 86, "model": "pingpong.knownclub", "fields": {"name": "M. Sobota", "search_name": "M. Sobota"}}, {"pk": 87, "model": "pingpong.knownclub", "fields": {"name": "MB", "search_name": "MB"}}, {"pk": 88, "model": "pingpong.knownclub", "fields": {"name": "Metlika", "search_name": "Metlika"}}, {"pk": 89, "model": "pingpong.knownclub", "fields": {"name": "Postojna", "search_name": "Postojna"}}, {"pk": 90, "model": "pingpong.knownclub", "fields": {"name": "Prestranek", "search_name": "Prestranek"}}, {"pk": 91, "model": "pingpong.knownclub", "fields": {"name": "Puconci", "search_name": "Puconci"}}, {"pk": 92, "model": "pingpong.knownclub", "fields": {"name": "Radlje", "search_name": "Radlje"}}, {"pk": 93, "model": "pingpong.knownclub", "fields": {"name": "Rakek", "search_name": "Rakek"}}, {"pk": 94, "model": "pingpong.knownclub", "fields": {"name": "Ravne", "search_name": "Ravne"}}, {"pk": 95, "model": "pingpong.knownclub", "fields": {"name": "Sl. Bistrica", "search_name": "Sl. Bistrica"}}, {"pk": 96, "model": "pingpong.knownclub", "fields": {"name": "Sti\u010dna", "search_name": "Sticna"}}, {"pk": 97, "model": "pingpong.knownclub", "fields": {"name": "Trbovlje", "search_name": "Trbovlje"}}, {"pk": 98, "model": "pingpong.knownclub", "fields": {"name": "Trojane", "search_name": "Trojane"}}, {"pk": 99, "model": "pingpong.knownclub", "fields": {"name": "Tr\u017ei\u010d", "search_name": "Trzic"}}, {"pk": 100, "model": "pingpong.knownclub", "fields": {"name": "Velenje", "search_name": "Velenje"}}, {"pk": 101, "model": "pingpong.knownclub", "fields": {"name": "Vi\u010d", "search_name": "Vic"}}, {"pk": 102, "model": "pingpong.knownclub", "fields": {"name": "Zalog", "search_name": "Zalog"}}, {"pk": 103, "model": "pingpong.knownclub", "fields": {"name": "vl", "search_name": "vl"}}, {"pk": 104, "model": "pingpong.knownclub", "fields": {"name": "\u0160empas", "search_name": "Sempas"}}, {"pk": 105, "model": "pingpong.knownclub", "fields": {"name": "\u0160en\u010dur", "search_name": "Sencur"}}, {"pk": 106, "model": "pingpong.knownclub", "fields": {"name": "\u017diri", "search_name": "Ziri"}}, {"pk": 107, "model": "pingpong.knownclub", "fields": {"name": "\u0160kofja Loka", "search_name": "Skofja Loka"}}, {"pk": 108, "model": "pingpong.knownclub", "fields": {"name": "\u0160marje", "search_name": "Smarje"}}, {"pk": 1, "model": "pingpong.bracket", "fields": {"category": 1, "levels": 3, "name": "ZMAGOVALNA SKUPINA", "description": ""}}, {"pk": 2, "model": "pingpong.bracket", "fields": {"category": 1, "levels": 3, "name": "TOLAZILNA SKUPINA", "description": ""}}, {"pk": 3, "model": "pingpong.bracket", "fields": {"category": 2, "levels": 4, "name": "ZMAGOVALNA SKUPINA", "description": ""}}, {"pk": 4, "model": "pingpong.bracket", "fields": {"category": 2, "levels": 4, "name": "TOLAZILNA SKUPINA", "description": ""}}, {"pk": 7, "model": "pingpong.bracket", "fields": {"category": 4, "levels": 4, "name": "ZMAGOVALNA SKUPINA", "description": ""}}, {"pk": 8, "model": "pingpong.bracket", "fields": {"category": 4, "levels": 4, "name": "TOLAZILNA SKUPINA", "description": ""}}, {"pk": 15, "model": "pingpong.bracket", "fields": {"category": 3, "levels": 4, "name": "ZMAGOVALNA SKUPINA", "description": ""}}, {"pk": 16, "model": "pingpong.bracket", "fields": {"category": 3, "levels": 4, "name": "TOLAZILNA SKUPINA", "description": ""}}, {"pk": 17, "model": "pingpong.bracket", "fields": {"category": 5, "levels": 3, "name": "ZMAGOVALNA SKUPINA", "description": ""}}, {"pk": 18, "model": "pingpong.bracket", "fields": {"category": 5, "levels": 2, "name": "TOLAZILNA SKUPINA", "description": ""}}, {"pk": 22, "model": "pingpong.bracket", "fields": {"category": 9, "levels": 5, "name": "DVOJICE", "description": ""}}, {"pk": 23, "model": "pingpong.bracket", "fields": {"category": 10, "levels": 5, "name": "DVOJICE", "description": ""}}, {"pk": 24, "model": "pingpong.bracket", "fields": {"category": 6, "levels": 2, "name": "DVOJICE", "description": ""}}, {"pk": 1, "model": "pingpong.bracketslot", "fields": {"status": 2, "match_end": null, "score": null, "level": 0, "match_start": null, "no_player": false, "player": 10, "bracket": 1, "winner_goes_to": null, "loser_goes_to": null, "table": null}}, {"pk": 2, "model": "pingpong.bracketslot", "fields": {"status": 2, "match_end": "2016-01-30T12:59:16.717Z", "score": 3, "level": 1, "match_start": null, "no_player": false, "player": 10, "bracket": 1, "winner_goes_to": 1, "loser_goes_to": null, "table": null}}, {"pk": 3, "model": "pingpong.bracketslot", "fields": {"status": 2, "match_end": "2016-01-30T12:23:03.193Z", "score": 1, "level": 2, "match_start": null, "no_player": false, "player": 2, "bracket": 1, "winner_goes_to": 2, "loser_goes_to": null, "table": null}}, {"pk": 4, "model": "pingpong.bracketslot", "fields": {"status": 2, "match_end": "2016-01-30T12:23:03.204Z", "score": 3, "level": 2, "match_start": null, "no_player": false, "player": 10, "bracket": 1, "winner_goes_to": 2, "loser_goes_to": null, "table": null}}, {"pk": 5, "model": "pingpong.bracketslot", "fields": {"status": 2, "match_end": "2016-01-30T12:59:16.727Z", "score": 1, "level": 1, "match_start": null, "no_player": false, "player": 41, "bracket": 1, "winner_goes_to": 1, "loser_goes_to": null, "table": null}}, {"pk": 6, "model": "pingpong.bracketslot", "fields": {"status": 2, "match_end": "2016-01-30T12:13:51.075Z", "score": 0, "level": 2, "match_start": null, "no_player": false, "player": 3, "bracket": 1, "winner_goes_to": 5, "loser_goes_to": null, "table": null}}, {"pk": 7, "model": "pingpong.bracketslot", "fields": {"status": 2, "match_end": "2016-01-30T12:13:51.085Z", "score": 3, "level": 2, "match_start": null, "no_player": false, "player": 41, "bracket": 1, "winner_goes_to": 5, "loser_goes_to": null, "table": null}}, {"pk": 8, "model": "pingpong.bracketslot", "fields": {"status": 2, "match_end": null, "score": null, "level": 0, "match_start": null, "no_player": false, "player": 8, "bracket": 2, "winner_goes_to": null, "loser_goes_to": null, "table": null}}, {"pk": 9, "model": "pingpong.bracketslot", "fields": {"status": 2, "match_end": "2016-01-30T12:18:35.119Z", "score": 3, "level": 1, "match_start": null, "no_player": false, "player": 8, "bracket": 2, "winner_goes_to": 8, "loser_goes_to": null, "table": null}}, {"pk": 10, "model": "pingpong.bracketslot", "fields": {"status": 2, "match_end": "2016-01-30T11:49:19.150Z", "score": 3, "level": 2, "match_start": null, "no_player": false, "player": 8, "bracket": 2, "winner_goes_to": 9, "loser_goes_to": null, "table": null}}, {"pk": 11, "model": "pingpong.bracketslot", "fields": {"status": 2, "match_end": "2016-01-30T11:49:19.159Z", "score": 0, "level": 2, "match_start": null, "no_player": false, "player": 11, "bracket": 2, "winner_goes_to": 9, "loser_goes_to": null, "table": null}}, {"pk": 12, "model": "pingpong.bracketslot", "fields": {"status": 2, "match_end": "2016-01-30T12:18:35.128Z", "score": 1, "level": 1, "match_start": null, "no_player": false, "player": 9, "bracket": 2, "winner_goes_to": 8, "loser_goes_to": null, "table": null}}, {"pk": 13, "model": "pingpong.bracketslot", "fields": {"status": 2, "match_end": "2016-01-30T11:54:09.134Z", "score": 3, "level": 2, "match_start": null, "no_player": false, "player": 9, "bracket": 2, "winner_goes_to": 12, "loser_goes_to": null, "table": null}}, {"pk": 14, "model": "pingpong.bracketslot", "fields": {"status": 2, "match_end": "2016-01-30T11:54:09.143Z", "score": 2, "level": 2, "match_start": null, "no_player": false, "player": 1, "bracket": 2, "winner_goes_to": 12, "loser_goes_to": null, "table": null}}, {"pk": 15, "model": "pingpong.bracketslot", "fields": {"status": 2, "match_end": null, "score": null, "level": 0, "match_start": null, "no_player": false, "player": 5, "bracket": 3, "winner_goes_to": null, "loser_goes_to": null, "table": null}}, {"pk": 16, "model": "pingpong.bracketslot", "fields": {"status": 2, "match_end": "2016-01-30T12:49:43.014Z", "score": 1, "level": 1, "match_start": null, "no_player": false, "player": 50, "bracket": 3, "winner_goes_to": 15, "loser_goes_to": null, "table": null}}, {"pk": 17, "model": "pingpong.bracketslot", "fields": {"status": 2, "match_end": "2016-01-30T11:51:26.726Z", "score": 3, "level": 2, "match_start": null, "no_player": false, "player": 50, "bracket": 3, "winner_goes_to": 16, "loser_goes_to": null, "table": null}}, {"pk": 18, "model": "pingpong.bracketslot", "fields": {"status": 2, "match_end": "2016-01-30T11:04:41.409Z", "score": 3, "level": 3, "match_start": null, "no_player": false, "player": 50, "bracket": 3, "winner_goes_to": 17, "loser_goes_to": null, "table": null}}, {"pk": 19, "model": "pingpong.bracketslot", "fields": {"status": 2, "match_end": "2016-01-30T11:04:41.418Z", "score": 0, "level": 3, "match_start": null, "no_player": false, "player": 14, "bracket": 3, "winner_goes_to": 17, "loser_goes_to": null, "table": null}}, {"pk": 20, "model": "pingpong.bracketslot", "fields": {"status": 2, "match_end": "2016-01-30T11:51:26.737Z", "score": 1, "level": 2, "match_start": null, "no_player": false, "player": 49, "bracket": 3, "winner_goes_to": 16, "loser_goes_to": null, "table": null}}, {"pk": 21, "model": "pingpong.bracketslot", "fields": {"status": 2, "match_end": "2016-01-30T10:29:10.635Z", "score": 0, "level": 3, "match_start": null, "no_player": false, "player": 4, "bracket": 3, "winner_goes_to": 20, "loser_goes_to": null, "table": null}}, {"pk": 22, "model": "pingpong.bracketslot", "fields": {"status": 2, "match_end": "2016-01-30T10:29:10.643Z", "score": 3, "level": 3, "match_start": null, "no_player": false, "player": 49, "bracket": 3, "winner_goes_to": 20, "loser_goes_to": null, "table": null}}, {"pk": 23, "model": "pingpong.bracketslot", "fields": {"status": 2, "match_end": "2016-01-30T12:49:43.023Z", "score": 3, "level": 1, "match_start": null, "no_player": false, "player": 5, "bracket": 3, "winner_goes_to": 15, "loser_goes_to": null, "table": null}}, {"pk": 24, "model": "pingpong.bracketslot", "fields": {"status": 2, "match_end": "2016-01-30T11:57:16.430Z", "score": 1, "level": 2, "match_start": null, "no_player": false, "player": 6, "bracket": 3, "winner_goes_to": 23, "loser_goes_to": null, "table": null}}, {"pk": 25, "model": "pingpong.bracketslot", "fields": {"status": 2, "match_end": "2016-01-30T10:50:12.886Z", "score": 3, "level": 3, "match_start": null, "no_player": false, "player": 6, "bracket": 3, "winner_goes_to": 24, "loser_goes_to": null, "table": null}}, {"pk": 26, "model": "pingpong.bracketslot", "fields": {"status": 2, "match_end": "2016-01-30T10:50:12.892Z", "score": 0, "level": 3, "match_start": null, "no_player": false, "player": 17, "bracket": 3, "winner_goes_to": 24, "loser_goes_to": null, "table": null}}, {"pk": 27, "model": "pingpong.bracketslot", "fields": {"status": 2, "match_end": "2016-01-30T11:57:16.441Z", "score": 3, "level": 2, "match_start": null, "no_player": false, "player": 5, "bracket": 3, "winner_goes_to": 23, "loser_goes_to": null, "table": null}}, {"pk": 28, "model": "pingpong.bracketslot", "fields": {"status": 2, "match_end": "2016-01-30T10:37:57.378Z", "score": 0, "level": 3, "match_start": null, "no_player": false, "player": 7, "bracket": 3, "winner_goes_to": 27, "loser_goes_to": null, "table": null}}, {"pk": 29, "model": "pingpong.bracketslot", "fields": {"status": 2, "match_end": "2016-01-30T10:37:57.387Z", "score": 3, "level": 3, "match_start": null, "no_player": false, "player": 5, "bracket": 3, "winner_goes_to": 27, "loser_goes_to": null, "table": null}}, {"pk": 30, "model": "pingpong.bracketslot", "fields": {"status": 2, "match_end": null, "score": null, "level": 0, "match_start": null, "no_player": false, "player": 13, "bracket": 4, "winner_goes_to": null, "loser_goes_to": null, "table": null}}, {"pk": 31, "model": "pingpong.bracketslot", "fields": {"status": 2, "match_end": "2016-01-30T11:54:44.367Z", "score": 0, "level": 1, "match_start": null, "no_player": false, "player": 15, "bracket": 4, "winner_goes_to": 30, "loser_goes_to": null, "table": null}}, {"pk": 32, "model": "pingpong.bracketslot", "fields": {"status": 2, "match_end": "2016-01-30T11:01:45.774Z", "score": 1, "level": 2, "match_start": null, "no_player": false, "player": 59, "bracket": 4, "winner_goes_to": 31, "loser_goes_to": null, "table": null}}, {"pk": 33, "model": "pingpong.bracketslot", "fields": {"status": 0, "match_end": null, "score": null, "level": 3, "match_start": null, "no_player": false, "player": 59, "bracket": 4, "winner_goes_to": 32, "loser_goes_to": null, "table": null}}, {"pk": 34, "model": "pingpong.bracketslot", "fields": {"status": 0, "match_end": null, "score": null, "level": 3, "match_start": null, "no_player": true, "player": null, "bracket": 4, "winner_goes_to": 32, "loser_goes_to": null, "table": null}}, {"pk": 35, "model": "pingpong.bracketslot", "fields": {"status": 2, "match_end": "2016-01-30T11:01:45.782Z", "score": 3, "level": 2, "match_start": null, "no_player": false, "player": 15, "bracket": 4, "winner_goes_to": 31, "loser_goes_to": null, "table": null}}, {"pk": 36, "model": "pingpong.bracketslot", "fields": {"status": 0, "match_end": null, "score": null, "level": 3, "match_start": null, "no_player": true, "player": null, "bracket": 4, "winner_goes_to": 35, "loser_goes_to": null, "table": null}}, {"pk": 37, "model": "pingpong.bracketslot", "fields": {"status": 0, "match_end": null, "score": null, "level": 3, "match_start": null, "no_player": false, "player": 15, "bracket": 4, "winner_goes_to": 35, "loser_goes_to": null, "table": null}}, {"pk": 38, "model": "pingpong.bracketslot", "fields": {"status": 2, "match_end": "2016-01-30T11:54:44.377Z", "score": 3, "level": 1, "match_start": null, "no_player": false, "player": 13, "bracket": 4, "winner_goes_to": 30, "loser_goes_to": null, "table": null}}, {"pk": 39, "model": "pingpong.bracketslot", "fields": {"status": 2, "match_end": "2016-01-30T11:22:12.394Z", "score": 3, "level": 2, "match_start": null, "no_player": false, "player": 13, "bracket": 4, "winner_goes_to": 38, "loser_goes_to": null, "table": null}}, {"pk": 40, "model": "pingpong.bracketslot", "fields": {"status": 2, "match_end": "2016-01-30T10:51:50.625Z", "score": 3, "level": 3, "match_start": null, "no_player": false, "player": 13, "bracket": 4, "winner_goes_to": 39, "loser_goes_to": null, "table": null}}, {"pk": 41, "model": "pingpong.bracketslot", "fields": {"status": 2, "match_end": "2016-01-30T10:51:50.634Z", "score": 0, "level": 3, "match_start": null, "no_player": false, "player": 12, "bracket": 4, "winner_goes_to": 39, "loser_goes_to": null, "table": null}}, {"pk": 42, "model": "pingpong.bracketslot", "fields": {"status": 2, "match_end": "2016-01-30T11:22:12.402Z", "score": 0, "level": 2, "match_start": null, "no_player": false, "player": 16, "bracket": 4, "winner_goes_to": 38, "loser_goes_to": null, "table": null}}, {"pk": 43, "model": "pingpong.bracketslot", "fields": {"status": 0, "match_end": null, "score": null, "level": 3, "match_start": null, "no_player": true, "player": null, "bracket": 4, "winner_goes_to": 42, "loser_goes_to": null, "table": null}}, {"pk": 44, "model": "pingpong.bracketslot", "fields": {"status": 0, "match_end": null, "score": null, "level": 3, "match_start": null, "no_player": false, "player": 16, "bracket": 4, "winner_goes_to": 42, "loser_goes_to": null, "table": null}}, {"pk": 75, "model": "pingpong.bracketslot", "fields": {"status": 2, "match_end": null, "score": null, "level": 0, "match_start": null, "no_player": false, "player": 29, "bracket": 7, "winner_goes_to": null, "loser_goes_to": null, "table": null}}, {"pk": 76, "model": "pingpong.bracketslot", "fields": {"status": 2, "match_end": "2016-01-30T12:42:40.878Z", "score": 0, "level": 1, "match_start": null, "no_player": false, "player": 36, "bracket": 7, "winner_goes_to": 75, "loser_goes_to": null, "table": null}}, {"pk": 77, "model": "pingpong.bracketslot", "fields": {"status": 2, "match_end": "2016-01-30T12:11:10.073Z", "score": 3, "level": 2, "match_start": null, "no_player": false, "player": 36, "bracket": 7, "winner_goes_to": 76, "loser_goes_to": null, "table": null}}, {"pk": 78, "model": "pingpong.bracketslot", "fields": {"status": 2, "match_end": "2016-01-30T11:10:18.607Z", "score": 1, "level": 3, "match_start": null, "no_player": false, "player": 32, "bracket": 7, "winner_goes_to": 77, "loser_goes_to": null, "table": null}}, {"pk": 79, "model": "pingpong.bracketslot", "fields": {"status": 2, "match_end": "2016-01-30T11:10:18.614Z", "score": 3, "level": 3, "match_start": null, "no_player": false, "player": 36, "bracket": 7, "winner_goes_to": 77, "loser_goes_to": null, "table": null}}, {"pk": 80, "model": "pingpong.bracketslot", "fields": {"status": 2, "match_end": "2016-01-30T12:11:10.080Z", "score": 2, "level": 2, "match_start": null, "no_player": false, "player": 34, "bracket": 7, "winner_goes_to": 76, "loser_goes_to": null, "table": null}}, {"pk": 81, "model": "pingpong.bracketslot", "fields": {"status": 2, "match_end": "2016-01-30T11:35:05.327Z", "score": 3, "level": 3, "match_start": null, "no_player": false, "player": 34, "bracket": 7, "winner_goes_to": 80, "loser_goes_to": null, "table": null}}, {"pk": 82, "model": "pingpong.bracketslot", "fields": {"status": 2, "match_end": "2016-01-30T11:35:05.339Z", "score": 0, "level": 3, "match_start": null, "no_player": false, "player": 35, "bracket": 7, "winner_goes_to": 80, "loser_goes_to": null, "table": null}}, {"pk": 83, "model": "pingpong.bracketslot", "fields": {"status": 2, "match_end": "2016-01-30T12:42:40.887Z", "score": 3, "level": 1, "match_start": null, "no_player": false, "player": 29, "bracket": 7, "winner_goes_to": 75, "loser_goes_to": null, "table": null}}, {"pk": 84, "model": "pingpong.bracketslot", "fields": {"status": 2, "match_end": "2016-01-30T12:15:52.287Z", "score": 3, "level": 2, "match_start": null, "no_player": false, "player": 29, "bracket": 7, "winner_goes_to": 83, "loser_goes_to": null, "table": null}}, {"pk": 85, "model": "pingpong.bracketslot", "fields": {"status": 2, "match_end": "2016-01-30T10:59:37.887Z", "score": 0, "level": 3, "match_start": null, "no_player": false, "player": 30, "bracket": 7, "winner_goes_to": 84, "loser_goes_to": null, "table": null}}, {"pk": 86, "model": "pingpong.bracketslot", "fields": {"status": 2, "match_end": "2016-01-30T10:59:37.896Z", "score": 3, "level": 3, "match_start": null, "no_player": false, "player": 29, "bracket": 7, "winner_goes_to": 84, "loser_goes_to": null, "table": null}}, {"pk": 87, "model": "pingpong.bracketslot", "fields": {"status": 2, "match_end": "2016-01-30T12:15:52.297Z", "score": 1, "level": 2, "match_start": null, "no_player": false, "player": 33, "bracket": 7, "winner_goes_to": 83, "loser_goes_to": null, "table": null}}, {"pk": 88, "model": "pingpong.bracketslot", "fields": {"status": 2, "match_end": "2016-01-30T11:21:31.359Z", "score": 0, "level": 3, "match_start": null, "no_player": false, "player": 61, "bracket": 7, "winner_goes_to": 87, "loser_goes_to": null, "table": null}}, {"pk": 89, "model": "pingpong.bracketslot", "fields": {"status": 2, "match_end": "2016-01-30T11:21:31.369Z", "score": 3, "level": 3, "match_start": null, "no_player": false, "player": 33, "bracket": 7, "winner_goes_to": 87, "loser_goes_to": null, "table": null}}, {"pk": 90, "model": "pingpong.bracketslot", "fields": {"status": 2, "match_end": null, "score": null, "level": 0, "match_start": null, "no_player": false, "player": 28, "bracket": 8, "winner_goes_to": null, "loser_goes_to": null, "table": null}}, {"pk": 91, "model": "pingpong.bracketslot", "fields": {"status": 2, "match_end": "2016-01-30T11:57:07.524Z", "score": 2, "level": 1, "match_start": null, "no_player": false, "player": 39, "bracket": 8, "winner_goes_to": 90, "loser_goes_to": null, "table": null}}, {"pk": 92, "model": "pingpong.bracketslot", "fields": {"status": 2, "match_end": "2016-01-30T11:23:18.337Z", "score": 3, "level": 2, "match_start": null, "no_player": false, "player": 39, "bracket": 8, "winner_goes_to": 91, "loser_goes_to": null, "table": null}}, {"pk": 93, "model": "pingpong.bracketslot", "fields": {"status": 2, "match_end": "2016-01-30T10:55:29.555Z", "score": 3, "level": 3, "match_start": null, "no_player": false, "player": 39, "bracket": 8, "winner_goes_to": 92, "loser_goes_to": null, "table": null}}, {"pk": 94, "model": "pingpong.bracketslot", "fields": {"status": 2, "match_end": "2016-01-30T10:55:29.561Z", "score": 0, "level": 3, "match_start": null, "no_player": false, "player": 40, "bracket": 8, "winner_goes_to": 92, "loser_goes_to": null, "table": null}}, {"pk": 95, "model": "pingpong.bracketslot", "fields": {"status": 2, "match_end": "2016-01-30T11:23:18.346Z", "score": 0, "level": 2, "match_start": null, "no_player": false, "player": 37, "bracket": 8, "winner_goes_to": 91, "loser_goes_to": null, "table": null}}, {"pk": 96, "model": "pingpong.bracketslot", "fields": {"status": 2, "match_end": "2016-01-30T10:56:57.267Z", "score": 0, "level": 3, "match_start": null, "no_player": false, "player": 31, "bracket": 8, "winner_goes_to": 95, "loser_goes_to": null, "table": null}}, {"pk": 97, "model": "pingpong.bracketslot", "fields": {"status": 2, "match_end": "2016-01-30T10:56:57.278Z", "score": 3, "level": 3, "match_start": null, "no_player": false, "player": 37, "bracket": 8, "winner_goes_to": 95, "loser_goes_to": null, "table": null}}, {"pk": 98, "model": "pingpong.bracketslot", "fields": {"status": 2, "match_end": "2016-01-30T11:57:07.534Z", "score": 3, "level": 1, "match_start": null, "no_player": false, "player": 28, "bracket": 8, "winner_goes_to": 90, "loser_goes_to": null, "table": null}}, {"pk": 99, "model": "pingpong.bracketslot", "fields": {"status": 2, "match_end": "2016-01-30T11:26:48.798Z", "score": 1, "level": 2, "match_start": null, "no_player": false, "player": 38, "bracket": 8, "winner_goes_to": 98, "loser_goes_to": null, "table": null}}, {"pk": 100, "model": "pingpong.bracketslot", "fields": {"status": 2, "match_end": "2016-01-30T11:05:46.577Z", "score": 2, "level": 3, "match_start": null, "no_player": false, "player": 58, "bracket": 8, "winner_goes_to": 99, "loser_goes_to": null, "table": null}}, {"pk": 101, "model": "pingpong.bracketslot", "fields": {"status": 2, "match_end": "2016-01-30T11:05:46.587Z", "score": 3, "level": 3, "match_start": null, "no_player": false, "player": 38, "bracket": 8, "winner_goes_to": 99, "loser_goes_to": null, "table": null}}, {"pk": 102, "model": "pingpong.bracketslot", "fields": {"status": 2, "match_end": "2016-01-30T11:26:48.807Z", "score": 3, "level": 2, "match_start": null, "no_player": false, "player": 28, "bracket": 8, "winner_goes_to": 98, "loser_goes_to": null, "table": null}}, {"pk": 103, "model": "pingpong.bracketslot", "fields": {"status": 0, "match_end": null, "score": null, "level": 3, "match_start": null, "no_player": true, "player": null, "bracket": 8, "winner_goes_to": 102, "loser_goes_to": null, "table": null}}, {"pk": 104, "model": "pingpong.bracketslot", "fields": {"status": 0, "match_end": null, "score": null, "level": 3, "match_start": null, "no_player": false, "player": 28, "bracket": 8, "winner_goes_to": 102, "loser_goes_to": null, "table": null}}, {"pk": 155, "model": "pingpong.bracketslot", "fields": {"status": 2, "match_end": null, "score": null, "level": 0, "match_start": null, "no_player": false, "player": 47, "bracket": 15, "winner_goes_to": null, "loser_goes_to": null, "table": null}}, {"pk": 156, "model": "pingpong.bracketslot", "fields": {"status": 2, "match_end": "2016-01-30T13:15:49.193Z", "score": 3, "level": 1, "match_start": null, "no_player": false, "player": 47, "bracket": 15, "winner_goes_to": 155, "loser_goes_to": null, "table": null}}, {"pk": 157, "model": "pingpong.bracketslot", "fields": {"status": 2, "match_end": "2016-01-30T12:38:19.687Z", "score": 3, "level": 2, "match_start": null, "no_player": false, "player": 47, "bracket": 15, "winner_goes_to": 156, "loser_goes_to": null, "table": null}}, {"pk": 158, "model": "pingpong.bracketslot", "fields": {"status": 2, "match_end": "2016-01-30T11:28:41.299Z", "score": 3, "level": 3, "match_start": null, "no_player": false, "player": 47, "bracket": 15, "winner_goes_to": 157, "loser_goes_to": null, "table": null}}, {"pk": 159, "model": "pingpong.bracketslot", "fields": {"status": 2, "match_end": "2016-01-30T11:28:41.306Z", "score": 0, "level": 3, "match_start": null, "no_player": false, "player": 51, "bracket": 15, "winner_goes_to": 157, "loser_goes_to": null, "table": null}}, {"pk": 160, "model": "pingpong.bracketslot", "fields": {"status": 2, "match_end": "2016-01-30T12:38:19.695Z", "score": 1, "level": 2, "match_start": null, "no_player": false, "player": 46, "bracket": 15, "winner_goes_to": 156, "loser_goes_to": null, "table": null}}, {"pk": 161, "model": "pingpong.bracketslot", "fields": {"status": 2, "match_end": "2016-01-30T11:42:58.418Z", "score": 0, "level": 3, "match_start": null, "no_player": false, "player": 21, "bracket": 15, "winner_goes_to": 160, "loser_goes_to": null, "table": null}}, {"pk": 162, "model": "pingpong.bracketslot", "fields": {"status": 2, "match_end": "2016-01-30T11:42:58.428Z", "score": 3, "level": 3, "match_start": null, "no_player": false, "player": 46, "bracket": 15, "winner_goes_to": 160, "loser_goes_to": null, "table": null}}, {"pk": 163, "model": "pingpong.bracketslot", "fields": {"status": 2, "match_end": "2016-01-30T13:15:49.203Z", "score": 0, "level": 1, "match_start": null, "no_player": false, "player": 20, "bracket": 15, "winner_goes_to": 155, "loser_goes_to": null, "table": null}}, {"pk": 164, "model": "pingpong.bracketslot", "fields": {"status": 2, "match_end": "2016-01-30T12:53:00.010Z", "score": 3, "level": 2, "match_start": null, "no_player": false, "player": 20, "bracket": 15, "winner_goes_to": 163, "loser_goes_to": null, "table": null}}, {"pk": 165, "model": "pingpong.bracketslot", "fields": {"status": 2, "match_end": "2016-01-30T11:52:02.474Z", "score": 3, "level": 3, "match_start": null, "no_player": false, "player": 20, "bracket": 15, "winner_goes_to": 164, "loser_goes_to": null, "table": null}}, {"pk": 166, "model": "pingpong.bracketslot", "fields": {"status": 2, "match_end": "2016-01-30T11:52:02.483Z", "score": 0, "level": 3, "match_start": null, "no_player": false, "player": 24, "bracket": 15, "winner_goes_to": 164, "loser_goes_to": null, "table": null}}, {"pk": 167, "model": "pingpong.bracketslot", "fields": {"status": 2, "match_end": "2016-01-30T12:53:00.020Z", "score": 2, "level": 2, "match_start": null, "no_player": false, "player": 48, "bracket": 15, "winner_goes_to": 163, "loser_goes_to": null, "table": null}}, {"pk": 168, "model": "pingpong.bracketslot", "fields": {"status": 2, "match_end": "2016-01-30T12:01:29.964Z", "score": 0, "level": 3, "match_start": null, "no_player": false, "player": 18, "bracket": 15, "winner_goes_to": 167, "loser_goes_to": null, "table": null}}, {"pk": 169, "model": "pingpong.bracketslot", "fields": {"status": 2, "match_end": "2016-01-30T12:01:29.973Z", "score": 3, "level": 3, "match_start": null, "no_player": false, "player": 48, "bracket": 15, "winner_goes_to": 167, "loser_goes_to": null, "table": null}}, {"pk": 170, "model": "pingpong.bracketslot", "fields": {"status": 2, "match_end": null, "score": null, "level": 0, "match_start": null, "no_player": false, "player": 19, "bracket": 16, "winner_goes_to": null, "loser_goes_to": null, "table": null}}, {"pk": 171, "model": "pingpong.bracketslot", "fields": {"status": 2, "match_end": "2016-01-30T12:47:11.731Z", "score": 3, "level": 1, "match_start": null, "no_player": false, "player": 19, "bracket": 16, "winner_goes_to": 170, "loser_goes_to": null, "table": null}}, {"pk": 172, "model": "pingpong.bracketslot", "fields": {"status": 2, "match_end": "2016-01-30T12:25:37.750Z", "score": 3, "level": 2, "match_start": null, "no_player": false, "player": 19, "bracket": 16, "winner_goes_to": 171, "loser_goes_to": null, "table": null}}, {"pk": 173, "model": "pingpong.bracketslot", "fields": {"status": 2, "match_end": "2016-01-30T11:27:44.095Z", "score": 3, "level": 3, "match_start": null, "no_player": false, "player": 19, "bracket": 16, "winner_goes_to": 172, "loser_goes_to": null, "table": null}}, {"pk": 174, "model": "pingpong.bracketslot", "fields": {"status": 2, "match_end": "2016-01-30T11:27:44.106Z", "score": 1, "level": 3, "match_start": null, "no_player": false, "player": 64, "bracket": 16, "winner_goes_to": 172, "loser_goes_to": null, "table": null}}, {"pk": 175, "model": "pingpong.bracketslot", "fields": {"status": 2, "match_end": "2016-01-30T12:25:37.760Z", "score": 0, "level": 2, "match_start": null, "no_player": false, "player": 27, "bracket": 16, "winner_goes_to": 171, "loser_goes_to": null, "table": null}}, {"pk": 176, "model": "pingpong.bracketslot", "fields": {"status": 2, "match_end": "2016-01-30T12:00:59.356Z", "score": 0, "level": 3, "match_start": null, "no_player": false, "player": 52, "bracket": 16, "winner_goes_to": 175, "loser_goes_to": null, "table": null}}, {"pk": 177, "model": "pingpong.bracketslot", "fields": {"status": 2, "match_end": "2016-01-30T12:00:59.366Z", "score": 3, "level": 3, "match_start": null, "no_player": false, "player": 27, "bracket": 16, "winner_goes_to": 175, "loser_goes_to": null, "table": null}}, {"pk": 178, "model": "pingpong.bracketslot", "fields": {"status": 2, "match_end": "2016-01-30T12:47:11.739Z", "score": 0, "level": 1, "match_start": null, "no_player": false, "player": 22, "bracket": 16, "winner_goes_to": 170, "loser_goes_to": null, "table": null}}, {"pk": 179, "model": "pingpong.bracketslot", "fields": {"status": 2, "match_end": "2016-01-30T12:02:51.991Z", "score": 3, "level": 2, "match_start": null, "no_player": false, "player": 22, "bracket": 16, "winner_goes_to": 178, "loser_goes_to": null, "table": null}}, {"pk": 180, "model": "pingpong.bracketslot", "fields": {"status": 2, "match_end": "2016-01-30T11:29:25.947Z", "score": 3, "level": 3, "match_start": null, "no_player": false, "player": 22, "bracket": 16, "winner_goes_to": 179, "loser_goes_to": null, "table": null}}, {"pk": 181, "model": "pingpong.bracketslot", "fields": {"status": 2, "match_end": "2016-01-30T11:29:25.954Z", "score": 2, "level": 3, "match_start": null, "no_player": false, "player": 23, "bracket": 16, "winner_goes_to": 179, "loser_goes_to": null, "table": null}}, {"pk": 182, "model": "pingpong.bracketslot", "fields": {"status": 2, "match_end": "2016-01-30T12:02:51.997Z", "score": 1, "level": 2, "match_start": null, "no_player": false, "player": 25, "bracket": 16, "winner_goes_to": 178, "loser_goes_to": null, "table": null}}, {"pk": 183, "model": "pingpong.bracketslot", "fields": {"status": 0, "match_end": null, "score": null, "level": 3, "match_start": null, "no_player": true, "player": null, "bracket": 16, "winner_goes_to": 182, "loser_goes_to": null, "table": null}}, {"pk": 184, "model": "pingpong.bracketslot", "fields": {"status": 0, "match_end": null, "score": null, "level": 3, "match_start": null, "no_player": false, "player": 25, "bracket": 16, "winner_goes_to": 182, "loser_goes_to": null, "table": null}}, {"pk": 185, "model": "pingpong.bracketslot", "fields": {"status": 2, "match_end": null, "score": null, "level": 0, "match_start": null, "no_player": false, "player": 42, "bracket": 17, "winner_goes_to": null, "loser_goes_to": null, "table": null}}, {"pk": 186, "model": "pingpong.bracketslot", "fields": {"status": 2, "match_end": "2016-01-30T12:33:16.906Z", "score": 3, "level": 1, "match_start": null, "no_player": false, "player": 42, "bracket": 17, "winner_goes_to": 185, "loser_goes_to": null, "table": null}}, {"pk": 187, "model": "pingpong.bracketslot", "fields": {"status": 2, "match_end": "2016-01-30T10:53:58.236Z", "score": 3, "level": 2, "match_start": null, "no_player": false, "player": 42, "bracket": 17, "winner_goes_to": 186, "loser_goes_to": null, "table": null}}, {"pk": 188, "model": "pingpong.bracketslot", "fields": {"status": 2, "match_end": "2016-01-30T10:53:58.245Z", "score": 0, "level": 2, "match_start": null, "no_player": false, "player": 65, "bracket": 17, "winner_goes_to": 186, "loser_goes_to": null, "table": null}}, {"pk": 189, "model": "pingpong.bracketslot", "fields": {"status": 2, "match_end": "2016-01-30T12:33:16.916Z", "score": 0, "level": 1, "match_start": null, "no_player": false, "player": 62, "bracket": 17, "winner_goes_to": 185, "loser_goes_to": null, "table": null}}, {"pk": 190, "model": "pingpong.bracketslot", "fields": {"status": 2, "match_end": "2016-01-30T12:08:17.896Z", "score": 3, "level": 2, "match_start": null, "no_player": false, "player": 62, "bracket": 17, "winner_goes_to": 189, "loser_goes_to": null, "table": null}}, {"pk": 191, "model": "pingpong.bracketslot", "fields": {"status": 2, "match_end": "2016-01-30T12:08:17.904Z", "score": 0, "level": 2, "match_start": null, "no_player": false, "player": 44, "bracket": 17, "winner_goes_to": 189, "loser_goes_to": null, "table": null}}, {"pk": 192, "model": "pingpong.bracketslot", "fields": {"status": 2, "match_end": null, "score": null, "level": 0, "match_start": null, "no_player": false, "player": 43, "bracket": 18, "winner_goes_to": null, "loser_goes_to": null, "table": null}}, {"pk": 193, "model": "pingpong.bracketslot", "fields": {"status": 2, "match_end": "2016-01-30T11:45:44.109Z", "score": 3, "level": 1, "match_start": null, "no_player": false, "player": 43, "bracket": 18, "winner_goes_to": 192, "loser_goes_to": null, "table": null}}, {"pk": 194, "model": "pingpong.bracketslot", "fields": {"status": 2, "match_end": "2016-01-30T11:45:44.119Z", "score": 0, "level": 1, "match_start": null, "no_player": false, "player": 63, "bracket": 18, "winner_goes_to": 192, "loser_goes_to": null, "table": null}}, {"pk": 208, "model": "pingpong.bracketslot", "fields": {"status": 2, "match_end": null, "score": null, "level": 0, "match_start": null, "no_player": false, "player": 83, "bracket": 22, "winner_goes_to": null, "loser_goes_to": null, "table": null}}, {"pk": 209, "model": "pingpong.bracketslot", "fields": {"status": 2, "match_end": "2016-01-30T14:46:07.084Z", "score": 3, "level": 1, "match_start": null, "no_player": false, "player": 83, "bracket": 22, "winner_goes_to": 208, "loser_goes_to": null, "table": null}}, {"pk": 210, "model": "pingpong.bracketslot", "fields": {"status": 2, "match_end": "2016-01-30T14:21:41.120Z", "score": 3, "level": 2, "match_start": null, "no_player": false, "player": 83, "bracket": 22, "winner_goes_to": 209, "loser_goes_to": null, "table": null}}, {"pk": 211, "model": "pingpong.bracketslot", "fields": {"status": 2, "match_end": "2016-01-30T13:53:35.718Z", "score": 3, "level": 3, "match_start": null, "no_player": false, "player": 83, "bracket": 22, "winner_goes_to": 210, "loser_goes_to": null, "table": null}}, {"pk": 212, "model": "pingpong.bracketslot", "fields": {"status": 0, "match_end": null, "score": null, "level": 4, "match_start": null, "no_player": false, "player": 83, "bracket": 22, "winner_goes_to": 211, "loser_goes_to": null, "table": null}}, {"pk": 213, "model": "pingpong.bracketslot", "fields": {"status": 0, "match_end": null, "score": null, "level": 4, "match_start": null, "no_player": true, "player": null, "bracket": 22, "winner_goes_to": 211, "loser_goes_to": null, "table": null}}, {"pk": 214, "model": "pingpong.bracketslot", "fields": {"status": 2, "match_end": "2016-01-30T13:53:35.728Z", "score": 0, "level": 3, "match_start": null, "no_player": false, "player": 85, "bracket": 22, "winner_goes_to": 210, "loser_goes_to": null, "table": null}}, {"pk": 215, "model": "pingpong.bracketslot", "fields": {"status": 2, "match_end": "2016-01-30T13:29:55.725Z", "score": 3, "level": 4, "match_start": null, "no_player": false, "player": 85, "bracket": 22, "winner_goes_to": 214, "loser_goes_to": null, "table": null}}, {"pk": 216, "model": "pingpong.bracketslot", "fields": {"status": 2, "match_end": "2016-01-30T13:29:55.735Z", "score": 2, "level": 4, "match_start": null, "no_player": false, "player": 93, "bracket": 22, "winner_goes_to": 214, "loser_goes_to": null, "table": null}}, {"pk": 217, "model": "pingpong.bracketslot", "fields": {"status": 2, "match_end": "2016-01-30T14:21:41.128Z", "score": 2, "level": 2, "match_start": null, "no_player": false, "player": 74, "bracket": 22, "winner_goes_to": 209, "loser_goes_to": null, "table": null}}, {"pk": 218, "model": "pingpong.bracketslot", "fields": {"status": 2, "match_end": "2016-01-30T13:13:58.497Z", "score": 3, "level": 3, "match_start": null, "no_player": false, "player": 74, "bracket": 22, "winner_goes_to": 217, "loser_goes_to": null, "table": null}}, {"pk": 219, "model": "pingpong.bracketslot", "fields": {"status": 0, "match_end": null, "score": null, "level": 4, "match_start": null, "no_player": false, "player": 74, "bracket": 22, "winner_goes_to": 218, "loser_goes_to": null, "table": null}}, {"pk": 220, "model": "pingpong.bracketslot", "fields": {"status": 0, "match_end": null, "score": null, "level": 4, "match_start": null, "no_player": true, "player": null, "bracket": 22, "winner_goes_to": 218, "loser_goes_to": null, "table": null}}, {"pk": 221, "model": "pingpong.bracketslot", "fields": {"status": 2, "match_end": "2016-01-30T13:13:58.508Z", "score": 0, "level": 3, "match_start": null, "no_player": false, "player": 75, "bracket": 22, "winner_goes_to": 217, "loser_goes_to": null, "table": null}}, {"pk": 222, "model": "pingpong.bracketslot", "fields": {"status": 0, "match_end": null, "score": null, "level": 4, "match_start": null, "no_player": true, "player": null, "bracket": 22, "winner_goes_to": 221, "loser_goes_to": null, "table": null}}, {"pk": 223, "model": "pingpong.bracketslot", "fields": {"status": 0, "match_end": null, "score": null, "level": 4, "match_start": null, "no_player": false, "player": 75, "bracket": 22, "winner_goes_to": 221, "loser_goes_to": null, "table": null}}, {"pk": 224, "model": "pingpong.bracketslot", "fields": {"status": 2, "match_end": "2016-01-30T14:46:07.094Z", "score": 0, "level": 1, "match_start": null, "no_player": false, "player": 76, "bracket": 22, "winner_goes_to": 208, "loser_goes_to": null, "table": null}}, {"pk": 225, "model": "pingpong.bracketslot", "fields": {"status": 2, "match_end": "2016-01-30T14:16:44.068Z", "score": 2, "level": 2, "match_start": null, "no_player": false, "player": 97, "bracket": 22, "winner_goes_to": 224, "loser_goes_to": null, "table": null}}, {"pk": 226, "model": "pingpong.bracketslot", "fields": {"status": 2, "match_end": "2016-01-30T13:44:33.712Z", "score": 1, "level": 3, "match_start": null, "no_player": false, "player": 87, "bracket": 22, "winner_goes_to": 225, "loser_goes_to": null, "table": null}}, {"pk": 227, "model": "pingpong.bracketslot", "fields": {"status": 0, "match_end": null, "score": null, "level": 4, "match_start": null, "no_player": false, "player": 87, "bracket": 22, "winner_goes_to": 226, "loser_goes_to": null, "table": null}}, {"pk": 228, "model": "pingpong.bracketslot", "fields": {"status": 0, "match_end": null, "score": null, "level": 4, "match_start": null, "no_player": true, "player": null, "bracket": 22, "winner_goes_to": 226, "loser_goes_to": null, "table": null}}, {"pk": 229, "model": "pingpong.bracketslot", "fields": {"status": 2, "match_end": "2016-01-30T13:44:33.722Z", "score": 3, "level": 3, "match_start": null, "no_player": false, "player": 97, "bracket": 22, "winner_goes_to": 225, "loser_goes_to": null, "table": null}}, {"pk": 230, "model": "pingpong.bracketslot", "fields": {"status": 0, "match_end": null, "score": null, "level": 4, "match_start": null, "no_player": true, "player": null, "bracket": 22, "winner_goes_to": 229, "loser_goes_to": null, "table": null}}, {"pk": 231, "model": "pingpong.bracketslot", "fields": {"status": 0, "match_end": null, "score": null, "level": 4, "match_start": null, "no_player": false, "player": 97, "bracket": 22, "winner_goes_to": 229, "loser_goes_to": null, "table": null}}, {"pk": 232, "model": "pingpong.bracketslot", "fields": {"status": 2, "match_end": "2016-01-30T14:16:44.078Z", "score": 3, "level": 2, "match_start": null, "no_player": false, "player": 76, "bracket": 22, "winner_goes_to": 224, "loser_goes_to": null, "table": null}}, {"pk": 233, "model": "pingpong.bracketslot", "fields": {"status": 2, "match_end": "2016-01-30T13:36:49.030Z", "score": 3, "level": 3, "match_start": null, "no_player": false, "player": 76, "bracket": 22, "winner_goes_to": 232, "loser_goes_to": null, "table": null}}, {"pk": 234, "model": "pingpong.bracketslot", "fields": {"status": 2, "match_end": "2016-01-30T13:16:47.751Z", "score": 0, "level": 4, "match_start": null, "no_player": false, "player": 91, "bracket": 22, "winner_goes_to": 233, "loser_goes_to": null, "table": null}}, {"pk": 235, "model": "pingpong.bracketslot", "fields": {"status": 2, "match_end": "2016-01-30T13:16:47.758Z", "score": 3, "level": 4, "match_start": null, "no_player": false, "player": 76, "bracket": 22, "winner_goes_to": 233, "loser_goes_to": null, "table": null}}, {"pk": 236, "model": "pingpong.bracketslot", "fields": {"status": 2, "match_end": "2016-01-30T13:36:49.041Z", "score": 1, "level": 3, "match_start": null, "no_player": false, "player": 84, "bracket": 22, "winner_goes_to": 232, "loser_goes_to": null, "table": null}}, {"pk": 237, "model": "pingpong.bracketslot", "fields": {"status": 0, "match_end": null, "score": null, "level": 4, "match_start": null, "no_player": true, "player": null, "bracket": 22, "winner_goes_to": 236, "loser_goes_to": null, "table": null}}, {"pk": 238, "model": "pingpong.bracketslot", "fields": {"status": 0, "match_end": null, "score": null, "level": 4, "match_start": null, "no_player": false, "player": 84, "bracket": 22, "winner_goes_to": 236, "loser_goes_to": null, "table": null}}, {"pk": 239, "model": "pingpong.bracketslot", "fields": {"status": 2, "match_end": null, "score": null, "level": 0, "match_start": null, "no_player": false, "player": 79, "bracket": 23, "winner_goes_to": null, "loser_goes_to": null, "table": null}}, {"pk": 240, "model": "pingpong.bracketslot", "fields": {"status": 2, "match_end": "2016-01-30T14:52:37.609Z", "score": 3, "level": 1, "match_start": null, "no_player": false, "player": 79, "bracket": 23, "winner_goes_to": 239, "loser_goes_to": null, "table": null}}, {"pk": 241, "model": "pingpong.bracketslot", "fields": {"status": 2, "match_end": "2016-01-30T14:17:03.328Z", "score": 3, "level": 2, "match_start": null, "no_player": false, "player": 79, "bracket": 23, "winner_goes_to": 240, "loser_goes_to": null, "table": null}}, {"pk": 242, "model": "pingpong.bracketslot", "fields": {"status": 2, "match_end": "2016-01-30T13:53:50.164Z", "score": 0, "level": 3, "match_start": null, "no_player": false, "player": 70, "bracket": 23, "winner_goes_to": 241, "loser_goes_to": null, "table": null}}, {"pk": 243, "model": "pingpong.bracketslot", "fields": {"status": 0, "match_end": null, "score": null, "level": 4, "match_start": null, "no_player": false, "player": 70, "bracket": 23, "winner_goes_to": 242, "loser_goes_to": null, "table": null}}, {"pk": 244, "model": "pingpong.bracketslot", "fields": {"status": 0, "match_end": null, "score": null, "level": 4, "match_start": null, "no_player": true, "player": null, "bracket": 23, "winner_goes_to": 242, "loser_goes_to": null, "table": null}}, {"pk": 245, "model": "pingpong.bracketslot", "fields": {"status": 2, "match_end": "2016-01-30T13:53:50.174Z", "score": 3, "level": 3, "match_start": null, "no_player": false, "player": 79, "bracket": 23, "winner_goes_to": 241, "loser_goes_to": null, "table": null}}, {"pk": 246, "model": "pingpong.bracketslot", "fields": {"status": 2, "match_end": "2016-01-30T13:34:41.530Z", "score": 3, "level": 4, "match_start": null, "no_player": false, "player": 79, "bracket": 23, "winner_goes_to": 245, "loser_goes_to": null, "table": null}}, {"pk": 247, "model": "pingpong.bracketslot", "fields": {"status": 2, "match_end": "2016-01-30T13:34:41.540Z", "score": 2, "level": 4, "match_start": null, "no_player": false, "player": 89, "bracket": 23, "winner_goes_to": 245, "loser_goes_to": null, "table": null}}, {"pk": 248, "model": "pingpong.bracketslot", "fields": {"status": 2, "match_end": "2016-01-30T14:17:03.338Z", "score": 1, "level": 2, "match_start": null, "no_player": false, "player": 92, "bracket": 23, "winner_goes_to": 240, "loser_goes_to": null, "table": null}}, {"pk": 249, "model": "pingpong.bracketslot", "fields": {"status": 2, "match_end": "2016-01-30T13:33:37.226Z", "score": 3, "level": 3, "match_start": null, "no_player": false, "player": 92, "bracket": 23, "winner_goes_to": 248, "loser_goes_to": null, "table": null}}, {"pk": 250, "model": "pingpong.bracketslot", "fields": {"status": 2, "match_end": "2016-01-30T12:50:35.713Z", "score": 3, "level": 4, "match_start": null, "no_player": false, "player": 92, "bracket": 23, "winner_goes_to": 249, "loser_goes_to": null, "table": null}}, {"pk": 251, "model": "pingpong.bracketslot", "fields": {"status": 2, "match_end": "2016-01-30T12:50:35.722Z", "score": 1, "level": 4, "match_start": null, "no_player": false, "player": 73, "bracket": 23, "winner_goes_to": 249, "loser_goes_to": null, "table": null}}, {"pk": 252, "model": "pingpong.bracketslot", "fields": {"status": 2, "match_end": "2016-01-30T13:33:37.238Z", "score": 0, "level": 3, "match_start": null, "no_player": false, "player": 68, "bracket": 23, "winner_goes_to": 248, "loser_goes_to": null, "table": null}}, {"pk": 253, "model": "pingpong.bracketslot", "fields": {"status": 2, "match_end": "2016-01-30T13:16:23.597Z", "score": 0, "level": 4, "match_start": null, "no_player": false, "player": 80, "bracket": 23, "winner_goes_to": 252, "loser_goes_to": null, "table": null}}, {"pk": 254, "model": "pingpong.bracketslot", "fields": {"status": 2, "match_end": "2016-01-30T13:16:23.607Z", "score": 3, "level": 4, "match_start": null, "no_player": false, "player": 68, "bracket": 23, "winner_goes_to": 252, "loser_goes_to": null, "table": null}}, {"pk": 255, "model": "pingpong.bracketslot", "fields": {"status": 2, "match_end": "2016-01-30T14:52:37.619Z", "score": 2, "level": 1, "match_start": null, "no_player": false, "player": 77, "bracket": 23, "winner_goes_to": 239, "loser_goes_to": null, "table": null}}, {"pk": 256, "model": "pingpong.bracketslot", "fields": {"status": 2, "match_end": "2016-01-30T14:13:45.557Z", "score": 3, "level": 2, "match_start": null, "no_player": false, "player": 77, "bracket": 23, "winner_goes_to": 255, "loser_goes_to": null, "table": null}}, {"pk": 257, "model": "pingpong.bracketslot", "fields": {"status": 2, "match_end": "2016-01-30T13:25:05.825Z", "score": 1, "level": 3, "match_start": null, "no_player": false, "player": 72, "bracket": 23, "winner_goes_to": 256, "loser_goes_to": null, "table": null}}, {"pk": 258, "model": "pingpong.bracketslot", "fields": {"status": 2, "match_end": "2016-01-30T12:52:17.423Z", "score": 0, "level": 4, "match_start": null, "no_player": false, "player": 82, "bracket": 23, "winner_goes_to": 257, "loser_goes_to": null, "table": null}}, {"pk": 259, "model": "pingpong.bracketslot", "fields": {"status": 2, "match_end": "2016-01-30T12:52:17.432Z", "score": 3, "level": 4, "match_start": null, "no_player": false, "player": 72, "bracket": 23, "winner_goes_to": 257, "loser_goes_to": null, "table": null}}, {"pk": 260, "model": "pingpong.bracketslot", "fields": {"status": 2, "match_end": "2016-01-30T13:25:05.834Z", "score": 3, "level": 3, "match_start": null, "no_player": false, "player": 77, "bracket": 23, "winner_goes_to": 256, "loser_goes_to": null, "table": null}}, {"pk": 261, "model": "pingpong.bracketslot", "fields": {"status": 2, "match_end": "2016-01-30T13:01:52.469Z", "score": 3, "level": 4, "match_start": null, "no_player": false, "player": 77, "bracket": 23, "winner_goes_to": 260, "loser_goes_to": null, "table": null}}, {"pk": 262, "model": "pingpong.bracketslot", "fields": {"status": 2, "match_end": "2016-01-30T13:01:52.477Z", "score": 1, "level": 4, "match_start": null, "no_player": false, "player": 71, "bracket": 23, "winner_goes_to": 260, "loser_goes_to": null, "table": null}}, {"pk": 263, "model": "pingpong.bracketslot", "fields": {"status": 2, "match_end": "2016-01-30T14:13:45.571Z", "score": 1, "level": 2, "match_start": null, "no_player": false, "player": 78, "bracket": 23, "winner_goes_to": 255, "loser_goes_to": null, "table": null}}, {"pk": 264, "model": "pingpong.bracketslot", "fields": {"status": 2, "match_end": "2016-01-30T13:49:05.701Z", "score": 3, "level": 3, "match_start": null, "no_player": false, "player": 78, "bracket": 23, "winner_goes_to": 263, "loser_goes_to": null, "table": null}}, {"pk": 265, "model": "pingpong.bracketslot", "fields": {"status": 2, "match_end": "2016-01-30T13:35:02.294Z", "score": 0, "level": 4, "match_start": null, "no_player": false, "player": 88, "bracket": 23, "winner_goes_to": 264, "loser_goes_to": null, "table": null}}, {"pk": 266, "model": "pingpong.bracketslot", "fields": {"status": 2, "match_end": "2016-01-30T13:35:02.306Z", "score": 3, "level": 4, "match_start": null, "no_player": false, "player": 78, "bracket": 23, "winner_goes_to": 264, "loser_goes_to": null, "table": null}}, {"pk": 267, "model": "pingpong.bracketslot", "fields": {"status": 2, "match_end": "2016-01-30T13:49:05.711Z", "score": 0, "level": 3, "match_start": null, "no_player": false, "player": 86, "bracket": 23, "winner_goes_to": 263, "loser_goes_to": null, "table": null}}, {"pk": 268, "model": "pingpong.bracketslot", "fields": {"status": 0, "match_end": null, "score": null, "level": 4, "match_start": null, "no_player": true, "player": null, "bracket": 23, "winner_goes_to": 267, "loser_goes_to": null, "table": null}}, {"pk": 269, "model": "pingpong.bracketslot", "fields": {"status": 0, "match_end": null, "score": null, "level": 4, "match_start": null, "no_player": false, "player": 86, "bracket": 23, "winner_goes_to": 267, "loser_goes_to": null, "table": null}}, {"pk": 270, "model": "pingpong.bracketslot", "fields": {"status": 2, "match_end": null, "score": null, "level": 0, "match_start": null, "no_player": false, "player": 60, "bracket": 24, "winner_goes_to": null, "loser_goes_to": null, "table": null}}, {"pk": 271, "model": "pingpong.bracketslot", "fields": {"status": 2, "match_end": "2016-01-30T13:06:43.537Z", "score": 0, "level": 1, "match_start": null, "no_player": false, "player": 45, "bracket": 24, "winner_goes_to": 270, "loser_goes_to": null, "table": null}}, {"pk": 272, "model": "pingpong.bracketslot", "fields": {"status": 2, "match_end": "2016-01-30T13:06:43.548Z", "score": 3, "level": 1, "match_start": null, "no_player": false, "player": 60, "bracket": 24, "winner_goes_to": 270, "loser_goes_to": null, "table": null}}, {"pk": 1, "model": "pingpong.grouptobrackettransition", "fields": {"slot": 3, "place": 1, "group": 1}}, {"pk": 2, "model": "pingpong.grouptobrackettransition", "fields": {"slot": 4, "place": 2, "group": 2}}, {"pk": 3, "model": "pingpong.grouptobrackettransition", "fields": {"slot": 6, "place": 2, "group": 1}}, {"pk": 4, "model": "pingpong.grouptobrackettransition", "fields": {"slot": 7, "place": 1, "group": 2}}, {"pk": 5, "model": "pingpong.grouptobrackettransition", "fields": {"slot": 10, "place": 3, "group": 1}}, {"pk": 6, "model": "pingpong.grouptobrackettransition", "fields": {"slot": 11, "place": 4, "group": 2}}, {"pk": 7, "model": "pingpong.grouptobrackettransition", "fields": {"slot": 13, "place": 4, "group": 1}}, {"pk": 8, "model": "pingpong.grouptobrackettransition", "fields": {"slot": 14, "place": 3, "group": 2}}, {"pk": 9, "model": "pingpong.grouptobrackettransition", "fields": {"slot": 18, "place": 1, "group": 3}}, {"pk": 10, "model": "pingpong.grouptobrackettransition", "fields": {"slot": 19, "place": 2, "group": 5}}, {"pk": 11, "model": "pingpong.grouptobrackettransition", "fields": {"slot": 21, "place": 2, "group": 4}}, {"pk": 12, "model": "pingpong.grouptobrackettransition", "fields": {"slot": 22, "place": 1, "group": 6}}, {"pk": 13, "model": "pingpong.grouptobrackettransition", "fields": {"slot": 25, "place": 1, "group": 5}}, {"pk": 14, "model": "pingpong.grouptobrackettransition", "fields": {"slot": 26, "place": 2, "group": 3}}, {"pk": 15, "model": "pingpong.grouptobrackettransition", "fields": {"slot": 28, "place": 2, "group": 6}}, {"pk": 16, "model": "pingpong.grouptobrackettransition", "fields": {"slot": 29, "place": 1, "group": 4}}, {"pk": 17, "model": "pingpong.grouptobrackettransition", "fields": {"slot": 33, "place": 3, "group": 3}}, {"pk": 18, "model": "pingpong.grouptobrackettransition", "fields": {"slot": 37, "place": 3, "group": 6}}, {"pk": 19, "model": "pingpong.grouptobrackettransition", "fields": {"slot": 40, "place": 3, "group": 5}}, {"pk": 20, "model": "pingpong.grouptobrackettransition", "fields": {"slot": 41, "place": 4, "group": 3}}, {"pk": 21, "model": "pingpong.grouptobrackettransition", "fields": {"slot": 44, "place": 3, "group": 4}}, {"pk": 36, "model": "pingpong.grouptobrackettransition", "fields": {"slot": 78, "place": 1, "group": 11}}, {"pk": 37, "model": "pingpong.grouptobrackettransition", "fields": {"slot": 79, "place": 2, "group": 13}}, {"pk": 38, "model": "pingpong.grouptobrackettransition", "fields": {"slot": 81, "place": 2, "group": 12}}, {"pk": 39, "model": "pingpong.grouptobrackettransition", "fields": {"slot": 82, "place": 1, "group": 14}}, {"pk": 40, "model": "pingpong.grouptobrackettransition", "fields": {"slot": 85, "place": 1, "group": 13}}, {"pk": 41, "model": "pingpong.grouptobrackettransition", "fields": {"slot": 86, "place": 2, "group": 11}}, {"pk": 42, "model": "pingpong.grouptobrackettransition", "fields": {"slot": 88, "place": 2, "group": 14}}, {"pk": 43, "model": "pingpong.grouptobrackettransition", "fields": {"slot": 89, "place": 1, "group": 12}}, {"pk": 44, "model": "pingpong.grouptobrackettransition", "fields": {"slot": 93, "place": 3, "group": 11}}, {"pk": 45, "model": "pingpong.grouptobrackettransition", "fields": {"slot": 94, "place": 4, "group": 13}}, {"pk": 46, "model": "pingpong.grouptobrackettransition", "fields": {"slot": 96, "place": 4, "group": 12}}, {"pk": 47, "model": "pingpong.grouptobrackettransition", "fields": {"slot": 97, "place": 3, "group": 14}}, {"pk": 48, "model": "pingpong.grouptobrackettransition", "fields": {"slot": 100, "place": 3, "group": 13}}, {"pk": 49, "model": "pingpong.grouptobrackettransition", "fields": {"slot": 101, "place": 4, "group": 11}}, {"pk": 50, "model": "pingpong.grouptobrackettransition", "fields": {"slot": 104, "place": 3, "group": 12}}, {"pk": 76, "model": "pingpong.grouptobrackettransition", "fields": {"slot": 158, "place": 1, "group": 21}}, {"pk": 77, "model": "pingpong.grouptobrackettransition", "fields": {"slot": 159, "place": 2, "group": 23}}, {"pk": 78, "model": "pingpong.grouptobrackettransition", "fields": {"slot": 161, "place": 2, "group": 22}}, {"pk": 79, "model": "pingpong.grouptobrackettransition", "fields": {"slot": 162, "place": 1, "group": 24}}, {"pk": 80, "model": "pingpong.grouptobrackettransition", "fields": {"slot": 165, "place": 1, "group": 23}}, {"pk": 81, "model": "pingpong.grouptobrackettransition", "fields": {"slot": 166, "place": 2, "group": 21}}, {"pk": 82, "model": "pingpong.grouptobrackettransition", "fields": {"slot": 168, "place": 2, "group": 24}}, {"pk": 83, "model": "pingpong.grouptobrackettransition", "fields": {"slot": 169, "place": 1, "group": 22}}, {"pk": 84, "model": "pingpong.grouptobrackettransition", "fields": {"slot": 173, "place": 3, "group": 21}}, {"pk": 85, "model": "pingpong.grouptobrackettransition", "fields": {"slot": 174, "place": 4, "group": 23}}, {"pk": 86, "model": "pingpong.grouptobrackettransition", "fields": {"slot": 176, "place": 4, "group": 22}}, {"pk": 87, "model": "pingpong.grouptobrackettransition", "fields": {"slot": 177, "place": 3, "group": 24}}, {"pk": 88, "model": "pingpong.grouptobrackettransition", "fields": {"slot": 180, "place": 3, "group": 23}}, {"pk": 89, "model": "pingpong.grouptobrackettransition", "fields": {"slot": 181, "place": 4, "group": 21}}, {"pk": 90, "model": "pingpong.grouptobrackettransition", "fields": {"slot": 184, "place": 3, "group": 22}}, {"pk": 91, "model": "pingpong.grouptobrackettransition", "fields": {"slot": 187, "place": 1, "group": 25}}, {"pk": 92, "model": "pingpong.grouptobrackettransition", "fields": {"slot": 188, "place": 2, "group": 26}}, {"pk": 93, "model": "pingpong.grouptobrackettransition", "fields": {"slot": 190, "place": 2, "group": 25}}, {"pk": 94, "model": "pingpong.grouptobrackettransition", "fields": {"slot": 191, "place": 1, "group": 26}}, {"pk": 95, "model": "pingpong.grouptobrackettransition", "fields": {"slot": 193, "place": 3, "group": 25}}, {"pk": 96, "model": "pingpong.grouptobrackettransition", "fields": {"slot": 194, "place": 3, "group": 26}}]