[{"pk": 1, "model": "pingpong.player", "fields": {"club": "", "gender": 0, "category": 1, "surname": "Koren", "name": "Matej"}}, {"pk": 2, "model": "pingpong.player", "fields": {"club": "", "gender": 0, "category": 1, "surname": "Kastelic", "name": "Branko"}}, {"pk": 3, "model": "pingpong.player", "fields": {"club": "", "gender": 0, "category": 1, "surname": "Horvat", "name": "Ivan"}}, {"pk": 4, "model": "pingpong.player", "fields": {"club": "", "gender": 0, "category": 1, "surname": "Vidmar", "name": "Branko"}}, {"pk": 5, "model": "pingpong.player", "fields": {"club": "", "gender": 0, "category": 1, "surname": "Golob", "name": "Ivan"}}, {"pk": 6, "model": "pingpong.player", "fields": {"club": "", "gender": 0, "category": 1, "surname": "Mlakar", "name": "Luka"}}, {"pk": 7, "model": "pingpong.player", "fields": {"club": "", "gender": 0, "category": 1, "surname": "Koren", "name": "Branko"}}, {"pk": 8, "model": "pingpong.player", "fields": {"club": "", "gender": 0, "category": 1, "surname": "Mlakar", "name": "Branko"}}, {"pk": 9, "model": "pingpong.player", "fields": {"club": "", "gender": 0, "category": 1, "surname": "Vidmar", "name": "Andrej"}}, {"pk": 10, "model": "pingpong.player", "fields": {"club": "", "gender": 0, "category": 1, "surname": "Zupan", "name": "Andrej"}}, {"pk": 11, "model": "pingpong.player", "fields": {"club": "", "gender": 0, "category": 1, "surname": "Novak", "name": "Franc"}}, {"pk": 12, "model": "pingpong.player", "fields": {"club": "", "gender": 0, "category": 1, "surname": "Horvat", "name": "Matej"}}, {"pk": 13, "model": "pingpong.player", "fields": {"club": "", "gender": 0, "category": 1, "surname": "Medved", "name": "Luka"}}, {"pk": 14, "model": "pingpong.player", "fields": {"club": "", "gender": 0, "category": 1, "surname": "Bizjak", "name": "Ivan"}}, {"pk": 15, "model": "pingpong.player", "fields": {"club": "", "gender": 0, "category": 1, "surname": "Medved", "name": "Bojan"}}, {"pk": 16, "model": "pingpong.player", "fields": {"club": "", "gender": 0, "category": 1, "surname": "Turk", "name": "Peter"}}, {"pk": 17, "model": "pingpong.player", "fields": {"club": "", "gender": 0, "category": 1, "surname": "Bizjak", "name": "Anton"}}, {"pk": 18, "model": "pingpong.player", "fields": {"club": "", "gender": 0, "category": 1, "surname": "Novak", "name": "Ivan"}}, {"pk": 19, "model": "pingpong.player", "fields": {"club": "", "gender": 0, "category": 1, "surname": "Zupan", "name": "Matej"}}, {"pk": 20, "model": "pingpong.player", "fields": {"club": "", "gender": 0, "category": 1, "surname": "Kralj", "name": "Franc"}}, {"pk": 21, "model": "pingpong.player", "fields": {"club": "", "gender": 0, "category": 1, "surname": "Vidmar", "name": "Ivan"}}, {"pk": 22, "model": "pingpong.player", "fields": {"club": "", "gender": 0, "category": 1, "surname": "Kotnik", "name": "Peter"}}, {"pk": 23, "model": "pingpong.player", "fields": {"club": "", "gender": 0, "category": 2, "surname": "Mlakar", "name": "Bojan"}}, {"pk": 24, "model": "pingpong.player", "fields": {"club": "", "gender": 0, "category": 2, "surname": "Horvat", "name": "Franc"}}, {"pk": 25, "model": "pingpong.player", "fields": {"club": "", "gender": 0, "category": 2, "surname": "Kos", "name": "Marko"}}, {"pk": 26, "model": "pingpong.player", "fields": {"club": "", "gender": 0, "category": 2, "surname": "Hribar", "name": "Ivan"}}, {"pk": 27, "model": "pingpong.player", "fields": {"club": "", "gender": 0, "category": 2, "surname": "Kralj", "name": "Bojan"}}, {"pk": 28, "model": "pingpong.player", "fields": {"club": "", "gender": 0, "category": 2, "surname": "Zajc", "name": "Marko"}}, {"pk": 29, "model": "pingpong.player", "fields": {"club": "", "gender": 0, "category": 2, "surname": "Horvat", "name": "Luka"}}, {"pk": 30, "model": "pingpong.player", "fields": {"club": "", "gender": 0, "category": 2, "surname": "Novak", "name": "Matej"}}, {"pk": 31, "model": "pingpong.player", "fields": {"club": "", "gender": 0, "category": 2, "surname": "Kastelic", "name": "Ivan"}}, {"pk": 32, "model": "pingpong.player", "fields": {"club": "", "gender": 0, "category": 2, "surname": "Medved", "name": "Franc"}}, {"pk": 33, "model": "pingpong.player", "fields": {"club": "", "gender": 0, "category": 2, "surname": "Turk", "name": "Franc"}}, {"pk": 34, "model": "pingpong.player", "fields": {"club": "", "gender": 0, "category": 2, "surname": "Kralj", "name": "Anton"}}, {"pk": 40, "model": "pingpong.player", "fields": {"club": "", "gender": 0, "category": 5, "surname": "Horvat", "name": "Anton"}}, {"pk": 41, "model": "pingpong.player", "fields": {"club": "", "gender": 0, "category": 2, "surname": "TEst", "name": "TEst"}}, {"pk": 42, "model": "pingpong.player", "fields": {"club": "", "gender": null, "category": 8, "surname": "1", "name": "1"}}, {"pk": 43, "model": "pingpong.player", "fields": {"club": "", "gender": null, "category": 8, "surname": "2", "name": "2"}}, {"pk": 44, "model": "pingpong.player", "fields": {"club": "", "gender": null, "category": 8, "surname": "3", "name": "3"}}, {"pk": 45, "model": "pingpong.player", "fields": {"club": "", "gender": null, "category": 8, "surname": "4", "name": "4"}}, {"pk": 46, "model": "pingpong.player", "fields": {"club": "", "gender": null, "category": 8, "surname": "5", "name": "5"}}, {"pk": 47, "model": "pingpong.player", "fields": {"club": "", "gender": null, "category": 8, "surname": "6", "name": "6"}}, {"pk": 48, "model": "pingpong.player", "fields": {"club": "", "gender": null, "category": 8, "surname": "7", "name": "7"}}, {"pk": 49, "model": "pingpong.player", "fields": {"club": "", "gender": null, "category": 8, "surname": "8", "name": "8"}}, {"pk": 50, "model": "pingpong.player", "fields": {"club": "", "gender": null, "category": 8, "surname": "9", "name": "9"}}, {"pk": 51, "model": "pingpong.player", "fields": {"club": "", "gender": null, "category": 8, "surname": "10", "name": "10"}}, {"pk": 1, "model": "pingpong.category", "fields": {"max_age": 40, "name": "M <40", "gender": 0, "min_age": null, "type": 0, "description": "Mo\u0161ki do 39"}}, {"pk": 2, "model": "pingpong.category", "fields": {"max_age": 50, "name": "M 40-50", "gender": 0, "min_age": 40, "type": 0, "description": "Mo\u0161ki 40 do 49"}}, {"pk": 3, "model": "pingpong.category", "fields": {"max_age": 60, "name": "M 50-60", "gender": 0, "min_age": 50, "type": 0, "description": "Mo\u0161ki 50 do 59"}}, {"pk": 4, "model": "pingpong.category", "fields": {"max_age": 70, "name": "M 60-70", "gender": 0, "min_age": 60, "type": 0, "description": "Mo\u0161ki 60 do 69"}}, {"pk": 5, "model": "pingpong.category", "fields": {"max_age": null, "name": "M >70", "gender": 0, "min_age": 70, "type": 0, "description": "Mo\u0161ki nad 70"}}, {"pk": 6, "model": "pingpong.category", "fields": {"max_age": 40, "name": "Z <40", "gender": 1, "min_age": null, "type": 0, "description": "\u017denske do 39"}}, {"pk": 7, "model": "pingpong.category", "fields": {"max_age": null, "name": "Z >40", "gender": 1, "min_age": 40, "type": 0, "description": "\u017denske nad 40"}}, {"pk": 8, "model": "pingpong.category", "fields": {"max_age": null, "name": "test", "gender": null, "min_age": null, "type": 0, "description": ""}}, {"pk": 1, "model": "pingpong.table", "fields": {"display_order": 12, "name": "Miza 1", "short_name": "1"}}, {"pk": 2, "model": "pingpong.table", "fields": {"display_order": 11, "name": "Miza 2", "short_name": "2"}}, {"pk": 3, "model": "pingpong.table", "fields": {"display_order": 10, "name": "Miza 3", "short_name": "3"}}, {"pk": 4, "model": "pingpong.table", "fields": {"display_order": 9, "name": "Miza 4", "short_name": "4"}}, {"pk": 5, "model": "pingpong.table", "fields": {"display_order": 8, "name": "Miza 5", "short_name": "5"}}, {"pk": 6, "model": "pingpong.table", "fields": {"display_order": 7, "name": "Miza 6", "short_name": "6"}}, {"pk": 7, "model": "pingpong.table", "fields": {"display_order": 6, "name": "Miza 7", "short_name": "7"}}, {"pk": 8, "model": "pingpong.table", "fields": {"display_order": 5, "name": "Miza 8", "short_name": "8"}}, {"pk": 9, "model": "pingpong.table", "fields": {"display_order": 4, "name": "Miza 9", "short_name": "9"}}, {"pk": 10, "model": "pingpong.table", "fields": {"display_order": 3, "name": "Miza 10", "short_name": "10"}}, {"pk": 11, "model": "pingpong.table", "fields": {"display_order": 2, "name": "Miza 11", "short_name": "11"}}, {"pk": 12, "model": "pingpong.table", "fields": {"display_order": 1, "name": "Miza 12", "short_name": "12"}}, {"pk": 1, "model": "pingpong.match", "fields": {"status": 0, "player1_bracket_slot": null, "group": 1, "player2_bracket_slot": null, "player2_score": null, "start_time": null, "player2": 21, "ready_time": null, "player1": 14, "end_time": null, "player1_score": null, "table": null}}, {"pk": 2, "model": "pingpong.match", "fields": {"status": 0, "player1_bracket_slot": null, "group": 1, "player2_bracket_slot": null, "player2_score": null, "start_time": null, "player2": 17, "ready_time": null, "player1": 18, "end_time": null, "player1_score": null, "table": null}}, {"pk": 3, "model": "pingpong.match", "fields": {"status": 0, "player1_bracket_slot": null, "group": 1, "player2_bracket_slot": null, "player2_score": null, "start_time": null, "player2": 17, "ready_time": null, "player1": 21, "end_time": null, "player1_score": null, "table": null}}, {"pk": 4, "model": "pingpong.match", "fields": {"status": 0, "player1_bracket_slot": null, "group": 1, "player2_bracket_slot": null, "player2_score": null, "start_time": null, "player2": 18, "ready_time": null, "player1": 14, "end_time": null, "player1_score": null, "table": null}}, {"pk": 5, "model": "pingpong.match", "fields": {"status": 0, "player1_bracket_slot": null, "group": 1, "player2_bracket_slot": null, "player2_score": null, "start_time": null, "player2": 21, "ready_time": null, "player1": 18, "end_time": null, "player1_score": null, "table": null}}, {"pk": 6, "model": "pingpong.match", "fields": {"status": 0, "player1_bracket_slot": null, "group": 1, "player2_bracket_slot": null, "player2_score": null, "start_time": null, "player2": 14, "ready_time": null, "player1": 17, "end_time": null, "player1_score": null, "table": null}}, {"pk": 7, "model": "pingpong.match", "fields": {"status": 2, "player1_bracket_slot": null, "group": 1, "player2_bracket_slot": null, "player2_score": null, "start_time": "2015-01-31T08:53:42.029Z", "player2": null, "ready_time": null, "player1": null, "end_time": null, "player1_score": null, "table": 4}}, {"pk": 8, "model": "pingpong.match", "fields": {"status": 3, "player1_bracket_slot": null, "group": 2, "player2_bracket_slot": null, "player2_score": null, "start_time": null, "player2": 16, "ready_time": null, "player1": 5, "end_time": "2015-01-31T08:54:26.606Z", "player1_score": null, "table": null}}, {"pk": 9, "model": "pingpong.match", "fields": {"status": 3, "player1_bracket_slot": null, "group": 2, "player2_bracket_slot": null, "player2_score": null, "start_time": null, "player2": 12, "ready_time": null, "player1": 2, "end_time": "2015-01-31T08:54:26.606Z", "player1_score": null, "table": null}}, {"pk": 10, "model": "pingpong.match", "fields": {"status": 3, "player1_bracket_slot": null, "group": 2, "player2_bracket_slot": null, "player2_score": null, "start_time": null, "player2": 12, "ready_time": null, "player1": 16, "end_time": "2015-01-31T08:54:26.606Z", "player1_score": null, "table": null}}, {"pk": 11, "model": "pingpong.match", "fields": {"status": 3, "player1_bracket_slot": null, "group": 2, "player2_bracket_slot": null, "player2_score": null, "start_time": null, "player2": 2, "ready_time": null, "player1": 5, "end_time": "2015-01-31T08:54:26.606Z", "player1_score": null, "table": null}}, {"pk": 12, "model": "pingpong.match", "fields": {"status": 3, "player1_bracket_slot": null, "group": 2, "player2_bracket_slot": null, "player2_score": null, "start_time": null, "player2": 16, "ready_time": null, "player1": 2, "end_time": "2015-01-31T08:54:26.606Z", "player1_score": null, "table": null}}, {"pk": 13, "model": "pingpong.match", "fields": {"status": 3, "player1_bracket_slot": null, "group": 2, "player2_bracket_slot": null, "player2_score": null, "start_time": null, "player2": 5, "ready_time": null, "player1": 12, "end_time": "2015-01-31T08:54:26.606Z", "player1_score": null, "table": null}}, {"pk": 14, "model": "pingpong.match", "fields": {"status": 3, "player1_bracket_slot": null, "group": 2, "player2_bracket_slot": null, "player2_score": null, "start_time": "2015-01-31T08:53:44.801Z", "player2": null, "ready_time": null, "player1": null, "end_time": "2015-01-31T08:54:26.606Z", "player1_score": null, "table": 3}}, {"pk": 15, "model": "pingpong.match", "fields": {"status": 3, "player1_bracket_slot": null, "group": 3, "player2_bracket_slot": null, "player2_score": null, "start_time": null, "player2": 11, "ready_time": null, "player1": 3, "end_time": "2015-11-07T07:48:42.405Z", "player1_score": null, "table": null}}, {"pk": 16, "model": "pingpong.match", "fields": {"status": 3, "player1_bracket_slot": null, "group": 3, "player2_bracket_slot": null, "player2_score": null, "start_time": null, "player2": 19, "ready_time": null, "player1": 15, "end_time": "2015-11-07T07:48:42.405Z", "player1_score": null, "table": null}}, {"pk": 17, "model": "pingpong.match", "fields": {"status": 3, "player1_bracket_slot": null, "group": 3, "player2_bracket_slot": null, "player2_score": null, "start_time": null, "player2": 19, "ready_time": null, "player1": 11, "end_time": "2015-11-07T07:48:42.405Z", "player1_score": null, "table": null}}, {"pk": 18, "model": "pingpong.match", "fields": {"status": 3, "player1_bracket_slot": null, "group": 3, "player2_bracket_slot": null, "player2_score": null, "start_time": null, "player2": 15, "ready_time": null, "player1": 3, "end_time": "2015-11-07T07:48:42.405Z", "player1_score": null, "table": null}}, {"pk": 19, "model": "pingpong.match", "fields": {"status": 3, "player1_bracket_slot": null, "group": 3, "player2_bracket_slot": null, "player2_score": null, "start_time": null, "player2": 11, "ready_time": null, "player1": 15, "end_time": "2015-11-07T07:48:42.405Z", "player1_score": null, "table": null}}, {"pk": 20, "model": "pingpong.match", "fields": {"status": 3, "player1_bracket_slot": null, "group": 3, "player2_bracket_slot": null, "player2_score": null, "start_time": null, "player2": 3, "ready_time": null, "player1": 19, "end_time": "2015-11-07T07:48:42.405Z", "player1_score": null, "table": null}}, {"pk": 21, "model": "pingpong.match", "fields": {"status": 3, "player1_bracket_slot": null, "group": 3, "player2_bracket_slot": null, "player2_score": null, "start_time": "2015-01-31T08:53:47.432Z", "player2": null, "ready_time": null, "player1": null, "end_time": "2015-11-07T07:48:42.405Z", "player1_score": null, "table": 2}}, {"pk": 22, "model": "pingpong.match", "fields": {"status": 0, "player1_bracket_slot": null, "group": 4, "player2_bracket_slot": null, "player2_score": null, "start_time": null, "player2": 10, "ready_time": null, "player1": 7, "end_time": null, "player1_score": null, "table": null}}, {"pk": 23, "model": "pingpong.match", "fields": {"status": 0, "player1_bracket_slot": null, "group": 4, "player2_bracket_slot": null, "player2_score": null, "start_time": null, "player2": 9, "ready_time": null, "player1": 6, "end_time": null, "player1_score": null, "table": null}}, {"pk": 24, "model": "pingpong.match", "fields": {"status": 0, "player1_bracket_slot": null, "group": 4, "player2_bracket_slot": null, "player2_score": null, "start_time": null, "player2": 9, "ready_time": null, "player1": 10, "end_time": null, "player1_score": null, "table": null}}, {"pk": 25, "model": "pingpong.match", "fields": {"status": 0, "player1_bracket_slot": null, "group": 4, "player2_bracket_slot": null, "player2_score": null, "start_time": null, "player2": 6, "ready_time": null, "player1": 7, "end_time": null, "player1_score": null, "table": null}}, {"pk": 26, "model": "pingpong.match", "fields": {"status": 0, "player1_bracket_slot": null, "group": 4, "player2_bracket_slot": null, "player2_score": null, "start_time": null, "player2": 10, "ready_time": null, "player1": 6, "end_time": null, "player1_score": null, "table": null}}, {"pk": 27, "model": "pingpong.match", "fields": {"status": 0, "player1_bracket_slot": null, "group": 4, "player2_bracket_slot": null, "player2_score": null, "start_time": null, "player2": 7, "ready_time": null, "player1": 9, "end_time": null, "player1_score": null, "table": null}}, {"pk": 28, "model": "pingpong.match", "fields": {"status": 2, "player1_bracket_slot": null, "group": 4, "player2_bracket_slot": null, "player2_score": null, "start_time": "2015-01-31T08:53:49.541Z", "player2": null, "ready_time": null, "player1": null, "end_time": null, "player1_score": null, "table": 1}}, {"pk": 29, "model": "pingpong.match", "fields": {"status": 3, "player1_bracket_slot": null, "group": 5, "player2_bracket_slot": null, "player2_score": null, "start_time": null, "player2": 22, "ready_time": null, "player1": 1, "end_time": "2015-01-31T08:54:16.200Z", "player1_score": null, "table": null}}, {"pk": 30, "model": "pingpong.match", "fields": {"status": 3, "player1_bracket_slot": null, "group": 5, "player2_bracket_slot": null, "player2_score": null, "start_time": null, "player2": 1, "ready_time": null, "player1": 20, "end_time": "2015-01-31T08:54:16.200Z", "player1_score": null, "table": null}}, {"pk": 31, "model": "pingpong.match", "fields": {"status": 3, "player1_bracket_slot": null, "group": 5, "player2_bracket_slot": null, "player2_score": null, "start_time": null, "player2": 20, "ready_time": null, "player1": 22, "end_time": "2015-01-31T08:54:16.200Z", "player1_score": null, "table": null}}, {"pk": 32, "model": "pingpong.match", "fields": {"status": 3, "player1_bracket_slot": null, "group": 5, "player2_bracket_slot": null, "player2_score": null, "start_time": "2015-01-31T08:53:51.950Z", "player2": null, "ready_time": null, "player1": null, "end_time": "2015-01-31T08:54:16.200Z", "player1_score": null, "table": 8}}, {"pk": 33, "model": "pingpong.match", "fields": {"status": 3, "player1_bracket_slot": null, "group": 6, "player2_bracket_slot": null, "player2_score": null, "start_time": null, "player2": 8, "ready_time": null, "player1": 4, "end_time": "2015-01-31T08:54:21.343Z", "player1_score": null, "table": null}}, {"pk": 34, "model": "pingpong.match", "fields": {"status": 3, "player1_bracket_slot": null, "group": 6, "player2_bracket_slot": null, "player2_score": null, "start_time": null, "player2": 4, "ready_time": null, "player1": 13, "end_time": "2015-01-31T08:54:21.343Z", "player1_score": null, "table": null}}, {"pk": 35, "model": "pingpong.match", "fields": {"status": 3, "player1_bracket_slot": null, "group": 6, "player2_bracket_slot": null, "player2_score": null, "start_time": null, "player2": 13, "ready_time": null, "player1": 8, "end_time": "2015-01-31T08:54:21.343Z", "player1_score": null, "table": null}}, {"pk": 36, "model": "pingpong.match", "fields": {"status": 3, "player1_bracket_slot": null, "group": 6, "player2_bracket_slot": null, "player2_score": null, "start_time": "2015-01-31T08:53:54.308Z", "player2": null, "ready_time": null, "player1": null, "end_time": "2015-01-31T08:54:21.343Z", "player1_score": null, "table": 7}}, {"pk": 37, "model": "pingpong.match", "fields": {"status": 3, "player1_bracket_slot": 5, "group": null, "player2_bracket_slot": 6, "player2_score": null, "start_time": null, "player2": null, "ready_time": null, "player1": null, "end_time": null, "player1_score": null, "table": null}}, {"pk": 38, "model": "pingpong.match", "fields": {"status": 1, "player1_bracket_slot": 8, "group": null, "player2_bracket_slot": 9, "player2_score": null, "start_time": null, "player2": 12, "ready_time": null, "player1": 3, "end_time": null, "player1_score": null, "table": null}}, {"pk": 39, "model": "pingpong.match", "fields": {"status": 0, "player1_bracket_slot": 4, "group": null, "player2_bracket_slot": 7, "player2_score": null, "start_time": null, "player2": null, "ready_time": null, "player1": null, "end_time": null, "player1_score": null, "table": null}}, {"pk": 40, "model": "pingpong.match", "fields": {"status": 2, "player1_bracket_slot": 12, "group": null, "player2_bracket_slot": 13, "player2_score": null, "start_time": "2015-01-31T08:54:33.091Z", "player2": 8, "ready_time": null, "player1": 20, "end_time": null, "player1_score": null, "table": 7}}, {"pk": 41, "model": "pingpong.match", "fields": {"status": 3, "player1_bracket_slot": 15, "group": null, "player2_bracket_slot": 16, "player2_score": null, "start_time": null, "player2": null, "ready_time": null, "player1": null, "end_time": null, "player1_score": null, "table": null}}, {"pk": 42, "model": "pingpong.match", "fields": {"status": 0, "player1_bracket_slot": 11, "group": null, "player2_bracket_slot": 14, "player2_score": null, "start_time": null, "player2": null, "ready_time": null, "player1": null, "end_time": null, "player1_score": null, "table": null}}, {"pk": 43, "model": "pingpong.match", "fields": {"status": 0, "player1_bracket_slot": 3, "group": null, "player2_bracket_slot": 10, "player2_score": null, "start_time": null, "player2": null, "ready_time": null, "player1": null, "end_time": null, "player1_score": null, "table": null}}, {"pk": 44, "model": "pingpong.match", "fields": {"status": 3, "player1_bracket_slot": 20, "group": null, "player2_bracket_slot": 21, "player2_score": null, "start_time": null, "player2": null, "ready_time": null, "player1": 15, "end_time": null, "player1_score": null, "table": null}}, {"pk": 45, "model": "pingpong.match", "fields": {"status": 2, "player1_bracket_slot": 23, "group": null, "player2_bracket_slot": 24, "player2_score": null, "start_time": "2015-11-07T07:51:48.873Z", "player2": 4, "ready_time": null, "player1": 1, "end_time": null, "player1_score": null, "table": 12}}, {"pk": 46, "model": "pingpong.match", "fields": {"status": 0, "player1_bracket_slot": 19, "group": null, "player2_bracket_slot": 22, "player2_score": null, "start_time": null, "player2": null, "ready_time": null, "player1": 15, "end_time": null, "player1_score": null, "table": null}}, {"pk": 47, "model": "pingpong.match", "fields": {"status": 0, "player1_bracket_slot": 27, "group": null, "player2_bracket_slot": 28, "player2_score": null, "start_time": null, "player2": null, "ready_time": null, "player1": null, "end_time": null, "player1_score": null, "table": null}}, {"pk": 48, "model": "pingpong.match", "fields": {"status": 3, "player1_bracket_slot": 30, "group": null, "player2_bracket_slot": 31, "player2_score": null, "start_time": null, "player2": 5, "ready_time": null, "player1": null, "end_time": null, "player1_score": null, "table": null}}, {"pk": 49, "model": "pingpong.match", "fields": {"status": 0, "player1_bracket_slot": 26, "group": null, "player2_bracket_slot": 29, "player2_score": null, "start_time": null, "player2": 5, "ready_time": null, "player1": null, "end_time": null, "player1_score": null, "table": null}}, {"pk": 50, "model": "pingpong.match", "fields": {"status": 0, "player1_bracket_slot": 18, "group": null, "player2_bracket_slot": 25, "player2_score": null, "start_time": null, "player2": null, "ready_time": null, "player1": null, "end_time": null, "player1_score": null, "table": null}}, {"pk": 51, "model": "pingpong.match", "fields": {"status": 0, "player1_bracket_slot": 2, "group": null, "player2_bracket_slot": 17, "player2_score": null, "start_time": null, "player2": null, "ready_time": null, "player1": null, "end_time": null, "player1_score": null, "table": null}}, {"pk": 52, "model": "pingpong.match", "fields": {"status": 3, "player1_bracket_slot": 36, "group": null, "player2_bracket_slot": 37, "player2_score": null, "start_time": null, "player2": null, "ready_time": null, "player1": null, "end_time": null, "player1_score": null, "table": null}}, {"pk": 53, "model": "pingpong.match", "fields": {"status": 1, "player1_bracket_slot": 39, "group": null, "player2_bracket_slot": 40, "player2_score": null, "start_time": null, "player2": 16, "ready_time": null, "player1": 19, "end_time": null, "player1_score": null, "table": null}}, {"pk": 54, "model": "pingpong.match", "fields": {"status": 0, "player1_bracket_slot": 35, "group": null, "player2_bracket_slot": 38, "player2_score": null, "start_time": null, "player2": null, "ready_time": null, "player1": null, "end_time": null, "player1_score": null, "table": null}}, {"pk": 55, "model": "pingpong.match", "fields": {"status": 3, "player1_bracket_slot": 43, "group": null, "player2_bracket_slot": 44, "player2_score": null, "start_time": null, "player2": null, "ready_time": null, "player1": 22, "end_time": null, "player1_score": null, "table": null}}, {"pk": 56, "model": "pingpong.match", "fields": {"status": 3, "player1_bracket_slot": 46, "group": null, "player2_bracket_slot": 47, "player2_score": null, "start_time": null, "player2": null, "ready_time": null, "player1": null, "end_time": null, "player1_score": null, "table": null}}, {"pk": 57, "model": "pingpong.match", "fields": {"status": 0, "player1_bracket_slot": 42, "group": null, "player2_bracket_slot": 45, "player2_score": null, "start_time": null, "player2": null, "ready_time": null, "player1": 22, "end_time": null, "player1_score": null, "table": null}}, {"pk": 58, "model": "pingpong.match", "fields": {"status": 0, "player1_bracket_slot": 34, "group": null, "player2_bracket_slot": 41, "player2_score": null, "start_time": null, "player2": null, "ready_time": null, "player1": null, "end_time": null, "player1_score": null, "table": null}}, {"pk": 59, "model": "pingpong.match", "fields": {"status": 3, "player1_bracket_slot": 51, "group": null, "player2_bracket_slot": 52, "player2_score": null, "start_time": null, "player2": null, "ready_time": null, "player1": 11, "end_time": null, "player1_score": null, "table": null}}, {"pk": 60, "model": "pingpong.match", "fields": {"status": 3, "player1_bracket_slot": 54, "group": null, "player2_bracket_slot": 55, "player2_score": null, "start_time": null, "player2": 13, "ready_time": null, "player1": null, "end_time": null, "player1_score": null, "table": null}}, {"pk": 61, "model": "pingpong.match", "fields": {"status": 2, "player1_bracket_slot": 50, "group": null, "player2_bracket_slot": 53, "player2_score": null, "start_time": "2015-11-07T07:51:38.340Z", "player2": 13, "ready_time": null, "player1": 11, "end_time": null, "player1_score": null, "table": 6}}, {"pk": 62, "model": "pingpong.match", "fields": {"status": 0, "player1_bracket_slot": 58, "group": null, "player2_bracket_slot": 59, "player2_score": null, "start_time": null, "player2": null, "ready_time": null, "player1": null, "end_time": null, "player1_score": null, "table": null}}, {"pk": 63, "model": "pingpong.match", "fields": {"status": 3, "player1_bracket_slot": 61, "group": null, "player2_bracket_slot": 62, "player2_score": null, "start_time": null, "player2": 2, "ready_time": null, "player1": null, "end_time": null, "player1_score": null, "table": null}}, {"pk": 64, "model": "pingpong.match", "fields": {"status": 0, "player1_bracket_slot": 57, "group": null, "player2_bracket_slot": 60, "player2_score": null, "start_time": null, "player2": 2, "ready_time": null, "player1": null, "end_time": null, "player1_score": null, "table": null}}, {"pk": 65, "model": "pingpong.match", "fields": {"status": 0, "player1_bracket_slot": 49, "group": null, "player2_bracket_slot": 56, "player2_score": null, "start_time": null, "player2": null, "ready_time": null, "player1": null, "end_time": null, "player1_score": null, "table": null}}, {"pk": 66, "model": "pingpong.match", "fields": {"status": 0, "player1_bracket_slot": 33, "group": null, "player2_bracket_slot": 48, "player2_score": null, "start_time": null, "player2": null, "ready_time": null, "player1": null, "end_time": null, "player1_score": null, "table": null}}, {"pk": 67, "model": "pingpong.match", "fields": {"status": 0, "player1_bracket_slot": null, "group": 7, "player2_bracket_slot": null, "player2_score": null, "start_time": null, "player2": 41, "ready_time": null, "player1": 24, "end_time": null, "player1_score": null, "table": null}}, {"pk": 68, "model": "pingpong.match", "fields": {"status": 0, "player1_bracket_slot": null, "group": 7, "player2_bracket_slot": null, "player2_score": null, "start_time": null, "player2": 24, "ready_time": null, "player1": 25, "end_time": null, "player1_score": null, "table": null}}, {"pk": 69, "model": "pingpong.match", "fields": {"status": 0, "player1_bracket_slot": null, "group": 7, "player2_bracket_slot": null, "player2_score": null, "start_time": null, "player2": 25, "ready_time": null, "player1": 41, "end_time": null, "player1_score": null, "table": null}}, {"pk": 70, "model": "pingpong.match", "fields": {"status": 1, "player1_bracket_slot": null, "group": 7, "player2_bracket_slot": null, "player2_score": null, "start_time": null, "player2": null, "ready_time": null, "player1": null, "end_time": null, "player1_score": null, "table": null}}, {"pk": 71, "model": "pingpong.match", "fields": {"status": 0, "player1_bracket_slot": null, "group": 8, "player2_bracket_slot": null, "player2_score": null, "start_time": null, "player2": 32, "ready_time": null, "player1": 34, "end_time": null, "player1_score": null, "table": null}}, {"pk": 72, "model": "pingpong.match", "fields": {"status": 0, "player1_bracket_slot": null, "group": 8, "player2_bracket_slot": null, "player2_score": null, "start_time": null, "player2": 34, "ready_time": null, "player1": 27, "end_time": null, "player1_score": null, "table": null}}, {"pk": 73, "model": "pingpong.match", "fields": {"status": 0, "player1_bracket_slot": null, "group": 8, "player2_bracket_slot": null, "player2_score": null, "start_time": null, "player2": 27, "ready_time": null, "player1": 32, "end_time": null, "player1_score": null, "table": null}}, {"pk": 74, "model": "pingpong.match", "fields": {"status": 1, "player1_bracket_slot": null, "group": 8, "player2_bracket_slot": null, "player2_score": null, "start_time": null, "player2": null, "ready_time": null, "player1": null, "end_time": null, "player1_score": null, "table": null}}, {"pk": 75, "model": "pingpong.match", "fields": {"status": 0, "player1_bracket_slot": null, "group": 9, "player2_bracket_slot": null, "player2_score": null, "start_time": null, "player2": 31, "ready_time": null, "player1": 30, "end_time": null, "player1_score": null, "table": null}}, {"pk": 76, "model": "pingpong.match", "fields": {"status": 0, "player1_bracket_slot": null, "group": 9, "player2_bracket_slot": null, "player2_score": null, "start_time": null, "player2": 30, "ready_time": null, "player1": 28, "end_time": null, "player1_score": null, "table": null}}, {"pk": 77, "model": "pingpong.match", "fields": {"status": 0, "player1_bracket_slot": null, "group": 9, "player2_bracket_slot": null, "player2_score": null, "start_time": null, "player2": 28, "ready_time": null, "player1": 31, "end_time": null, "player1_score": null, "table": null}}, {"pk": 78, "model": "pingpong.match", "fields": {"status": 1, "player1_bracket_slot": null, "group": 9, "player2_bracket_slot": null, "player2_score": null, "start_time": null, "player2": null, "ready_time": null, "player1": null, "end_time": null, "player1_score": null, "table": null}}, {"pk": 79, "model": "pingpong.match", "fields": {"status": 0, "player1_bracket_slot": null, "group": 10, "player2_bracket_slot": null, "player2_score": null, "start_time": null, "player2": 23, "ready_time": null, "player1": 29, "end_time": null, "player1_score": null, "table": null}}, {"pk": 80, "model": "pingpong.match", "fields": {"status": 0, "player1_bracket_slot": null, "group": 10, "player2_bracket_slot": null, "player2_score": null, "start_time": null, "player2": 26, "ready_time": null, "player1": 33, "end_time": null, "player1_score": null, "table": null}}, {"pk": 81, "model": "pingpong.match", "fields": {"status": 0, "player1_bracket_slot": null, "group": 10, "player2_bracket_slot": null, "player2_score": null, "start_time": null, "player2": 26, "ready_time": null, "player1": 23, "end_time": null, "player1_score": null, "table": null}}, {"pk": 82, "model": "pingpong.match", "fields": {"status": 0, "player1_bracket_slot": null, "group": 10, "player2_bracket_slot": null, "player2_score": null, "start_time": null, "player2": 33, "ready_time": null, "player1": 29, "end_time": null, "player1_score": null, "table": null}}, {"pk": 83, "model": "pingpong.match", "fields": {"status": 0, "player1_bracket_slot": null, "group": 10, "player2_bracket_slot": null, "player2_score": null, "start_time": null, "player2": 23, "ready_time": null, "player1": 33, "end_time": null, "player1_score": null, "table": null}}, {"pk": 84, "model": "pingpong.match", "fields": {"status": 0, "player1_bracket_slot": null, "group": 10, "player2_bracket_slot": null, "player2_score": null, "start_time": null, "player2": 29, "ready_time": null, "player1": 26, "end_time": null, "player1_score": null, "table": null}}, {"pk": 85, "model": "pingpong.match", "fields": {"status": 1, "player1_bracket_slot": null, "group": 10, "player2_bracket_slot": null, "player2_score": null, "start_time": null, "player2": null, "ready_time": null, "player1": null, "end_time": null, "player1_score": null, "table": null}}, {"pk": 86, "model": "pingpong.match", "fields": {"status": 3, "player1_bracket_slot": 66, "group": null, "player2_bracket_slot": 67, "player2_score": null, "start_time": null, "player2": null, "ready_time": null, "player1": null, "end_time": null, "player1_score": null, "table": null}}, {"pk": 87, "model": "pingpong.match", "fields": {"status": 0, "player1_bracket_slot": 69, "group": null, "player2_bracket_slot": 70, "player2_score": null, "start_time": null, "player2": null, "ready_time": null, "player1": null, "end_time": null, "player1_score": null, "table": null}}, {"pk": 88, "model": "pingpong.match", "fields": {"status": 0, "player1_bracket_slot": 65, "group": null, "player2_bracket_slot": 68, "player2_score": null, "start_time": null, "player2": null, "ready_time": null, "player1": null, "end_time": null, "player1_score": null, "table": null}}, {"pk": 89, "model": "pingpong.match", "fields": {"status": 0, "player1_bracket_slot": 73, "group": null, "player2_bracket_slot": 74, "player2_score": null, "start_time": null, "player2": null, "ready_time": null, "player1": null, "end_time": null, "player1_score": null, "table": null}}, {"pk": 90, "model": "pingpong.match", "fields": {"status": 0, "player1_bracket_slot": 76, "group": null, "player2_bracket_slot": 77, "player2_score": null, "start_time": null, "player2": null, "ready_time": null, "player1": null, "end_time": null, "player1_score": null, "table": null}}, {"pk": 91, "model": "pingpong.match", "fields": {"status": 0, "player1_bracket_slot": 72, "group": null, "player2_bracket_slot": 75, "player2_score": null, "start_time": null, "player2": null, "ready_time": null, "player1": null, "end_time": null, "player1_score": null, "table": null}}, {"pk": 92, "model": "pingpong.match", "fields": {"status": 0, "player1_bracket_slot": 64, "group": null, "player2_bracket_slot": 71, "player2_score": null, "start_time": null, "player2": null, "ready_time": null, "player1": null, "end_time": null, "player1_score": null, "table": null}}, {"pk": 93, "model": "pingpong.match", "fields": {"status": 3, "player1_bracket_slot": 81, "group": null, "player2_bracket_slot": 82, "player2_score": null, "start_time": null, "player2": null, "ready_time": null, "player1": null, "end_time": null, "player1_score": null, "table": null}}, {"pk": 94, "model": "pingpong.match", "fields": {"status": 0, "player1_bracket_slot": 84, "group": null, "player2_bracket_slot": 85, "player2_score": null, "start_time": null, "player2": null, "ready_time": null, "player1": null, "end_time": null, "player1_score": null, "table": null}}, {"pk": 95, "model": "pingpong.match", "fields": {"status": 0, "player1_bracket_slot": 80, "group": null, "player2_bracket_slot": 83, "player2_score": null, "start_time": null, "player2": null, "ready_time": null, "player1": null, "end_time": null, "player1_score": null, "table": null}}, {"pk": 96, "model": "pingpong.match", "fields": {"status": 0, "player1_bracket_slot": 88, "group": null, "player2_bracket_slot": 89, "player2_score": null, "start_time": null, "player2": null, "ready_time": null, "player1": null, "end_time": null, "player1_score": null, "table": null}}, {"pk": 97, "model": "pingpong.match", "fields": {"status": 0, "player1_bracket_slot": 91, "group": null, "player2_bracket_slot": 92, "player2_score": null, "start_time": null, "player2": null, "ready_time": null, "player1": null, "end_time": null, "player1_score": null, "table": null}}, {"pk": 98, "model": "pingpong.match", "fields": {"status": 0, "player1_bracket_slot": 87, "group": null, "player2_bracket_slot": 90, "player2_score": null, "start_time": null, "player2": null, "ready_time": null, "player1": null, "end_time": null, "player1_score": null, "table": null}}, {"pk": 99, "model": "pingpong.match", "fields": {"status": 0, "player1_bracket_slot": 79, "group": null, "player2_bracket_slot": 86, "player2_score": null, "start_time": null, "player2": null, "ready_time": null, "player1": null, "end_time": null, "player1_score": null, "table": null}}, {"pk": 100, "model": "pingpong.match", "fields": {"status": 0, "player1_bracket_slot": null, "group": 11, "player2_bracket_slot": null, "player2_score": null, "start_time": null, "player2": 51, "ready_time": null, "player1": 42, "end_time": null, "player1_score": null, "table": null}}, {"pk": 101, "model": "pingpong.match", "fields": {"status": 0, "player1_bracket_slot": null, "group": 11, "player2_bracket_slot": null, "player2_score": null, "start_time": null, "player2": 50, "ready_time": null, "player1": 43, "end_time": null, "player1_score": null, "table": null}}, {"pk": 102, "model": "pingpong.match", "fields": {"status": 0, "player1_bracket_slot": null, "group": 11, "player2_bracket_slot": null, "player2_score": null, "start_time": null, "player2": 49, "ready_time": null, "player1": 44, "end_time": null, "player1_score": null, "table": null}}, {"pk": 103, "model": "pingpong.match", "fields": {"status": 0, "player1_bracket_slot": null, "group": 11, "player2_bracket_slot": null, "player2_score": null, "start_time": null, "player2": 48, "ready_time": null, "player1": 45, "end_time": null, "player1_score": null, "table": null}}, {"pk": 104, "model": "pingpong.match", "fields": {"status": 0, "player1_bracket_slot": null, "group": 11, "player2_bracket_slot": null, "player2_score": null, "start_time": null, "player2": 47, "ready_time": null, "player1": 46, "end_time": null, "player1_score": null, "table": null}}, {"pk": 105, "model": "pingpong.match", "fields": {"status": 0, "player1_bracket_slot": null, "group": 11, "player2_bracket_slot": null, "player2_score": null, "start_time": null, "player2": 47, "ready_time": null, "player1": 51, "end_time": null, "player1_score": null, "table": null}}, {"pk": 106, "model": "pingpong.match", "fields": {"status": 0, "player1_bracket_slot": null, "group": 11, "player2_bracket_slot": null, "player2_score": null, "start_time": null, "player2": 46, "ready_time": null, "player1": 48, "end_time": null, "player1_score": null, "table": null}}, {"pk": 107, "model": "pingpong.match", "fields": {"status": 0, "player1_bracket_slot": null, "group": 11, "player2_bracket_slot": null, "player2_score": null, "start_time": null, "player2": 45, "ready_time": null, "player1": 49, "end_time": null, "player1_score": null, "table": null}}, {"pk": 108, "model": "pingpong.match", "fields": {"status": 0, "player1_bracket_slot": null, "group": 11, "player2_bracket_slot": null, "player2_score": null, "start_time": null, "player2": 44, "ready_time": null, "player1": 50, "end_time": null, "player1_score": null, "table": null}}, {"pk": 109, "model": "pingpong.match", "fields": {"status": 0, "player1_bracket_slot": null, "group": 11, "player2_bracket_slot": null, "player2_score": null, "start_time": null, "player2": 43, "ready_time": null, "player1": 42, "end_time": null, "player1_score": null, "table": null}}, {"pk": 110, "model": "pingpong.match", "fields": {"status": 0, "player1_bracket_slot": null, "group": 11, "player2_bracket_slot": null, "player2_score": null, "start_time": null, "player2": 51, "ready_time": null, "player1": 43, "end_time": null, "player1_score": null, "table": null}}, {"pk": 111, "model": "pingpong.match", "fields": {"status": 0, "player1_bracket_slot": null, "group": 11, "player2_bracket_slot": null, "player2_score": null, "start_time": null, "player2": 42, "ready_time": null, "player1": 44, "end_time": null, "player1_score": null, "table": null}}, {"pk": 112, "model": "pingpong.match", "fields": {"status": 0, "player1_bracket_slot": null, "group": 11, "player2_bracket_slot": null, "player2_score": null, "start_time": null, "player2": 50, "ready_time": null, "player1": 45, "end_time": null, "player1_score": null, "table": null}}, {"pk": 113, "model": "pingpong.match", "fields": {"status": 0, "player1_bracket_slot": null, "group": 11, "player2_bracket_slot": null, "player2_score": null, "start_time": null, "player2": 49, "ready_time": null, "player1": 46, "end_time": null, "player1_score": null, "table": null}}, {"pk": 114, "model": "pingpong.match", "fields": {"status": 0, "player1_bracket_slot": null, "group": 11, "player2_bracket_slot": null, "player2_score": null, "start_time": null, "player2": 48, "ready_time": null, "player1": 47, "end_time": null, "player1_score": null, "table": null}}, {"pk": 115, "model": "pingpong.match", "fields": {"status": 0, "player1_bracket_slot": null, "group": 11, "player2_bracket_slot": null, "player2_score": null, "start_time": null, "player2": 48, "ready_time": null, "player1": 51, "end_time": null, "player1_score": null, "table": null}}, {"pk": 116, "model": "pingpong.match", "fields": {"status": 0, "player1_bracket_slot": null, "group": 11, "player2_bracket_slot": null, "player2_score": null, "start_time": null, "player2": 47, "ready_time": null, "player1": 49, "end_time": null, "player1_score": null, "table": null}}, {"pk": 117, "model": "pingpong.match", "fields": {"status": 0, "player1_bracket_slot": null, "group": 11, "player2_bracket_slot": null, "player2_score": null, "start_time": null, "player2": 46, "ready_time": null, "player1": 50, "end_time": null, "player1_score": null, "table": null}}, {"pk": 118, "model": "pingpong.match", "fields": {"status": 0, "player1_bracket_slot": null, "group": 11, "player2_bracket_slot": null, "player2_score": null, "start_time": null, "player2": 45, "ready_time": null, "player1": 42, "end_time": null, "player1_score": null, "table": null}}, {"pk": 119, "model": "pingpong.match", "fields": {"status": 0, "player1_bracket_slot": null, "group": 11, "player2_bracket_slot": null, "player2_score": null, "start_time": null, "player2": 44, "ready_time": null, "player1": 43, "end_time": null, "player1_score": null, "table": null}}, {"pk": 120, "model": "pingpong.match", "fields": {"status": 0, "player1_bracket_slot": null, "group": 11, "player2_bracket_slot": null, "player2_score": null, "start_time": null, "player2": 51, "ready_time": null, "player1": 44, "end_time": null, "player1_score": null, "table": null}}, {"pk": 121, "model": "pingpong.match", "fields": {"status": 0, "player1_bracket_slot": null, "group": 11, "player2_bracket_slot": null, "player2_score": null, "start_time": null, "player2": 43, "ready_time": null, "player1": 45, "end_time": null, "player1_score": null, "table": null}}, {"pk": 122, "model": "pingpong.match", "fields": {"status": 0, "player1_bracket_slot": null, "group": 11, "player2_bracket_slot": null, "player2_score": null, "start_time": null, "player2": 42, "ready_time": null, "player1": 46, "end_time": null, "player1_score": null, "table": null}}, {"pk": 123, "model": "pingpong.match", "fields": {"status": 0, "player1_bracket_slot": null, "group": 11, "player2_bracket_slot": null, "player2_score": null, "start_time": null, "player2": 50, "ready_time": null, "player1": 47, "end_time": null, "player1_score": null, "table": null}}, {"pk": 124, "model": "pingpong.match", "fields": {"status": 0, "player1_bracket_slot": null, "group": 11, "player2_bracket_slot": null, "player2_score": null, "start_time": null, "player2": 49, "ready_time": null, "player1": 48, "end_time": null, "player1_score": null, "table": null}}, {"pk": 125, "model": "pingpong.match", "fields": {"status": 0, "player1_bracket_slot": null, "group": 11, "player2_bracket_slot": null, "player2_score": null, "start_time": null, "player2": 49, "ready_time": null, "player1": 51, "end_time": null, "player1_score": null, "table": null}}, {"pk": 126, "model": "pingpong.match", "fields": {"status": 0, "player1_bracket_slot": null, "group": 11, "player2_bracket_slot": null, "player2_score": null, "start_time": null, "player2": 48, "ready_time": null, "player1": 50, "end_time": null, "player1_score": null, "table": null}}, {"pk": 127, "model": "pingpong.match", "fields": {"status": 0, "player1_bracket_slot": null, "group": 11, "player2_bracket_slot": null, "player2_score": null, "start_time": null, "player2": 47, "ready_time": null, "player1": 42, "end_time": null, "player1_score": null, "table": null}}, {"pk": 128, "model": "pingpong.match", "fields": {"status": 0, "player1_bracket_slot": null, "group": 11, "player2_bracket_slot": null, "player2_score": null, "start_time": null, "player2": 46, "ready_time": null, "player1": 43, "end_time": null, "player1_score": null, "table": null}}, {"pk": 129, "model": "pingpong.match", "fields": {"status": 0, "player1_bracket_slot": null, "group": 11, "player2_bracket_slot": null, "player2_score": null, "start_time": null, "player2": 45, "ready_time": null, "player1": 44, "end_time": null, "player1_score": null, "table": null}}, {"pk": 130, "model": "pingpong.match", "fields": {"status": 0, "player1_bracket_slot": null, "group": 11, "player2_bracket_slot": null, "player2_score": null, "start_time": null, "player2": 51, "ready_time": null, "player1": 45, "end_time": null, "player1_score": null, "table": null}}, {"pk": 131, "model": "pingpong.match", "fields": {"status": 0, "player1_bracket_slot": null, "group": 11, "player2_bracket_slot": null, "player2_score": null, "start_time": null, "player2": 44, "ready_time": null, "player1": 46, "end_time": null, "player1_score": null, "table": null}}, {"pk": 132, "model": "pingpong.match", "fields": {"status": 0, "player1_bracket_slot": null, "group": 11, "player2_bracket_slot": null, "player2_score": null, "start_time": null, "player2": 43, "ready_time": null, "player1": 47, "end_time": null, "player1_score": null, "table": null}}, {"pk": 133, "model": "pingpong.match", "fields": {"status": 0, "player1_bracket_slot": null, "group": 11, "player2_bracket_slot": null, "player2_score": null, "start_time": null, "player2": 42, "ready_time": null, "player1": 48, "end_time": null, "player1_score": null, "table": null}}, {"pk": 134, "model": "pingpong.match", "fields": {"status": 0, "player1_bracket_slot": null, "group": 11, "player2_bracket_slot": null, "player2_score": null, "start_time": null, "player2": 50, "ready_time": null, "player1": 49, "end_time": null, "player1_score": null, "table": null}}, {"pk": 135, "model": "pingpong.match", "fields": {"status": 0, "player1_bracket_slot": null, "group": 11, "player2_bracket_slot": null, "player2_score": null, "start_time": null, "player2": 50, "ready_time": null, "player1": 51, "end_time": null, "player1_score": null, "table": null}}, {"pk": 136, "model": "pingpong.match", "fields": {"status": 0, "player1_bracket_slot": null, "group": 11, "player2_bracket_slot": null, "player2_score": null, "start_time": null, "player2": 49, "ready_time": null, "player1": 42, "end_time": null, "player1_score": null, "table": null}}, {"pk": 137, "model": "pingpong.match", "fields": {"status": 0, "player1_bracket_slot": null, "group": 11, "player2_bracket_slot": null, "player2_score": null, "start_time": null, "player2": 48, "ready_time": null, "player1": 43, "end_time": null, "player1_score": null, "table": null}}, {"pk": 138, "model": "pingpong.match", "fields": {"status": 0, "player1_bracket_slot": null, "group": 11, "player2_bracket_slot": null, "player2_score": null, "start_time": null, "player2": 47, "ready_time": null, "player1": 44, "end_time": null, "player1_score": null, "table": null}}, {"pk": 139, "model": "pingpong.match", "fields": {"status": 0, "player1_bracket_slot": null, "group": 11, "player2_bracket_slot": null, "player2_score": null, "start_time": null, "player2": 46, "ready_time": null, "player1": 45, "end_time": null, "player1_score": null, "table": null}}, {"pk": 140, "model": "pingpong.match", "fields": {"status": 0, "player1_bracket_slot": null, "group": 11, "player2_bracket_slot": null, "player2_score": null, "start_time": null, "player2": 51, "ready_time": null, "player1": 46, "end_time": null, "player1_score": null, "table": null}}, {"pk": 141, "model": "pingpong.match", "fields": {"status": 0, "player1_bracket_slot": null, "group": 11, "player2_bracket_slot": null, "player2_score": null, "start_time": null, "player2": 45, "ready_time": null, "player1": 47, "end_time": null, "player1_score": null, "table": null}}, {"pk": 142, "model": "pingpong.match", "fields": {"status": 0, "player1_bracket_slot": null, "group": 11, "player2_bracket_slot": null, "player2_score": null, "start_time": null, "player2": 44, "ready_time": null, "player1": 48, "end_time": null, "player1_score": null, "table": null}}, {"pk": 143, "model": "pingpong.match", "fields": {"status": 0, "player1_bracket_slot": null, "group": 11, "player2_bracket_slot": null, "player2_score": null, "start_time": null, "player2": 43, "ready_time": null, "player1": 49, "end_time": null, "player1_score": null, "table": null}}, {"pk": 144, "model": "pingpong.match", "fields": {"status": 0, "player1_bracket_slot": null, "group": 11, "player2_bracket_slot": null, "player2_score": null, "start_time": null, "player2": 42, "ready_time": null, "player1": 50, "end_time": null, "player1_score": null, "table": null}}, {"pk": 145, "model": "pingpong.match", "fields": {"status": 1, "player1_bracket_slot": null, "group": 11, "player2_bracket_slot": null, "player2_score": null, "start_time": null, "player2": null, "ready_time": null, "player1": null, "end_time": null, "player1_score": null, "table": null}}, {"pk": 146, "model": "pingpong.match", "fields": {"status": 0, "player1_bracket_slot": 94, "group": null, "player2_bracket_slot": 95, "player2_score": null, "start_time": null, "player2": null, "ready_time": null, "player1": null, "end_time": null, "player1_score": null, "table": null}}, {"pk": 147, "model": "pingpong.match", "fields": {"status": 0, "player1_bracket_slot": 99, "group": null, "player2_bracket_slot": 100, "player2_score": null, "start_time": null, "player2": null, "ready_time": null, "player1": null, "end_time": null, "player1_score": null, "table": null}}, {"pk": 148, "model": "pingpong.match", "fields": {"status": 0, "player1_bracket_slot": 102, "group": null, "player2_bracket_slot": 103, "player2_score": null, "start_time": null, "player2": null, "ready_time": null, "player1": null, "end_time": null, "player1_score": null, "table": null}}, {"pk": 149, "model": "pingpong.match", "fields": {"status": 0, "player1_bracket_slot": 98, "group": null, "player2_bracket_slot": 101, "player2_score": null, "start_time": null, "player2": null, "ready_time": null, "player1": null, "end_time": null, "player1_score": null, "table": null}}, {"pk": 150, "model": "pingpong.match", "fields": {"status": 0, "player1_bracket_slot": 106, "group": null, "player2_bracket_slot": 107, "player2_score": null, "start_time": null, "player2": null, "ready_time": null, "player1": null, "end_time": null, "player1_score": null, "table": null}}, {"pk": 151, "model": "pingpong.match", "fields": {"status": 0, "player1_bracket_slot": 109, "group": null, "player2_bracket_slot": 110, "player2_score": null, "start_time": null, "player2": null, "ready_time": null, "player1": null, "end_time": null, "player1_score": null, "table": null}}, {"pk": 152, "model": "pingpong.match", "fields": {"status": 0, "player1_bracket_slot": 105, "group": null, "player2_bracket_slot": 108, "player2_score": null, "start_time": null, "player2": null, "ready_time": null, "player1": null, "end_time": null, "player1_score": null, "table": null}}, {"pk": 153, "model": "pingpong.match", "fields": {"status": 0, "player1_bracket_slot": 97, "group": null, "player2_bracket_slot": 104, "player2_score": null, "start_time": null, "player2": null, "ready_time": null, "player1": null, "end_time": null, "player1_score": null, "table": null}}, {"pk": 1, "model": "pingpong.group", "fields": {"category": 1, "table": null, "status": 0, "name": "A"}}, {"pk": 2, "model": "pingpong.group", "fields": {"category": 1, "table": null, "status": 0, "name": "B"}}, {"pk": 3, "model": "pingpong.group", "fields": {"category": 1, "table": null, "status": 0, "name": "C"}}, {"pk": 4, "model": "pingpong.group", "fields": {"category": 1, "table": null, "status": 0, "name": "D"}}, {"pk": 5, "model": "pingpong.group", "fields": {"category": 1, "table": null, "status": 0, "name": "E"}}, {"pk": 6, "model": "pingpong.group", "fields": {"category": 1, "table": null, "status": 0, "name": "F"}}, {"pk": 7, "model": "pingpong.group", "fields": {"category": 2, "table": null, "status": 0, "name": "A"}}, {"pk": 8, "model": "pingpong.group", "fields": {"category": 2, "table": null, "status": 0, "name": "B"}}, {"pk": 9, "model": "pingpong.group", "fields": {"category": 2, "table": null, "status": 0, "name": "C"}}, {"pk": 10, "model": "pingpong.group", "fields": {"category": 2, "table": null, "status": 0, "name": "D"}}, {"pk": 11, "model": "pingpong.group", "fields": {"category": 8, "table": null, "status": 0, "name": "A"}}, {"pk": 1, "model": "pingpong.groupmember", "fields": {"player": 14, "group": 1, "place": null, "leader": true}}, {"pk": 2, "model": "pingpong.groupmember", "fields": {"player": 18, "group": 1, "place": null, "leader": false}}, {"pk": 3, "model": "pingpong.groupmember", "fields": {"player": 17, "group": 1, "place": null, "leader": false}}, {"pk": 4, "model": "pingpong.groupmember", "fields": {"player": 21, "group": 1, "place": null, "leader": false}}, {"pk": 5, "model": "pingpong.groupmember", "fields": {"player": 5, "group": 2, "place": 1, "leader": true}}, {"pk": 6, "model": "pingpong.groupmember", "fields": {"player": 2, "group": 2, "place": 3, "leader": false}}, {"pk": 7, "model": "pingpong.groupmember", "fields": {"player": 12, "group": 2, "place": 2, "leader": false}}, {"pk": 8, "model": "pingpong.groupmember", "fields": {"player": 16, "group": 2, "place": 4, "leader": false}}, {"pk": 9, "model": "pingpong.groupmember", "fields": {"player": 3, "group": 3, "place": 2, "leader": true}}, {"pk": 10, "model": "pingpong.groupmember", "fields": {"player": 15, "group": 3, "place": 1, "leader": false}}, {"pk": 11, "model": "pingpong.groupmember", "fields": {"player": 19, "group": 3, "place": 4, "leader": false}}, {"pk": 12, "model": "pingpong.groupmember", "fields": {"player": 11, "group": 3, "place": 3, "leader": false}}, {"pk": 13, "model": "pingpong.groupmember", "fields": {"player": 7, "group": 4, "place": null, "leader": true}}, {"pk": 14, "model": "pingpong.groupmember", "fields": {"player": 6, "group": 4, "place": null, "leader": false}}, {"pk": 15, "model": "pingpong.groupmember", "fields": {"player": 9, "group": 4, "place": null, "leader": false}}, {"pk": 16, "model": "pingpong.groupmember", "fields": {"player": 10, "group": 4, "place": null, "leader": false}}, {"pk": 17, "model": "pingpong.groupmember", "fields": {"player": 20, "group": 5, "place": 1, "leader": true}}, {"pk": 18, "model": "pingpong.groupmember", "fields": {"player": 1, "group": 5, "place": 2, "leader": false}}, {"pk": 19, "model": "pingpong.groupmember", "fields": {"player": 22, "group": 5, "place": 3, "leader": false}}, {"pk": 20, "model": "pingpong.groupmember", "fields": {"player": 13, "group": 6, "place": 3, "leader": true}}, {"pk": 21, "model": "pingpong.groupmember", "fields": {"player": 4, "group": 6, "place": 1, "leader": false}}, {"pk": 22, "model": "pingpong.groupmember", "fields": {"player": 8, "group": 6, "place": 2, "leader": false}}, {"pk": 23, "model": "pingpong.groupmember", "fields": {"player": 25, "group": 7, "place": null, "leader": false}}, {"pk": 24, "model": "pingpong.groupmember", "fields": {"player": 24, "group": 7, "place": null, "leader": false}}, {"pk": 25, "model": "pingpong.groupmember", "fields": {"player": 41, "group": 7, "place": null, "leader": false}}, {"pk": 26, "model": "pingpong.groupmember", "fields": {"player": 27, "group": 8, "place": null, "leader": false}}, {"pk": 27, "model": "pingpong.groupmember", "fields": {"player": 34, "group": 8, "place": null, "leader": false}}, {"pk": 28, "model": "pingpong.groupmember", "fields": {"player": 32, "group": 8, "place": null, "leader": false}}, {"pk": 29, "model": "pingpong.groupmember", "fields": {"player": 28, "group": 9, "place": null, "leader": false}}, {"pk": 30, "model": "pingpong.groupmember", "fields": {"player": 30, "group": 9, "place": null, "leader": false}}, {"pk": 31, "model": "pingpong.groupmember", "fields": {"player": 31, "group": 9, "place": null, "leader": false}}, {"pk": 32, "model": "pingpong.groupmember", "fields": {"player": 29, "group": 10, "place": null, "leader": false}}, {"pk": 33, "model": "pingpong.groupmember", "fields": {"player": 33, "group": 10, "place": null, "leader": false}}, {"pk": 34, "model": "pingpong.groupmember", "fields": {"player": 26, "group": 10, "place": null, "leader": false}}, {"pk": 35, "model": "pingpong.groupmember", "fields": {"player": 23, "group": 10, "place": null, "leader": false}}, {"pk": 36, "model": "pingpong.groupmember", "fields": {"player": 42, "group": 11, "place": null, "leader": true}}, {"pk": 37, "model": "pingpong.groupmember", "fields": {"player": 43, "group": 11, "place": null, "leader": true}}, {"pk": 38, "model": "pingpong.groupmember", "fields": {"player": 44, "group": 11, "place": null, "leader": true}}, {"pk": 39, "model": "pingpong.groupmember", "fields": {"player": 45, "group": 11, "place": null, "leader": true}}, {"pk": 40, "model": "pingpong.groupmember", "fields": {"player": 46, "group": 11, "place": null, "leader": true}}, {"pk": 41, "model": "pingpong.groupmember", "fields": {"player": 47, "group": 11, "place": null, "leader": true}}, {"pk": 42, "model": "pingpong.groupmember", "fields": {"player": 48, "group": 11, "place": null, "leader": true}}, {"pk": 43, "model": "pingpong.groupmember", "fields": {"player": 49, "group": 11, "place": null, "leader": true}}, {"pk": 44, "model": "pingpong.groupmember", "fields": {"player": 50, "group": 11, "place": null, "leader": true}}, {"pk": 45, "model": "pingpong.groupmember", "fields": {"player": 51, "group": 11, "place": null, "leader": true}}, {"pk": 1, "model": "pingpong.bracket", "fields": {"category": 1, "levels": 5, "name": "WINNERS", "description": ""}}, {"pk": 2, "model": "pingpong.bracket", "fields": {"category": 1, "levels": 5, "name": "SOOTHERS", "description": ""}}, {"pk": 3, "model": "pingpong.bracket", "fields": {"category": 2, "levels": 4, "name": "ZMAGOVALNA SKUPINA", "description": ""}}, {"pk": 4, "model": "pingpong.bracket", "fields": {"category": 2, "levels": 4, "name": "TOLAZILNA SKUPINA", "description": ""}}, {"pk": 5, "model": "pingpong.bracket", "fields": {"category": 8, "levels": 2, "name": "ZMAGOVALNA SKUPINA", "description": ""}}, {"pk": 6, "model": "pingpong.bracket", "fields": {"category": 8, "levels": 4, "name": "TOLAZILNA SKUPINA", "description": ""}}, {"pk": 1, "model": "pingpong.bracketslot", "fields": {"status": 0, "match_end": null, "score": null, "level": 0, "match_start": null, "no_player": false, "player": null, "bracket": 1, "winner_goes_to": null, "loser_goes_to": null, "table": null}}, {"pk": 2, "model": "pingpong.bracketslot", "fields": {"status": 0, "match_end": null, "score": null, "level": 1, "match_start": null, "no_player": false, "player": null, "bracket": 1, "winner_goes_to": 1, "loser_goes_to": null, "table": null}}, {"pk": 3, "model": "pingpong.bracketslot", "fields": {"status": 0, "match_end": null, "score": null, "level": 2, "match_start": null, "no_player": false, "player": null, "bracket": 1, "winner_goes_to": 2, "loser_goes_to": null, "table": null}}, {"pk": 4, "model": "pingpong.bracketslot", "fields": {"status": 0, "match_end": null, "score": null, "level": 3, "match_start": null, "no_player": false, "player": null, "bracket": 1, "winner_goes_to": 3, "loser_goes_to": null, "table": null}}, {"pk": 5, "model": "pingpong.bracketslot", "fields": {"status": 0, "match_end": null, "score": null, "level": 4, "match_start": null, "no_player": false, "player": null, "bracket": 1, "winner_goes_to": 4, "loser_goes_to": null, "table": null}}, {"pk": 6, "model": "pingpong.bracketslot", "fields": {"status": 0, "match_end": null, "score": null, "level": 4, "match_start": null, "no_player": true, "player": null, "bracket": 1, "winner_goes_to": 4, "loser_goes_to": null, "table": null}}, {"pk": 7, "model": "pingpong.bracketslot", "fields": {"status": 0, "match_end": null, "score": null, "level": 3, "match_start": null, "no_player": false, "player": null, "bracket": 1, "winner_goes_to": 3, "loser_goes_to": null, "table": null}}, {"pk": 8, "model": "pingpong.bracketslot", "fields": {"status": 0, "match_end": null, "score": null, "level": 4, "match_start": null, "no_player": false, "player": 3, "bracket": 1, "winner_goes_to": 7, "loser_goes_to": null, "table": null}}, {"pk": 9, "model": "pingpong.bracketslot", "fields": {"status": 0, "match_end": null, "score": null, "level": 4, "match_start": null, "no_player": false, "player": 12, "bracket": 1, "winner_goes_to": 7, "loser_goes_to": null, "table": null}}, {"pk": 10, "model": "pingpong.bracketslot", "fields": {"status": 0, "match_end": null, "score": null, "level": 2, "match_start": null, "no_player": false, "player": null, "bracket": 1, "winner_goes_to": 2, "loser_goes_to": null, "table": null}}, {"pk": 11, "model": "pingpong.bracketslot", "fields": {"status": 0, "match_end": null, "score": null, "level": 3, "match_start": null, "no_player": false, "player": null, "bracket": 1, "winner_goes_to": 10, "loser_goes_to": null, "table": null}}, {"pk": 12, "model": "pingpong.bracketslot", "fields": {"status": 0, "match_end": null, "score": null, "level": 4, "match_start": null, "no_player": false, "player": 20, "bracket": 1, "winner_goes_to": 11, "loser_goes_to": null, "table": null}}, {"pk": 13, "model": "pingpong.bracketslot", "fields": {"status": 0, "match_end": null, "score": null, "level": 4, "match_start": null, "no_player": false, "player": 8, "bracket": 1, "winner_goes_to": 11, "loser_goes_to": null, "table": null}}, {"pk": 14, "model": "pingpong.bracketslot", "fields": {"status": 0, "match_end": null, "score": null, "level": 3, "match_start": null, "no_player": false, "player": null, "bracket": 1, "winner_goes_to": 10, "loser_goes_to": null, "table": null}}, {"pk": 15, "model": "pingpong.bracketslot", "fields": {"status": 0, "match_end": null, "score": null, "level": 4, "match_start": null, "no_player": true, "player": null, "bracket": 1, "winner_goes_to": 14, "loser_goes_to": null, "table": null}}, {"pk": 16, "model": "pingpong.bracketslot", "fields": {"status": 0, "match_end": null, "score": null, "level": 4, "match_start": null, "no_player": false, "player": null, "bracket": 1, "winner_goes_to": 14, "loser_goes_to": null, "table": null}}, {"pk": 17, "model": "pingpong.bracketslot", "fields": {"status": 0, "match_end": null, "score": null, "level": 1, "match_start": null, "no_player": false, "player": null, "bracket": 1, "winner_goes_to": 1, "loser_goes_to": null, "table": null}}, {"pk": 18, "model": "pingpong.bracketslot", "fields": {"status": 0, "match_end": null, "score": null, "level": 2, "match_start": null, "no_player": false, "player": null, "bracket": 1, "winner_goes_to": 17, "loser_goes_to": null, "table": null}}, {"pk": 19, "model": "pingpong.bracketslot", "fields": {"status": 0, "match_end": null, "score": null, "level": 3, "match_start": null, "no_player": false, "player": 15, "bracket": 1, "winner_goes_to": 18, "loser_goes_to": null, "table": null}}, {"pk": 20, "model": "pingpong.bracketslot", "fields": {"status": 0, "match_end": null, "score": null, "level": 4, "match_start": null, "no_player": false, "player": 15, "bracket": 1, "winner_goes_to": 19, "loser_goes_to": null, "table": null}}, {"pk": 21, "model": "pingpong.bracketslot", "fields": {"status": 0, "match_end": null, "score": null, "level": 4, "match_start": null, "no_player": true, "player": null, "bracket": 1, "winner_goes_to": 19, "loser_goes_to": null, "table": null}}, {"pk": 22, "model": "pingpong.bracketslot", "fields": {"status": 0, "match_end": null, "score": null, "level": 3, "match_start": null, "no_player": false, "player": null, "bracket": 1, "winner_goes_to": 18, "loser_goes_to": null, "table": null}}, {"pk": 23, "model": "pingpong.bracketslot", "fields": {"status": 0, "match_end": null, "score": null, "level": 4, "match_start": null, "no_player": false, "player": 1, "bracket": 1, "winner_goes_to": 22, "loser_goes_to": null, "table": null}}, {"pk": 24, "model": "pingpong.bracketslot", "fields": {"status": 0, "match_end": null, "score": null, "level": 4, "match_start": null, "no_player": false, "player": 4, "bracket": 1, "winner_goes_to": 22, "loser_goes_to": null, "table": null}}, {"pk": 25, "model": "pingpong.bracketslot", "fields": {"status": 0, "match_end": null, "score": null, "level": 2, "match_start": null, "no_player": false, "player": null, "bracket": 1, "winner_goes_to": 17, "loser_goes_to": null, "table": null}}, {"pk": 26, "model": "pingpong.bracketslot", "fields": {"status": 0, "match_end": null, "score": null, "level": 3, "match_start": null, "no_player": false, "player": null, "bracket": 1, "winner_goes_to": 25, "loser_goes_to": null, "table": null}}, {"pk": 27, "model": "pingpong.bracketslot", "fields": {"status": 0, "match_end": null, "score": null, "level": 4, "match_start": null, "no_player": false, "player": null, "bracket": 1, "winner_goes_to": 26, "loser_goes_to": null, "table": null}}, {"pk": 28, "model": "pingpong.bracketslot", "fields": {"status": 0, "match_end": null, "score": null, "level": 4, "match_start": null, "no_player": false, "player": null, "bracket": 1, "winner_goes_to": 26, "loser_goes_to": null, "table": null}}, {"pk": 29, "model": "pingpong.bracketslot", "fields": {"status": 0, "match_end": null, "score": null, "level": 3, "match_start": null, "no_player": false, "player": 5, "bracket": 1, "winner_goes_to": 25, "loser_goes_to": null, "table": null}}, {"pk": 30, "model": "pingpong.bracketslot", "fields": {"status": 0, "match_end": null, "score": null, "level": 4, "match_start": null, "no_player": true, "player": null, "bracket": 1, "winner_goes_to": 29, "loser_goes_to": null, "table": null}}, {"pk": 31, "model": "pingpong.bracketslot", "fields": {"status": 0, "match_end": null, "score": null, "level": 4, "match_start": null, "no_player": false, "player": 5, "bracket": 1, "winner_goes_to": 29, "loser_goes_to": null, "table": null}}, {"pk": 32, "model": "pingpong.bracketslot", "fields": {"status": 0, "match_end": null, "score": null, "level": 0, "match_start": null, "no_player": false, "player": null, "bracket": 2, "winner_goes_to": null, "loser_goes_to": null, "table": null}}, {"pk": 33, "model": "pingpong.bracketslot", "fields": {"status": 0, "match_end": null, "score": null, "level": 1, "match_start": null, "no_player": false, "player": null, "bracket": 2, "winner_goes_to": 32, "loser_goes_to": null, "table": null}}, {"pk": 34, "model": "pingpong.bracketslot", "fields": {"status": 0, "match_end": null, "score": null, "level": 2, "match_start": null, "no_player": false, "player": null, "bracket": 2, "winner_goes_to": 33, "loser_goes_to": null, "table": null}}, {"pk": 35, "model": "pingpong.bracketslot", "fields": {"status": 0, "match_end": null, "score": null, "level": 3, "match_start": null, "no_player": false, "player": null, "bracket": 2, "winner_goes_to": 34, "loser_goes_to": null, "table": null}}, {"pk": 36, "model": "pingpong.bracketslot", "fields": {"status": 0, "match_end": null, "score": null, "level": 4, "match_start": null, "no_player": false, "player": null, "bracket": 2, "winner_goes_to": 35, "loser_goes_to": null, "table": null}}, {"pk": 37, "model": "pingpong.bracketslot", "fields": {"status": 0, "match_end": null, "score": null, "level": 4, "match_start": null, "no_player": true, "player": null, "bracket": 2, "winner_goes_to": 35, "loser_goes_to": null, "table": null}}, {"pk": 38, "model": "pingpong.bracketslot", "fields": {"status": 0, "match_end": null, "score": null, "level": 3, "match_start": null, "no_player": false, "player": null, "bracket": 2, "winner_goes_to": 34, "loser_goes_to": null, "table": null}}, {"pk": 39, "model": "pingpong.bracketslot", "fields": {"status": 0, "match_end": null, "score": null, "level": 4, "match_start": null, "no_player": false, "player": 19, "bracket": 2, "winner_goes_to": 38, "loser_goes_to": null, "table": null}}, {"pk": 40, "model": "pingpong.bracketslot", "fields": {"status": 0, "match_end": null, "score": null, "level": 4, "match_start": null, "no_player": false, "player": 16, "bracket": 2, "winner_goes_to": 38, "loser_goes_to": null, "table": null}}, {"pk": 41, "model": "pingpong.bracketslot", "fields": {"status": 0, "match_end": null, "score": null, "level": 2, "match_start": null, "no_player": false, "player": null, "bracket": 2, "winner_goes_to": 33, "loser_goes_to": null, "table": null}}, {"pk": 42, "model": "pingpong.bracketslot", "fields": {"status": 0, "match_end": null, "score": null, "level": 3, "match_start": null, "no_player": false, "player": 22, "bracket": 2, "winner_goes_to": 41, "loser_goes_to": null, "table": null}}, {"pk": 43, "model": "pingpong.bracketslot", "fields": {"status": 0, "match_end": null, "score": null, "level": 4, "match_start": null, "no_player": false, "player": 22, "bracket": 2, "winner_goes_to": 42, "loser_goes_to": null, "table": null}}, {"pk": 44, "model": "pingpong.bracketslot", "fields": {"status": 0, "match_end": null, "score": null, "level": 4, "match_start": null, "no_player": true, "player": null, "bracket": 2, "winner_goes_to": 42, "loser_goes_to": null, "table": null}}, {"pk": 45, "model": "pingpong.bracketslot", "fields": {"status": 0, "match_end": null, "score": null, "level": 3, "match_start": null, "no_player": false, "player": null, "bracket": 2, "winner_goes_to": 41, "loser_goes_to": null, "table": null}}, {"pk": 46, "model": "pingpong.bracketslot", "fields": {"status": 0, "match_end": null, "score": null, "level": 4, "match_start": null, "no_player": true, "player": null, "bracket": 2, "winner_goes_to": 45, "loser_goes_to": null, "table": null}}, {"pk": 47, "model": "pingpong.bracketslot", "fields": {"status": 0, "match_end": null, "score": null, "level": 4, "match_start": null, "no_player": false, "player": null, "bracket": 2, "winner_goes_to": 45, "loser_goes_to": null, "table": null}}, {"pk": 48, "model": "pingpong.bracketslot", "fields": {"status": 0, "match_end": null, "score": null, "level": 1, "match_start": null, "no_player": false, "player": null, "bracket": 2, "winner_goes_to": 32, "loser_goes_to": null, "table": null}}, {"pk": 49, "model": "pingpong.bracketslot", "fields": {"status": 0, "match_end": null, "score": null, "level": 2, "match_start": null, "no_player": false, "player": null, "bracket": 2, "winner_goes_to": 48, "loser_goes_to": null, "table": null}}, {"pk": 50, "model": "pingpong.bracketslot", "fields": {"status": 0, "match_end": null, "score": null, "level": 3, "match_start": null, "no_player": false, "player": 11, "bracket": 2, "winner_goes_to": 49, "loser_goes_to": null, "table": null}}, {"pk": 51, "model": "pingpong.bracketslot", "fields": {"status": 0, "match_end": null, "score": null, "level": 4, "match_start": null, "no_player": false, "player": 11, "bracket": 2, "winner_goes_to": 50, "loser_goes_to": null, "table": null}}, {"pk": 52, "model": "pingpong.bracketslot", "fields": {"status": 0, "match_end": null, "score": null, "level": 4, "match_start": null, "no_player": true, "player": null, "bracket": 2, "winner_goes_to": 50, "loser_goes_to": null, "table": null}}, {"pk": 53, "model": "pingpong.bracketslot", "fields": {"status": 0, "match_end": null, "score": null, "level": 3, "match_start": null, "no_player": false, "player": 13, "bracket": 2, "winner_goes_to": 49, "loser_goes_to": null, "table": null}}, {"pk": 54, "model": "pingpong.bracketslot", "fields": {"status": 0, "match_end": null, "score": null, "level": 4, "match_start": null, "no_player": true, "player": null, "bracket": 2, "winner_goes_to": 53, "loser_goes_to": null, "table": null}}, {"pk": 55, "model": "pingpong.bracketslot", "fields": {"status": 0, "match_end": null, "score": null, "level": 4, "match_start": null, "no_player": false, "player": 13, "bracket": 2, "winner_goes_to": 53, "loser_goes_to": null, "table": null}}, {"pk": 56, "model": "pingpong.bracketslot", "fields": {"status": 0, "match_end": null, "score": null, "level": 2, "match_start": null, "no_player": false, "player": null, "bracket": 2, "winner_goes_to": 48, "loser_goes_to": null, "table": null}}, {"pk": 57, "model": "pingpong.bracketslot", "fields": {"status": 0, "match_end": null, "score": null, "level": 3, "match_start": null, "no_player": false, "player": null, "bracket": 2, "winner_goes_to": 56, "loser_goes_to": null, "table": null}}, {"pk": 58, "model": "pingpong.bracketslot", "fields": {"status": 0, "match_end": null, "score": null, "level": 4, "match_start": null, "no_player": false, "player": null, "bracket": 2, "winner_goes_to": 57, "loser_goes_to": null, "table": null}}, {"pk": 59, "model": "pingpong.bracketslot", "fields": {"status": 0, "match_end": null, "score": null, "level": 4, "match_start": null, "no_player": false, "player": null, "bracket": 2, "winner_goes_to": 57, "loser_goes_to": null, "table": null}}, {"pk": 60, "model": "pingpong.bracketslot", "fields": {"status": 0, "match_end": null, "score": null, "level": 3, "match_start": null, "no_player": false, "player": 2, "bracket": 2, "winner_goes_to": 56, "loser_goes_to": null, "table": null}}, {"pk": 61, "model": "pingpong.bracketslot", "fields": {"status": 0, "match_end": null, "score": null, "level": 4, "match_start": null, "no_player": true, "player": null, "bracket": 2, "winner_goes_to": 60, "loser_goes_to": null, "table": null}}, {"pk": 62, "model": "pingpong.bracketslot", "fields": {"status": 0, "match_end": null, "score": null, "level": 4, "match_start": null, "no_player": false, "player": 2, "bracket": 2, "winner_goes_to": 60, "loser_goes_to": null, "table": null}}, {"pk": 63, "model": "pingpong.bracketslot", "fields": {"status": 0, "match_end": null, "score": null, "level": 0, "match_start": null, "no_player": false, "player": null, "bracket": 3, "winner_goes_to": null, "loser_goes_to": null, "table": null}}, {"pk": 64, "model": "pingpong.bracketslot", "fields": {"status": 0, "match_end": null, "score": null, "level": 1, "match_start": null, "no_player": false, "player": null, "bracket": 3, "winner_goes_to": 63, "loser_goes_to": null, "table": null}}, {"pk": 65, "model": "pingpong.bracketslot", "fields": {"status": 0, "match_end": null, "score": null, "level": 2, "match_start": null, "no_player": false, "player": null, "bracket": 3, "winner_goes_to": 64, "loser_goes_to": null, "table": null}}, {"pk": 66, "model": "pingpong.bracketslot", "fields": {"status": 0, "match_end": null, "score": null, "level": 3, "match_start": null, "no_player": false, "player": null, "bracket": 3, "winner_goes_to": 65, "loser_goes_to": null, "table": null}}, {"pk": 67, "model": "pingpong.bracketslot", "fields": {"status": 0, "match_end": null, "score": null, "level": 3, "match_start": null, "no_player": true, "player": null, "bracket": 3, "winner_goes_to": 65, "loser_goes_to": null, "table": null}}, {"pk": 68, "model": "pingpong.bracketslot", "fields": {"status": 0, "match_end": null, "score": null, "level": 2, "match_start": null, "no_player": false, "player": null, "bracket": 3, "winner_goes_to": 64, "loser_goes_to": null, "table": null}}, {"pk": 69, "model": "pingpong.bracketslot", "fields": {"status": 0, "match_end": null, "score": null, "level": 3, "match_start": null, "no_player": false, "player": null, "bracket": 3, "winner_goes_to": 68, "loser_goes_to": null, "table": null}}, {"pk": 70, "model": "pingpong.bracketslot", "fields": {"status": 0, "match_end": null, "score": null, "level": 3, "match_start": null, "no_player": false, "player": null, "bracket": 3, "winner_goes_to": 68, "loser_goes_to": null, "table": null}}, {"pk": 71, "model": "pingpong.bracketslot", "fields": {"status": 0, "match_end": null, "score": null, "level": 1, "match_start": null, "no_player": false, "player": null, "bracket": 3, "winner_goes_to": 63, "loser_goes_to": null, "table": null}}, {"pk": 72, "model": "pingpong.bracketslot", "fields": {"status": 0, "match_end": null, "score": null, "level": 2, "match_start": null, "no_player": false, "player": null, "bracket": 3, "winner_goes_to": 71, "loser_goes_to": null, "table": null}}, {"pk": 73, "model": "pingpong.bracketslot", "fields": {"status": 0, "match_end": null, "score": null, "level": 3, "match_start": null, "no_player": false, "player": null, "bracket": 3, "winner_goes_to": 72, "loser_goes_to": null, "table": null}}, {"pk": 74, "model": "pingpong.bracketslot", "fields": {"status": 0, "match_end": null, "score": null, "level": 3, "match_start": null, "no_player": false, "player": null, "bracket": 3, "winner_goes_to": 72, "loser_goes_to": null, "table": null}}, {"pk": 75, "model": "pingpong.bracketslot", "fields": {"status": 0, "match_end": null, "score": null, "level": 2, "match_start": null, "no_player": false, "player": null, "bracket": 3, "winner_goes_to": 71, "loser_goes_to": null, "table": null}}, {"pk": 76, "model": "pingpong.bracketslot", "fields": {"status": 0, "match_end": null, "score": null, "level": 3, "match_start": null, "no_player": false, "player": null, "bracket": 3, "winner_goes_to": 75, "loser_goes_to": null, "table": null}}, {"pk": 77, "model": "pingpong.bracketslot", "fields": {"status": 0, "match_end": null, "score": null, "level": 3, "match_start": null, "no_player": false, "player": null, "bracket": 3, "winner_goes_to": 75, "loser_goes_to": null, "table": null}}, {"pk": 78, "model": "pingpong.bracketslot", "fields": {"status": 0, "match_end": null, "score": null, "level": 0, "match_start": null, "no_player": false, "player": null, "bracket": 4, "winner_goes_to": null, "loser_goes_to": null, "table": null}}, {"pk": 79, "model": "pingpong.bracketslot", "fields": {"status": 0, "match_end": null, "score": null, "level": 1, "match_start": null, "no_player": false, "player": null, "bracket": 4, "winner_goes_to": 78, "loser_goes_to": null, "table": null}}, {"pk": 80, "model": "pingpong.bracketslot", "fields": {"status": 0, "match_end": null, "score": null, "level": 2, "match_start": null, "no_player": false, "player": null, "bracket": 4, "winner_goes_to": 79, "loser_goes_to": null, "table": null}}, {"pk": 81, "model": "pingpong.bracketslot", "fields": {"status": 0, "match_end": null, "score": null, "level": 3, "match_start": null, "no_player": false, "player": null, "bracket": 4, "winner_goes_to": 80, "loser_goes_to": null, "table": null}}, {"pk": 82, "model": "pingpong.bracketslot", "fields": {"status": 0, "match_end": null, "score": null, "level": 3, "match_start": null, "no_player": true, "player": null, "bracket": 4, "winner_goes_to": 80, "loser_goes_to": null, "table": null}}, {"pk": 83, "model": "pingpong.bracketslot", "fields": {"status": 0, "match_end": null, "score": null, "level": 2, "match_start": null, "no_player": false, "player": null, "bracket": 4, "winner_goes_to": 79, "loser_goes_to": null, "table": null}}, {"pk": 84, "model": "pingpong.bracketslot", "fields": {"status": 0, "match_end": null, "score": null, "level": 3, "match_start": null, "no_player": false, "player": null, "bracket": 4, "winner_goes_to": 83, "loser_goes_to": null, "table": null}}, {"pk": 85, "model": "pingpong.bracketslot", "fields": {"status": 0, "match_end": null, "score": null, "level": 3, "match_start": null, "no_player": false, "player": null, "bracket": 4, "winner_goes_to": 83, "loser_goes_to": null, "table": null}}, {"pk": 86, "model": "pingpong.bracketslot", "fields": {"status": 0, "match_end": null, "score": null, "level": 1, "match_start": null, "no_player": false, "player": null, "bracket": 4, "winner_goes_to": 78, "loser_goes_to": null, "table": null}}, {"pk": 87, "model": "pingpong.bracketslot", "fields": {"status": 0, "match_end": null, "score": null, "level": 2, "match_start": null, "no_player": false, "player": null, "bracket": 4, "winner_goes_to": 86, "loser_goes_to": null, "table": null}}, {"pk": 88, "model": "pingpong.bracketslot", "fields": {"status": 0, "match_end": null, "score": null, "level": 3, "match_start": null, "no_player": false, "player": null, "bracket": 4, "winner_goes_to": 87, "loser_goes_to": null, "table": null}}, {"pk": 89, "model": "pingpong.bracketslot", "fields": {"status": 0, "match_end": null, "score": null, "level": 3, "match_start": null, "no_player": false, "player": null, "bracket": 4, "winner_goes_to": 87, "loser_goes_to": null, "table": null}}, {"pk": 90, "model": "pingpong.bracketslot", "fields": {"status": 0, "match_end": null, "score": null, "level": 2, "match_start": null, "no_player": false, "player": null, "bracket": 4, "winner_goes_to": 86, "loser_goes_to": null, "table": null}}, {"pk": 91, "model": "pingpong.bracketslot", "fields": {"status": 0, "match_end": null, "score": null, "level": 3, "match_start": null, "no_player": false, "player": null, "bracket": 4, "winner_goes_to": 90, "loser_goes_to": null, "table": null}}, {"pk": 92, "model": "pingpong.bracketslot", "fields": {"status": 0, "match_end": null, "score": null, "level": 3, "match_start": null, "no_player": false, "player": null, "bracket": 4, "winner_goes_to": 90, "loser_goes_to": null, "table": null}}, {"pk": 93, "model": "pingpong.bracketslot", "fields": {"status": 0, "match_end": null, "score": null, "level": 0, "match_start": null, "no_player": false, "player": null, "bracket": 5, "winner_goes_to": null, "loser_goes_to": null, "table": null}}, {"pk": 94, "model": "pingpong.bracketslot", "fields": {"status": 0, "match_end": null, "score": null, "level": 1, "match_start": null, "no_player": false, "player": null, "bracket": 5, "winner_goes_to": 93, "loser_goes_to": null, "table": null}}, {"pk": 95, "model": "pingpong.bracketslot", "fields": {"status": 0, "match_end": null, "score": null, "level": 1, "match_start": null, "no_player": false, "player": null, "bracket": 5, "winner_goes_to": 93, "loser_goes_to": null, "table": null}}, {"pk": 96, "model": "pingpong.bracketslot", "fields": {"status": 0, "match_end": null, "score": null, "level": 0, "match_start": null, "no_player": false, "player": null, "bracket": 6, "winner_goes_to": null, "loser_goes_to": null, "table": null}}, {"pk": 97, "model": "pingpong.bracketslot", "fields": {"status": 0, "match_end": null, "score": null, "level": 1, "match_start": null, "no_player": false, "player": null, "bracket": 6, "winner_goes_to": 96, "loser_goes_to": null, "table": null}}, {"pk": 98, "model": "pingpong.bracketslot", "fields": {"status": 0, "match_end": null, "score": null, "level": 2, "match_start": null, "no_player": false, "player": null, "bracket": 6, "winner_goes_to": 97, "loser_goes_to": null, "table": null}}, {"pk": 99, "model": "pingpong.bracketslot", "fields": {"status": 0, "match_end": null, "score": null, "level": 3, "match_start": null, "no_player": false, "player": null, "bracket": 6, "winner_goes_to": 98, "loser_goes_to": null, "table": null}}, {"pk": 100, "model": "pingpong.bracketslot", "fields": {"status": 0, "match_end": null, "score": null, "level": 3, "match_start": null, "no_player": false, "player": null, "bracket": 6, "winner_goes_to": 98, "loser_goes_to": null, "table": null}}, {"pk": 101, "model": "pingpong.bracketslot", "fields": {"status": 0, "match_end": null, "score": null, "level": 2, "match_start": null, "no_player": false, "player": null, "bracket": 6, "winner_goes_to": 97, "loser_goes_to": null, "table": null}}, {"pk": 102, "model": "pingpong.bracketslot", "fields": {"status": 0, "match_end": null, "score": null, "level": 3, "match_start": null, "no_player": false, "player": null, "bracket": 6, "winner_goes_to": 101, "loser_goes_to": null, "table": null}}, {"pk": 103, "model": "pingpong.bracketslot", "fields": {"status": 0, "match_end": null, "score": null, "level": 3, "match_start": null, "no_player": false, "player": null, "bracket": 6, "winner_goes_to": 101, "loser_goes_to": null, "table": null}}, {"pk": 104, "model": "pingpong.bracketslot", "fields": {"status": 0, "match_end": null, "score": null, "level": 1, "match_start": null, "no_player": false, "player": null, "bracket": 6, "winner_goes_to": 96, "loser_goes_to": null, "table": null}}, {"pk": 105, "model": "pingpong.bracketslot", "fields": {"status": 0, "match_end": null, "score": null, "level": 2, "match_start": null, "no_player": false, "player": null, "bracket": 6, "winner_goes_to": 104, "loser_goes_to": null, "table": null}}, {"pk": 106, "model": "pingpong.bracketslot", "fields": {"status": 0, "match_end": null, "score": null, "level": 3, "match_start": null, "no_player": false, "player": null, "bracket": 6, "winner_goes_to": 105, "loser_goes_to": null, "table": null}}, {"pk": 107, "model": "pingpong.bracketslot", "fields": {"status": 0, "match_end": null, "score": null, "level": 3, "match_start": null, "no_player": false, "player": null, "bracket": 6, "winner_goes_to": 105, "loser_goes_to": null, "table": null}}, {"pk": 108, "model": "pingpong.bracketslot", "fields": {"status": 0, "match_end": null, "score": null, "level": 2, "match_start": null, "no_player": false, "player": null, "bracket": 6, "winner_goes_to": 104, "loser_goes_to": null, "table": null}}, {"pk": 109, "model": "pingpong.bracketslot", "fields": {"status": 0, "match_end": null, "score": null, "level": 3, "match_start": null, "no_player": false, "player": null, "bracket": 6, "winner_goes_to": 108, "loser_goes_to": null, "table": null}}, {"pk": 110, "model": "pingpong.bracketslot", "fields": {"status": 0, "match_end": null, "score": null, "level": 3, "match_start": null, "no_player": false, "player": null, "bracket": 6, "winner_goes_to": 108, "loser_goes_to": null, "table": null}}, {"pk": 1, "model": "pingpong.grouptobrackettransition", "fields": {"slot": 5, "place": 1, "group": 1}}, {"pk": 2, "model": "pingpong.grouptobrackettransition", "fields": {"slot": 8, "place": 2, "group": 3}}, {"pk": 3, "model": "pingpong.grouptobrackettransition", "fields": {"slot": 9, "place": 2, "group": 2}}, {"pk": 4, "model": "pingpong.grouptobrackettransition", "fields": {"slot": 12, "place": 1, "group": 5}}, {"pk": 5, "model": "pingpong.grouptobrackettransition", "fields": {"slot": 13, "place": 2, "group": 6}}, {"pk": 6, "model": "pingpong.grouptobrackettransition", "fields": {"slot": 16, "place": 1, "group": 4}}, {"pk": 7, "model": "pingpong.grouptobrackettransition", "fields": {"slot": 20, "place": 1, "group": 3}}, {"pk": 8, "model": "pingpong.grouptobrackettransition", "fields": {"slot": 23, "place": 2, "group": 5}}, {"pk": 9, "model": "pingpong.grouptobrackettransition", "fields": {"slot": 24, "place": 1, "group": 6}}, {"pk": 10, "model": "pingpong.grouptobrackettransition", "fields": {"slot": 27, "place": 2, "group": 1}}, {"pk": 11, "model": "pingpong.grouptobrackettransition", "fields": {"slot": 28, "place": 2, "group": 4}}, {"pk": 12, "model": "pingpong.grouptobrackettransition", "fields": {"slot": 31, "place": 1, "group": 2}}, {"pk": 13, "model": "pingpong.grouptobrackettransition", "fields": {"slot": 36, "place": 3, "group": 1}}, {"pk": 14, "model": "pingpong.grouptobrackettransition", "fields": {"slot": 39, "place": 4, "group": 3}}, {"pk": 15, "model": "pingpong.grouptobrackettransition", "fields": {"slot": 40, "place": 4, "group": 2}}, {"pk": 16, "model": "pingpong.grouptobrackettransition", "fields": {"slot": 43, "place": 3, "group": 5}}, {"pk": 17, "model": "pingpong.grouptobrackettransition", "fields": {"slot": 47, "place": 3, "group": 4}}, {"pk": 18, "model": "pingpong.grouptobrackettransition", "fields": {"slot": 51, "place": 3, "group": 3}}, {"pk": 19, "model": "pingpong.grouptobrackettransition", "fields": {"slot": 55, "place": 3, "group": 6}}, {"pk": 20, "model": "pingpong.grouptobrackettransition", "fields": {"slot": 58, "place": 4, "group": 1}}, {"pk": 21, "model": "pingpong.grouptobrackettransition", "fields": {"slot": 59, "place": 4, "group": 4}}, {"pk": 22, "model": "pingpong.grouptobrackettransition", "fields": {"slot": 62, "place": 3, "group": 2}}, {"pk": 23, "model": "pingpong.grouptobrackettransition", "fields": {"slot": 66, "place": 1, "group": 7}}, {"pk": 24, "model": "pingpong.grouptobrackettransition", "fields": {"slot": 69, "place": 1, "group": 9}}, {"pk": 25, "model": "pingpong.grouptobrackettransition", "fields": {"slot": 70, "place": 1, "group": 8}}, {"pk": 26, "model": "pingpong.grouptobrackettransition", "fields": {"slot": 81, "place": 3, "group": 7}}, {"pk": 27, "model": "pingpong.grouptobrackettransition", "fields": {"slot": 84, "place": 3, "group": 9}}, {"pk": 28, "model": "pingpong.grouptobrackettransition", "fields": {"slot": 85, "place": 3, "group": 8}}, {"pk": 29, "model": "pingpong.grouptobrackettransition", "fields": {"slot": 94, "place": 1, "group": 11}}, {"pk": 30, "model": "pingpong.grouptobrackettransition", "fields": {"slot": 95, "place": 2, "group": 11}}, {"pk": 31, "model": "pingpong.grouptobrackettransition", "fields": {"slot": 99, "place": 3, "group": 11}}, {"pk": 32, "model": "pingpong.grouptobrackettransition", "fields": {"slot": 100, "place": 9, "group": 11}}, {"pk": 33, "model": "pingpong.grouptobrackettransition", "fields": {"slot": 102, "place": 7, "group": 11}}, {"pk": 34, "model": "pingpong.grouptobrackettransition", "fields": {"slot": 103, "place": 5, "group": 11}}, {"pk": 35, "model": "pingpong.grouptobrackettransition", "fields": {"slot": 106, "place": 6, "group": 11}}, {"pk": 36, "model": "pingpong.grouptobrackettransition", "fields": {"slot": 107, "place": 8, "group": 11}}, {"pk": 37, "model": "pingpong.grouptobrackettransition", "fields": {"slot": 109, "place": 10, "group": 11}}, {"pk": 38, "model": "pingpong.grouptobrackettransition", "fields": {"slot": 110, "place": 4, "group": 11}}]